experiment,ambient_dim,intrinsic_dim,epsilon,sample_size,direction_family,direction_index,step,base_cost,curvature,curvature_per_n
support_growth_hessian,8,2,0.1,24,local,0,0.002604166667,0.0,0.2121228478,0.008838452
support_growth_hessian,8,2,0.1,24,local,1,0.002604166667,0.0,0.2343814231,0.0097658926
support_growth_hessian,8,2,0.1,24,local,2,0.002604166667,0.0,0.1084399665,0.0045183319
support_growth_hessian,8,2,0.1,24,local,3,0.002604166667,0.0,0.2004820165,0.0083534174
support_growth_hessian,8,2,0.1,24,local,4,0.002604166667,0.0,0.2207335427,0.0091972309
support_growth_hessian,8,2,0.1,24,local,5,0.002604166667,0.0,0.1012479074,0.0042186628
support_growth_hessian,8,2,0.1,24,local,6,0.002604166667,0.0,0.1904945712,0.0079372738
support_growth_hessian,8,2,0.1,24,local,7,0.002604166667,0.0,0.2093316938,0.0087221539
support_growth_hessian,8,2,0.1,24,local,8,0.002604166667,0.0,0.0951265152,0.0039636048
support_growth_hessian,8,2,0.1,24,local,9,0.002604166667,0.0,0.1819650397,0.0075818767
support_growth_hessian,8,2,0.1,24,local,10,0.002604166667,0.0,0.1998421877,0.0083267578
support_growth_hessian,8,2,0.1,24,local,11,0.002604166667,0.0,0.0899378843,0.0037474118
support_growth_hessian,8,2,0.1,24,local,12,0.002604166667,0.0,0.1747310798,0.0072804617
support_growth_hessian,8,2,0.1,24,local,13,0.002604166667,0.0,0.1919897563,0.0079995732
support_growth_hessian,8,2,0.1,24,local,14,0.002604166667,0.0,0.085567981,0.0035653325
support_growth_hessian,8,2,0.1,24,local,15,0.002604166667,0.0,0.168658529,0.0070274387
support_growth_hessian,8,2,0.1,24,local,16,0.002604166667,0.0,0.1855482448,0.0077311769
support_growth_hessian,8,2,0.1,24,local,17,0.002604166667,0.0,0.0819229417,0.0034134559
support_growth_hessian,8,2,0.1,24,local,18,0.002604166667,0.0,0.1636373958,0.0068182248
support_growth_hessian,8,2,0.1,24,local,19,0.002604166667,0.0,0.1803331678,0.007513882
support_growth_hessian,8,2,0.1,24,local,20,0.002604166667,0.0,0.0789260897,0.0032885871
support_growth_hessian,8,2,0.1,24,local,21,0.002604166667,0.0,0.1595786333,0.0066491097
support_growth_hessian,8,2,0.1,24,local,22,0.002604166667,0.0,0.1761957906,0.0073414913
support_growth_hessian,8,2,0.1,24,local,23,0.002604166667,0.0,0.0765155453,0.0031881477
support_growth_hessian,8,2,0.1,24,local,24,0.002604166667,0.0,0.15641157,0.0065171488
support_growth_hessian,8,2,0.1,24,local,25,0.002604166667,0.0,0.1730184691,0.0072091029
support_growth_hessian,8,2,0.1,24,local,26,0.002604166667,0.0,0.074642332,0.0031100972
support_growth_hessian,8,2,0.1,24,local,27,0.002604166667,0.0,0.154081901,0.0064200792
support_growth_hessian,8,2,0.1,24,local,28,0.002604166667,0.0,0.1707110431,0.0071129601
support_growth_hessian,8,2,0.1,24,local,29,0.002604166667,0.0,0.0732689007,0.0030528709
support_growth_hessian,8,2,0.1,24,local,30,0.002604166667,0.0,0.152550163,0.0063562568
support_growth_hessian,8,2,0.1,24,local,31,0.002604166667,0.0,0.1692081225,0.0070503384
support_growth_hessian,8,2,0.1,24,local,32,0.002604166667,0.0,0.0723680119,0.0030153338
support_growth_hessian,8,2,0.1,24,local,33,0.002604166667,0.0,0.1517906366,0.0063246099
support_growth_hessian,8,2,0.1,24,local,34,0.002604166667,0.0,0.1684671491,0.0070194645
support_growth_hessian,8,2,0.1,24,local,35,0.002604166667,0.0,0.0719219364,0.0029967473
support_growth_hessian,8,2,0.1,24,local,36,0.002604166667,0.0,0.1517906366,0.0063246099
support_growth_hessian,8,2,0.1,24,local,37,0.002604166667,0.0,0.1684671491,0.0070194645
support_growth_hessian,8,2,0.1,24,local,38,0.002604166667,0.0,0.0719219364,0.0029967473
support_growth_hessian,8,2,0.1,24,local,39,0.002604166667,0.0,0.152550163,0.0063562568
support_growth_hessian,8,2,0.1,24,local,40,0.002604166667,0.0,0.1692081225,0.0070503384
support_growth_hessian,8,2,0.1,24,local,41,0.002604166667,0.0,0.0723680119,0.0030153338
support_growth_hessian,8,2,0.1,24,local,42,0.002604166667,0.0,0.154081901,0.0064200792
support_growth_hessian,8,2,0.1,24,local,43,0.002604166667,0.0,0.1707110431,0.0071129601
support_growth_hessian,8,2,0.1,24,local,44,0.002604166667,0.0,0.0732689007,0.0030528709
support_growth_hessian,8,2,0.1,24,local,45,0.002604166667,0.0,0.15641157,0.0065171488
support_growth_hessian,8,2,0.1,24,local,46,0.002604166667,0.0,0.1730184691,0.0072091029
support_growth_hessian,8,2,0.1,24,local,47,0.002604166667,0.0,0.074642332,0.0031100972
support_growth_hessian,8,2,0.1,24,local,48,0.002604166667,0.0,0.1595786333,0.0066491097
support_growth_hessian,8,2,0.1,24,local,49,0.002604166667,0.0,0.1761957906,0.0073414913
support_growth_hessian,8,2,0.1,24,local,50,0.002604166667,0.0,0.0765155453,0.0031881477
support_growth_hessian,8,2,0.1,24,local,51,0.002604166667,0.0,0.1636373958,0.0068182248
support_growth_hessian,8,2,0.1,24,local,52,0.002604166667,0.0,0.1803331678,0.007513882
support_growth_hessian,8,2,0.1,24,local,53,0.002604166667,0.0,0.0789260897,0.0032885871
support_growth_hessian,8,2,0.1,24,local,54,0.002604166667,0.0,0.168658529,0.0070274387
support_growth_hessian,8,2,0.1,24,local,55,0.002604166667,0.0,0.1855482448,0.0077311769
support_growth_hessian,8,2,0.1,24,local,56,0.002604166667,0.0,0.0819229417,0.0034134559
support_growth_hessian,8,2,0.1,24,local,57,0.002604166667,0.0,0.1747310798,0.0072804617
support_growth_hessian,8,2,0.1,24,local,58,0.002604166667,0.0,0.1919897563,0.0079995732
support_growth_hessian,8,2,0.1,24,local,59,0.002604166667,0.0,0.085567981,0.0035653325
support_growth_hessian,8,2,0.1,24,local,60,0.002604166667,0.0,0.1819650397,0.0075818767
support_growth_hessian,8,2,0.1,24,local,61,0.002604166667,0.0,0.1998421877,0.0083267578
support_growth_hessian,8,2,0.1,24,local,62,0.002604166667,0.0,0.0899378843,0.0037474118
support_growth_hessian,8,2,0.1,24,local,63,0.002604166667,0.0,0.1904945712,0.0079372738
support_growth_hessian,8,2,0.1,24,local,64,0.002604166667,0.0,0.2093316938,0.0087221539
support_growth_hessian,8,2,0.1,24,local,65,0.002604166667,0.0,0.0951265152,0.0039636048
support_growth_hessian,8,2,0.1,24,local,66,0.002604166667,0.0,0.2004820165,0.0083534174
support_growth_hessian,8,2,0.1,24,local,67,0.002604166667,0.0,0.2207335427,0.0091972309
support_growth_hessian,8,2,0.1,24,local,68,0.002604166667,0.0,0.1012479074,0.0042186628
support_growth_hessian,8,2,0.1,24,local,69,0.002604166667,0.0,0.2121228478,0.008838452
support_growth_hessian,8,2,0.1,24,local,70,0.002604166667,0.0,0.2343814231,0.0097658926
support_growth_hessian,8,2,0.1,24,local,71,0.002604166667,0.0,0.1084399665,0.0045183319
support_growth_hessian,8,2,0.1,24,collective,0,0.002604166667,0.0,3.6053030584,0.1502209608
support_growth_hessian,8,2,0.1,24,collective,1,0.002604166667,0.0,3.4186489622,0.1424437068
support_growth_hessian,8,2,0.1,24,collective,2,0.002604166667,0.0,1.5003173844,0.0625132243
support_growth_hessian,8,2,0.1,48,local,0,0.001302083333,0.0,0.2126174025,0.0044295292
support_growth_hessian,8,2,0.1,48,local,1,0.001302083333,0.0,0.2345075678,0.0048855743
support_growth_hessian,8,2,0.1,48,local,2,0.001302083333,0.0,0.108782507,0.0022663022
support_growth_hessian,8,2,0.1,48,local,3,0.001302083333,0.0,0.2066347764,0.0043048912
support_growth_hessian,8,2,0.1,48,local,4,0.001302083333,0.0,0.227418338,0.004737882
support_growth_hessian,8,2,0.1,48,local,5,0.001302083333,0.0,0.1050733967,0.0021890291
support_growth_hessian,8,2,0.1,48,local,6,0.001302083333,0.0,0.2010806826,0.0041891809
support_growth_hessian,8,2,0.1,48,local,7,0.001302083333,0.0,0.2209233126,0.004602569
support_growth_hessian,8,2,0.1,48,local,8,0.001302083333,0.0,0.1016438159,0.0021175795
support_growth_hessian,8,2,0.1,48,local,9,0.001302083333,0.0,0.1959283548,0.0040818407
support_growth_hessian,8,2,0.1,48,local,10,0.001302083333,0.0,0.2149764325,0.0044786757
support_growth_hessian,8,2,0.1,48,local,11,0.001302083333,0.0,0.0984747982,0.0020515583
support_growth_hessian,8,2,0.1,48,local,12,0.001302083333,0.0,0.1911533206,0.0039823608
support_growth_hessian,8,2,0.1,48,local,13,0.001302083333,0.0,0.2095357403,0.0043653279
support_growth_hessian,8,2,0.1,48,local,14,0.001302083333,0.0,0.0955490425,0.0019906051
support_growth_hessian,8,2,0.1,48,local,15,0.001302083333,0.0,0.186733217,0.0038902754
support_growth_hessian,8,2,0.1,48,local,16,0.001302083333,0.0,0.2045630284,0.0042617298
support_growth_hessian,8,2,0.1,48,local,17,0.001302083333,0.0,0.0928507747,0.0019343911
support_growth_hessian,8,2,0.1,48,local,18,0.001302083333,0.0,0.1826476248,0.0038051588
support_growth_hessian,8,2,0.1,48,local,19,0.001302083333,0.0,0.2000235235,0.0041671567
support_growth_hessian,8,2,0.1,48,local,20,0.001302083333,0.0,0.0903656224,0.0018826171
support_growth_hessian,8,2,0.1,48,local,21,0.001302083333,0.0,0.1788779175,0.0037266233
support_growth_hessian,8,2,0.1,48,local,22,0.001302083333,0.0,0.1958856024,0.00408095
support_growth_hessian,8,2,0.1,48,local,23,0.001302083333,0.0,0.0880805027,0.0018350105
support_growth_hessian,8,2,0.1,48,local,24,0.001302083333,0.0,0.1754071266,0.0036543151
support_growth_hessian,8,2,0.1,48,local,25,0.001302083333,0.0,0.1921205377,0.0040025112
support_growth_hessian,8,2,0.1,48,local,26,0.001302083333,0.0,0.08598352,0.0017913233
support_growth_hessian,8,2,0.1,48,local,27,0.001302083333,0.0,0.1722198182,0.0035879129
support_growth_hessian,8,2,0.1,48,local,28,0.001302083333,0.0,0.1887022694,0.0039312973
support_growth_hessian,8,2,0.1,48,local,29,0.001302083333,0.0,0.0840638755,0.0017513307
support_growth_hessian,8,2,0.1,48,local,30,0.001302083333,0.0,0.1693019834,0.0035271247
support_growth_hessian,8,2,0.1,48,local,31,0.001302083333,0.0,0.1856072008,0.0038668167
support_growth_hessian,8,2,0.1,48,local,32,0.001302083333,0.0,0.0823117848,0.0017148289
support_growth_hessian,8,2,0.1,48,local,33,0.001302083333,0.0,0.1666409389,0.0034716862
support_growth_hessian,8,2,0.1,48,local,34,0.001302083333,0.0,0.1828140151,0.0038086253
support_growth_hessian,8,2,0.1,48,local,35,0.001302083333,0.0,0.0807184041,0.0016816334
support_growth_hessian,8,2,0.1,48,local,36,0.001302083333,0.0,0.1642252381,0.0034213591
support_growth_hessian,8,2,0.1,48,local,37,0.001302083333,0.0,0.1803035132,0.0037563232
support_growth_hessian,8,2,0.1,48,local,38,0.001302083333,0.0,0.0792757647,0.0016515784
support_growth_hessian,8,2,0.1,48,local,39,0.001302083333,0.0,0.1620445911,0.003375929
support_growth_hessian,8,2,0.1,48,local,40,0.001302083333,0.0,0.1780584677,0.0037095514
support_growth_hessian,8,2,0.1,48,local,41,0.001302083333,0.0,0.0779767145,0.0016245149
support_growth_hessian,8,2,0.1,48,local,42,0.001302083333,0.0,0.1600897939,0.003335204
support_growth_hessian,8,2,0.1,48,local,43,0.001302083333,0.0,0.1760634948,0.0036679895
support_growth_hessian,8,2,0.1,48,local,44,0.001302083333,0.0,0.0768148622,0.0016003096
support_growth_hessian,8,2,0.1,48,local,45,0.001302083333,0.0,0.1583526654,0.0032990139
support_growth_hessian,8,2,0.1,48,local,46,0.001302083333,0.0,0.17430494,0.0036313529
support_growth_hessian,8,2,0.1,48,local,47,0.001302083333,0.0,0.0757845367,0.0015788445
support_growth_hessian,8,2,0.1,48,local,48,0.001302083333,0.0,0.1568259914,0.0032672082
support_growth_hessian,8,2,0.1,48,local,49,0.001302083333,0.0,0.1727707785,0.0035993912
support_growth_hessian,8,2,0.1,48,local,50,0.001302083333,0.0,0.074880742,0.0015600155
support_growth_hessian,8,2,0.1,48,local,51,0.001302083333,0.0,0.1555034758,0.0032396557
support_growth_hessian,8,2,0.1,48,local,52,0.001302083333,0.0,0.1714505276,0.003571886
support_growth_hessian,8,2,0.1,48,local,53,0.001302083333,0.0,0.0740991221,0.0015437317
support_growth_hessian,8,2,0.1,48,local,54,0.001302083333,0.0,0.1543796983,0.0032162437
support_growth_hessian,8,2,0.1,48,local,55,0.001302083333,0.0,0.170335172,0.0035486494
support_growth_hessian,8,2,0.1,48,local,56,0.001302083333,0.0,0.0734359313,0.0015299152
support_growth_hessian,8,2,0.1,48,local,57,0.001302083333,0.0,0.1534500781,0.0031968766
support_growth_hessian,8,2,0.1,48,local,58,0.001302083333,0.0,0.1694170987,0.0035295229
support_growth_hessian,8,2,0.1,48,local,59,0.001302083333,0.0,0.0728880055,0.0015185001
support_growth_hessian,8,2,0.1,48,local,60,0.001302083333,0.0,0.1527108434,0.0031814759
support_growth_hessian,8,2,0.1,48,local,61,0.001302083333,0.0,0.1686900434,0.0035143759
support_growth_hessian,8,2,0.1,48,local,62,0.001302083333,0.0,0.0724527416,0.0015094321
support_growth_hessian,8,2,0.1,48,local,63,0.001302083333,0.0,0.1521590063,0.0031699793
support_growth_hessian,8,2,0.1,48,local,64,0.001302083333,0.0,0.1681490468,0.0035031051
support_growth_hessian,8,2,0.1,48,local,65,0.001302083333,0.0,0.0721280784,0.0015026683
support_growth_hessian,8,2,0.1,48,local,66,0.001302083333,0.0,0.1517923428,0.0031623405
support_growth_hessian,8,2,0.1,48,local,67,0.001302083333,0.0,0.167790419,0.0034956337
support_growth_hessian,8,2,0.1,48,local,68,0.001302083333,0.0,0.0719124826,0.0014981767
support_growth_hessian,8,2,0.1,48,local,69,0.001302083333,0.0,0.1516093784,0.0031585287
support_growth_hessian,8,2,0.1,48,local,70,0.001302083333,0.0,0.1676117144,0.0034919107
support_growth_hessian,8,2,0.1,48,local,71,0.001302083333,0.0,0.0718049379,0.0014959362
support_growth_hessian,8,2,0.1,48,local,72,0.001302083333,0.0,0.1516093784,0.0031585287
support_growth_hessian,8,2,0.1,48,local,73,0.001302083333,0.0,0.1676117144,0.0034919107
support_growth_hessian,8,2,0.1,48,local,74,0.001302083333,0.0,0.0718049379,0.0014959362
support_growth_hessian,8,2,0.1,48,local,75,0.001302083333,0.0,0.1517923428,0.0031623405
support_growth_hessian,8,2,0.1,48,local,76,0.001302083333,0.0,0.167790419,0.0034956337
support_growth_hessian,8,2,0.1,48,local,77,0.001302083333,0.0,0.0719124826,0.0014981767
support_growth_hessian,8,2,0.1,48,local,78,0.001302083333,0.0,0.1521590063,0.0031699793
support_growth_hessian,8,2,0.1,48,local,79,0.001302083333,0.0,0.1681490468,0.0035031051
support_growth_hessian,8,2,0.1,48,local,80,0.001302083333,0.0,0.0721280784,0.0015026683
support_growth_hessian,8,2,0.1,48,local,81,0.001302083333,0.0,0.1527108434,0.0031814759
support_growth_hessian,8,2,0.1,48,local,82,0.001302083333,0.0,0.1686900435,0.0035143759
support_growth_hessian,8,2,0.1,48,local,83,0.001302083333,0.0,0.0724527416,0.0015094321
support_growth_hessian,8,2,0.1,48,local,84,0.001302083333,0.0,0.1534500781,0.0031968766
support_growth_hessian,8,2,0.1,48,local,85,0.001302083333,0.0,0.1694170987,0.0035295229
support_growth_hessian,8,2,0.1,48,local,86,0.001302083333,0.0,0.0728880055,0.0015185001
support_growth_hessian,8,2,0.1,48,local,87,0.001302083333,0.0,0.1543796983,0.0032162437
support_growth_hessian,8,2,0.1,48,local,88,0.001302083333,0.0,0.170335172,0.0035486494
support_growth_hessian,8,2,0.1,48,local,89,0.001302083333,0.0,0.0734359313,0.0015299152
support_growth_hessian,8,2,0.1,48,local,90,0.001302083333,0.0,0.1555034758,0.0032396557
support_growth_hessian,8,2,0.1,48,local,91,0.001302083333,0.0,0.1714505276,0.003571886
support_growth_hessian,8,2,0.1,48,local,92,0.001302083333,0.0,0.0740991221,0.0015437317
support_growth_hessian,8,2,0.1,48,local,93,0.001302083333,0.0,0.1568259914,0.0032672082
support_growth_hessian,8,2,0.1,48,local,94,0.001302083333,0.0,0.1727707785,0.0035993912
support_growth_hessian,8,2,0.1,48,local,95,0.001302083333,0.0,0.074880742,0.0015600155
support_growth_hessian,8,2,0.1,48,local,96,0.001302083333,0.0,0.1583526655,0.0032990139
support_growth_hessian,8,2,0.1,48,local,97,0.001302083333,0.0,0.17430494,0.0036313529
support_growth_hessian,8,2,0.1,48,local,98,0.001302083333,0.0,0.0757845367,0.0015788445
support_growth_hessian,8,2,0.1,48,local,99,0.001302083333,0.0,0.1600897939,0.003335204
support_growth_hessian,8,2,0.1,48,local,100,0.001302083333,0.0,0.1760634948,0.0036679895
support_growth_hessian,8,2,0.1,48,local,101,0.001302083333,0.0,0.0768148622,0.0016003096
support_growth_hessian,8,2,0.1,48,local,102,0.001302083333,0.0,0.1620445911,0.003375929
support_growth_hessian,8,2,0.1,48,local,103,0.001302083333,0.0,0.1780584677,0.0037095514
support_growth_hessian,8,2,0.1,48,local,104,0.001302083333,0.0,0.0779767145,0.0016245149
support_growth_hessian,8,2,0.1,48,local,105,0.001302083333,0.0,0.1642252381,0.0034213591
support_growth_hessian,8,2,0.1,48,local,106,0.001302083333,0.0,0.1803035132,0.0037563232
support_growth_hessian,8,2,0.1,48,local,107,0.001302083333,0.0,0.0792757647,0.0016515784
support_growth_hessian,8,2,0.1,48,local,108,0.001302083333,0.0,0.1666409389,0.0034716862
support_growth_hessian,8,2,0.1,48,local,109,0.001302083333,0.0,0.1828140151,0.0038086253
support_growth_hessian,8,2,0.1,48,local,110,0.001302083333,0.0,0.0807184042,0.0016816334
support_growth_hessian,8,2,0.1,48,local,111,0.001302083333,0.0,0.1693019834,0.0035271247
support_growth_hessian,8,2,0.1,48,local,112,0.001302083333,0.0,0.1856072008,0.0038668167
support_growth_hessian,8,2,0.1,48,local,113,0.001302083333,0.0,0.0823117848,0.0017148289
support_growth_hessian,8,2,0.1,48,local,114,0.001302083333,0.0,0.1722198182,0.0035879129
support_growth_hessian,8,2,0.1,48,local,115,0.001302083333,0.0,0.1887022694,0.0039312973
support_growth_hessian,8,2,0.1,48,local,116,0.001302083333,0.0,0.0840638755,0.0017513307
support_growth_hessian,8,2,0.1,48,local,117,0.001302083333,0.0,0.1754071266,0.0036543151
support_growth_hessian,8,2,0.1,48,local,118,0.001302083333,0.0,0.1921205377,0.0040025112
support_growth_hessian,8,2,0.1,48,local,119,0.001302083333,0.0,0.08598352,0.0017913233
support_growth_hessian,8,2,0.1,48,local,120,0.001302083333,0.0,0.1788779175,0.0037266233
support_growth_hessian,8,2,0.1,48,local,121,0.001302083333,0.0,0.1958856024,0.00408095
support_growth_hessian,8,2,0.1,48,local,122,0.001302083333,0.0,0.0880805027,0.0018350105
support_growth_hessian,8,2,0.1,48,local,123,0.001302083333,0.0,0.1826476248,0.0038051588
support_growth_hessian,8,2,0.1,48,local,124,0.001302083333,0.0,0.2000235235,0.0041671567
support_growth_hessian,8,2,0.1,48,local,125,0.001302083333,0.0,0.0903656224,0.0018826171
support_growth_hessian,8,2,0.1,48,local,126,0.001302083333,0.0,0.186733217,0.0038902754
support_growth_hessian,8,2,0.1,48,local,127,0.001302083333,0.0,0.2045630284,0.0042617298
support_growth_hessian,8,2,0.1,48,local,128,0.001302083333,0.0,0.0928507747,0.0019343911
support_growth_hessian,8,2,0.1,48,local,129,0.001302083333,0.0,0.1911533206,0.0039823608
support_growth_hessian,8,2,0.1,48,local,130,0.001302083333,0.0,0.2095357403,0.0043653279
support_growth_hessian,8,2,0.1,48,local,131,0.001302083333,0.0,0.0955490425,0.0019906051
support_growth_hessian,8,2,0.1,48,local,132,0.001302083333,0.0,0.1959283548,0.0040818407
support_growth_hessian,8,2,0.1,48,local,133,0.001302083333,0.0,0.2149764325,0.0044786757
support_growth_hessian,8,2,0.1,48,local,134,0.001302083333,0.0,0.0984747982,0.0020515583
support_growth_hessian,8,2,0.1,48,local,135,0.001302083333,0.0,0.2010806826,0.0041891809
support_growth_hessian,8,2,0.1,48,local,136,0.001302083333,0.0,0.2209233126,0.004602569
support_growth_hessian,8,2,0.1,48,local,137,0.001302083333,0.0,0.1016438159,0.0021175795
support_growth_hessian,8,2,0.1,48,local,138,0.001302083333,0.0,0.2066347764,0.0043048912
support_growth_hessian,8,2,0.1,48,local,139,0.001302083333,0.0,0.2274183379,0.004737882
support_growth_hessian,8,2,0.1,48,local,140,0.001302083333,0.0,0.1050733967,0.0021890291
support_growth_hessian,8,2,0.1,48,local,141,0.001302083333,0.0,0.2126174025,0.0044295292
support_growth_hessian,8,2,0.1,48,local,142,0.001302083333,0.0,0.2345075678,0.0048855743
support_growth_hessian,8,2,0.1,48,local,143,0.001302083333,0.0,0.108782507,0.0022663022
support_growth_hessian,8,2,0.1,48,collective,0,0.001302083333,0.0,7.2105640638,0.1502200847
support_growth_hessian,8,2,0.1,48,collective,1,0.001302083333,0.0,6.8505085495,0.1427189281
support_growth_hessian,8,2,0.1,48,collective,2,0.001302083333,0.0,3.0158235188,0.0628296566
support_growth_hessian,8,2,0.1,96,local,0,0.000651041667,0.0,0.2128621304,0.0022173139
support_growth_hessian,8,2,0.1,96,local,1,0.000651041667,0.0,0.2345784254,0.0024435253
support_growth_hessian,8,2,0.1,96,local,2,0.000651041667,0.0,0.1089516735,0.0011349133
support_growth_hessian,8,2,0.1,96,local,3,0.000651041667,0.0,0.2098306173,0.0021857356
support_growth_hessian,8,2,0.1,96,local,4,0.000651041667,0.0,0.230967157,0.0024059079
support_growth_hessian,8,2,0.1,96,local,5,0.000651041667,0.0,0.1070689667,0.0011153017
support_growth_hessian,8,2,0.1,96,local,6,0.000651041667,0.0,0.2069082265,0.002155294
support_growth_hessian,8,2,0.1,96,local,7,0.000651041667,0.0,0.2275086898,0.0023698822
support_growth_hessian,8,2,0.1,96,local,8,0.000651041667,0.0,0.1052576913,0.0010964343
support_growth_hessian,8,2,0.1,96,local,9,0.000651041667,0.0,0.2040914608,0.0021259527
support_growth_hessian,8,2,0.1,96,local,10,0.000651041667,0.0,0.2241969811,0.0023353852
support_growth_hessian,8,2,0.1,96,local,11,0.000651041667,0.0,0.1035153636,0.001078285
support_growth_hessian,8,2,0.1,96,local,12,0.000651041667,0.0,0.201376974,0.0020976768
support_growth_hessian,8,2,0.1,96,local,13,0.000651041667,0.0,0.2210262604,0.0023023569
support_growth_hessian,8,2,0.1,96,local,14,0.000651041667,0.0,0.1018396101,0.0010608293
support_growth_hessian,8,2,0.1,96,local,15,0.000651041667,0.0,0.1987615651,0.002070433
support_growth_hessian,8,2,0.1,96,local,16,0.000651041667,0.0,0.2179910172,0.0022707398
support_growth_hessian,8,2,0.1,96,local,17,0.000651041667,0.0,0.1002281626,0.0010440434
support_growth_hessian,8,2,0.1,96,local,18,0.000651041667,0.0,0.1962421716,0.0020441893
support_growth_hessian,8,2,0.1,96,local,19,0.000651041667,0.0,0.2150859896,0.0022404791
support_growth_hessian,8,2,0.1,96,local,20,0.000651041667,0.0,0.0986788541,0.0010279047
support_growth_hessian,8,2,0.1,96,local,21,0.000651041667,0.0,0.1938158646,0.0020189153
support_growth_hessian,8,2,0.1,96,local,22,0.000651041667,0.0,0.2123061535,0.0022115224
support_growth_hessian,8,2,0.1,96,local,23,0.000651041667,0.0,0.0971896139,0.0010123918
support_growth_hessian,8,2,0.1,96,local,24,0.000651041667,0.0,0.1914798427,0.0019945817
support_growth_hessian,8,2,0.1,96,local,25,0.000651041667,0.0,0.2096467126,0.0021838199
support_growth_hessian,8,2,0.1,96,local,26,0.000651041667,0.0,0.0957584641,0.000997484
support_growth_hessian,8,2,0.1,96,local,27,0.000651041667,0.0,0.1892314275,0.0019711607
support_growth_hessian,8,2,0.1,96,local,28,0.000651041667,0.0,0.2071030879,0.0021573238
support_growth_hessian,8,2,0.1,96,local,29,0.000651041667,0.0,0.0943835155,0.0009831616
support_growth_hessian,8,2,0.1,96,local,30,0.000651041667,0.0,0.1870680583,0.0019486256
support_growth_hessian,8,2,0.1,96,local,31,0.000651041667,0.0,0.2046709093,0.0021319886
support_growth_hessian,8,2,0.1,96,local,32,0.000651041667,0.0,0.0930629638,0.0009694059
support_growth_hessian,8,2,0.1,96,local,33,0.000651041667,0.0,0.1849872877,0.0019269509
support_growth_hessian,8,2,0.1,96,local,34,0.000651041667,0.0,0.2023460061,0.0021077709
support_growth_hessian,8,2,0.1,96,local,35,0.000651041667,0.0,0.0917950864,0.0009561988
support_growth_hessian,8,2,0.1,96,local,36,0.000651041667,0.0,0.1829867771,0.0019061123
support_growth_hessian,8,2,0.1,96,local,37,0.000651041667,0.0,0.2001243993,0.0020846292
support_growth_hessian,8,2,0.1,96,local,38,0.000651041667,0.0,0.0905782391,0.0009435233
support_growth_hessian,8,2,0.1,96,local,39,0.000651041667,0.0,0.1810642925,0.0018860864
support_growth_hessian,8,2,0.1,96,local,40,0.000651041667,0.0,0.1980022933,0.0020625239
support_growth_hessian,8,2,0.1,96,local,41,0.000651041667,0.0,0.0894108526,0.000931363
support_growth_hessian,8,2,0.1,96,local,42,0.000651041667,0.0,0.1792177005,0.001866851
support_growth_hessian,8,2,0.1,96,local,43,0.000651041667,0.0,0.1959760686,0.0020414174
support_growth_hessian,8,2,0.1,96,local,44,0.000651041667,0.0,0.088291428,0.0009197024
support_growth_hessian,8,2,0.1,96,local,45,0.000651041667,0.0,0.1774449646,0.001848385
support_growth_hessian,8,2,0.1,96,local,46,0.000651041667,0.0,0.1940422746,0.0020212737
support_growth_hessian,8,2,0.1,96,local,47,0.000651041667,0.0,0.0872185415,0.0009085265
support_growth_hessian,8,2,0.1,96,local,48,0.000651041667,0.0,0.1757441416,0.0018306681
support_growth_hessian,8,2,0.1,96,local,49,0.000651041667,0.0,0.192197623,0.0020020586
support_growth_hessian,8,2,0.1,96,local,50,0.000651041667,0.0,0.08619083,0.0008978211
support_growth_hessian,8,2,0.1,96,local,51,0.000651041667,0.0,0.1741133781,0.001813681
support_growth_hessian,8,2,0.1,96,local,52,0.000651041667,0.0,0.1904389816,0.0019837394
support_growth_hessian,8,2,0.1,96,local,53,0.000651041667,0.0,0.0852069967,0.0008875729
support_growth_hessian,8,2,0.1,96,local,54,0.000651041667,0.0,0.1725509072,0.0017974053
support_growth_hessian,8,2,0.1,96,local,55,0.000651041667,0.0,0.1887633681,0.0019662851
support_growth_hessian,8,2,0.1,96,local,56,0.000651041667,0.0,0.0842658064,0.0008777688
support_growth_hessian,8,2,0.1,96,local,57,0.000651041667,0.0,0.1710550457,0.0017818234
support_growth_hessian,8,2,0.1,96,local,58,0.000651041667,0.0,0.1871679441,0.0019496661
support_growth_hessian,8,2,0.1,96,local,59,0.000651041667,0.0,0.0833660831,0.0008683967
support_growth_hessian,8,2,0.1,96,local,60,0.000651041667,0.0,0.169624191,0.0017669187
support_growth_hessian,8,2,0.1,96,local,61,0.000651041667,0.0,0.1856500107,0.0019338543
support_growth_hessian,8,2,0.1,96,local,62,0.000651041667,0.0,0.0825067084,0.0008594449
support_growth_hessian,8,2,0.1,96,local,63,0.000651041667,0.0,0.1682568182,0.0017526752
support_growth_hessian,8,2,0.1,96,local,64,0.000651041667,0.0,0.1842070022,0.0019188229
support_growth_hessian,8,2,0.1,96,local,65,0.000651041667,0.0,0.0816866189,0.0008509023
support_growth_hessian,8,2,0.1,96,local,66,0.000651041667,0.0,0.1669514777,0.0017390779
support_growth_hessian,8,2,0.1,96,local,67,0.000651041667,0.0,0.1828364822,0.0019045467
support_growth_hessian,8,2,0.1,96,local,68,0.000651041667,0.0,0.0809048044,0.0008427584
support_growth_hessian,8,2,0.1,96,local,69,0.000651041667,0.0,0.1657067926,0.0017261124
support_growth_hessian,8,2,0.1,96,local,70,0.000651041667,0.0,0.1815361389,0.0018910014
support_growth_hessian,8,2,0.1,96,local,71,0.000651041667,0.0,0.0801603064,0.0008350032
support_growth_hessian,8,2,0.1,96,local,72,0.000651041667,0.0,0.1645214566,0.0017137652
support_growth_hessian,8,2,0.1,96,local,73,0.000651041667,0.0,0.1803037804,0.0018781644
support_growth_hessian,8,2,0.1,96,local,74,0.000651041667,0.0,0.0794522157,0.0008276272
support_growth_hessian,8,2,0.1,96,local,75,0.000651041667,0.0,0.1633942311,0.0017020232
support_growth_hessian,8,2,0.1,96,local,76,0.000651041667,0.0,0.179137331,0.0018660139
support_growth_hessian,8,2,0.1,96,local,77,0.000651041667,0.0,0.0787796715,0.0008206216
support_growth_hessian,8,2,0.1,96,local,78,0.000651041667,0.0,0.1623239442,0.0016908744
support_growth_hessian,8,2,0.1,96,local,79,0.000651041667,0.0,0.1780348274,0.0018545295
support_growth_hessian,8,2,0.1,96,local,80,0.000651041667,0.0,0.0781418592,0.0008139777
support_growth_hessian,8,2,0.1,96,local,81,0.000651041667,0.0,0.1613094876,0.0016803072
support_growth_hessian,8,2,0.1,96,local,82,0.000651041667,0.0,0.1769944154,0.0018436918
support_growth_hessian,8,2,0.1,96,local,83,0.000651041667,0.0,0.0775380094,0.0008076876
support_growth_hessian,8,2,0.1,96,local,84,0.000651041667,0.0,0.1603498154,0.0016703106
support_growth_hessian,8,2,0.1,96,local,85,0.000651041667,0.0,0.1760143457,0.0018334828
support_growth_hessian,8,2,0.1,96,local,86,0.000651041667,0.0,0.0769673964,0.0008017437
support_growth_hessian,8,2,0.1,96,local,87,0.000651041667,0.0,0.1594439423,0.0016608744
support_growth_hessian,8,2,0.1,96,local,88,0.000651041667,0.0,0.1750929715,0.0018238851
support_growth_hessian,8,2,0.1,96,local,89,0.000651041667,0.0,0.0764293369,0.0007961389
support_growth_hessian,8,2,0.1,96,local,90,0.000651041667,0.0,0.1585909417,0.001651989
support_growth_hessian,8,2,0.1,96,local,91,0.000651041667,0.0,0.1742287457,0.0018148828
support_growth_hessian,8,2,0.1,96,local,92,0.000651041667,0.0,0.0759231886,0.0007908665
support_growth_hessian,8,2,0.1,96,local,93,0.000651041667,0.0,0.1577899444,0.0016436453
support_growth_hessian,8,2,0.1,96,local,94,0.000651041667,0.0,0.1734202171,0.0018064606
support_growth_hessian,8,2,0.1,96,local,95,0.000651041667,0.0,0.0754483495,0.0007859203
support_growth_hessian,8,2,0.1,96,local,96,0.000651041667,0.0,0.1570401369,0.0016358348
support_growth_hessian,8,2,0.1,96,local,97,0.000651041667,0.0,0.1726660292,0.0017986045
support_growth_hessian,8,2,0.1,96,local,98,0.000651041667,0.0,0.0750042563,0.0007812943
support_growth_hessian,8,2,0.1,96,local,99,0.000651041667,0.0,0.1563407604,0.0016285496
support_growth_hessian,8,2,0.1,96,local,100,0.000651041667,0.0,0.1719649165,0.0017913012
support_growth_hessian,8,2,0.1,96,local,101,0.000651041667,0.0,0.0745903839,0.0007769832
support_growth_hessian,8,2,0.1,96,local,102,0.000651041667,0.0,0.1556911094,0.0016217824
support_growth_hessian,8,2,0.1,96,local,103,0.000651041667,0.0,0.1713157033,0.0017845386
support_growth_hessian,8,2,0.1,96,local,104,0.000651041667,0.0,0.0742062444,0.0007729817
support_growth_hessian,8,2,0.1,96,local,105,0.000651041667,0.0,0.1550905302,0.0016155264
support_growth_hessian,8,2,0.1,96,local,106,0.000651041667,0.0,0.1707173011,0.0017783052
support_growth_hessian,8,2,0.1,96,local,107,0.000651041667,0.0,0.0738513857,0.0007692853
support_growth_hessian,8,2,0.1,96,local,108,0.000651041667,0.0,0.1545384204,0.0016097752
support_growth_hessian,8,2,0.1,96,local,109,0.000651041667,0.0,0.1701687067,0.0017725907
support_growth_hessian,8,2,0.1,96,local,110,0.000651041667,0.0,0.0735253916,0.0007658895
support_growth_hessian,8,2,0.1,96,local,111,0.000651041667,0.0,0.1540342276,0.0016045232
support_growth_hessian,8,2,0.1,96,local,112,0.000651041667,0.0,0.1696690006,0.0017673854
support_growth_hessian,8,2,0.1,96,local,113,0.000651041667,0.0,0.0732278805,0.0007627904
support_growth_hessian,8,2,0.1,96,local,114,0.000651041667,0.0,0.1535774484,0.0015997651
support_growth_hessian,8,2,0.1,96,local,115,0.000651041667,0.0,0.1692173456,0.0017626807
support_growth_hessian,8,2,0.1,96,local,116,0.000651041667,0.0,0.0729585046,0.0007599844
support_growth_hessian,8,2,0.1,96,local,117,0.000651041667,0.0,0.153167628,0.0015954961
support_growth_hessian,8,2,0.1,96,local,118,0.000651041667,0.0,0.1688129848,0.0017584686
support_growth_hessian,8,2,0.1,96,local,119,0.000651041667,0.0,0.0727169499,0.0007574682
support_growth_hessian,8,2,0.1,96,local,120,0.000651041667,0.0,0.1528043588,0.0015917121
support_growth_hessian,8,2,0.1,96,local,121,0.000651041667,0.0,0.1684552409,0.0017547421
support_growth_hessian,8,2,0.1,96,local,122,0.000651041667,0.0,0.0725029353,0.0007552389
support_growth_hessian,8,2,0.1,96,local,123,0.000651041667,0.0,0.1524872803,0.0015884092
support_growth_hessian,8,2,0.1,96,local,124,0.000651041667,0.0,0.1681435145,0.0017514949
support_growth_hessian,8,2,0.1,96,local,125,0.000651041667,0.0,0.072316212,0.0007532939
support_growth_hessian,8,2,0.1,96,local,126,0.000651041667,0.0,0.1522160786,0.0015855842
support_growth_hessian,8,2,0.1,96,local,127,0.000651041667,0.0,0.1678772837,0.0017487217
support_growth_hessian,8,2,0.1,96,local,128,0.000651041667,0.0,0.0721565631,0.0007516309
support_growth_hessian,8,2,0.1,96,local,129,0.000651041667,0.0,0.151990485,0.0015832342
support_growth_hessian,8,2,0.1,96,local,130,0.000651041667,0.0,0.1676561023,0.0017464177
support_growth_hessian,8,2,0.1,96,local,131,0.000651041667,0.0,0.0720238037,0.000750248
support_growth_hessian,8,2,0.1,96,local,132,0.000651041667,0.0,0.1518102768,0.0015813571
support_growth_hessian,8,2,0.1,96,local,133,0.000651041667,0.0,0.1674796001,0.0017445792
support_growth_hessian,8,2,0.1,96,local,134,0.000651041667,0.0,0.07191778,0.0007491435
support_growth_hessian,8,2,0.1,96,local,135,0.000651041667,0.0,0.151675276,0.0015799508
support_growth_hessian,8,2,0.1,96,local,136,0.000651041667,0.0,0.1673474814,0.0017432029
support_growth_hessian,8,2,0.1,96,local,137,0.000651041667,0.0,0.0718383693,0.0007483163
support_growth_hessian,8,2,0.1,96,local,138,0.000651041667,0.0,0.1515853493,0.0015790141
support_growth_hessian,8,2,0.1,96,local,139,0.000651041667,0.0,0.167259525,0.0017422867
support_growth_hessian,8,2,0.1,96,local,140,0.000651041667,0.0,0.0717854799,0.0007477654
support_growth_hessian,8,2,0.1,96,local,141,0.000651041667,0.0,0.1515404081,0.0015785459
support_growth_hessian,8,2,0.1,96,local,142,0.000651041667,0.0,0.1672155836,0.001741829
support_growth_hessian,8,2,0.1,96,local,143,0.000651041667,0.0,0.0717590849,0.0007474905
support_growth_hessian,8,2,0.1,96,local,144,0.000651041667,0.0,0.1515404081,0.0015785459
support_growth_hessian,8,2,0.1,96,local,145,0.000651041667,0.0,0.1672155836,0.001741829
support_growth_hessian,8,2,0.1,96,local,146,0.000651041667,0.0,0.0717590849,0.0007474905
support_growth_hessian,8,2,0.1,96,local,147,0.000651041667,0.0,0.1515853493,0.0015790141
support_growth_hessian,8,2,0.1,96,local,148,0.000651041667,0.0,0.167259525,0.0017422867
support_growth_hessian,8,2,0.1,96,local,149,0.000651041667,0.0,0.0717854798,0.0007477654
support_growth_hessian,8,2,0.1,96,local,150,0.000651041667,0.0,0.151675276,0.0015799508
support_growth_hessian,8,2,0.1,96,local,151,0.000651041667,0.0,0.1673474814,0.0017432029
support_growth_hessian,8,2,0.1,96,local,152,0.000651041667,0.0,0.0718383693,0.0007483163
support_growth_hessian,8,2,0.1,96,local,153,0.000651041667,0.0,0.1518102768,0.0015813571
support_growth_hessian,8,2,0.1,96,local,154,0.000651041667,0.0,0.1674796001,0.0017445792
support_growth_hessian,8,2,0.1,96,local,155,0.000651041667,0.0,0.0719177801,0.0007491435
support_growth_hessian,8,2,0.1,96,local,156,0.000651041667,0.0,0.151990485,0.0015832342
support_growth_hessian,8,2,0.1,96,local,157,0.000651041667,0.0,0.1676561023,0.0017464177
support_growth_hessian,8,2,0.1,96,local,158,0.000651041667,0.0,0.0720238038,0.000750248
support_growth_hessian,8,2,0.1,96,local,159,0.000651041667,0.0,0.1522160786,0.0015855842
support_growth_hessian,8,2,0.1,96,local,160,0.000651041667,0.0,0.1678772837,0.0017487217
support_growth_hessian,8,2,0.1,96,local,161,0.000651041667,0.0,0.0721565631,0.0007516309
support_growth_hessian,8,2,0.1,96,local,162,0.000651041667,0.0,0.1524872803,0.0015884092
support_growth_hessian,8,2,0.1,96,local,163,0.000651041667,0.0,0.1681435146,0.0017514949
support_growth_hessian,8,2,0.1,96,local,164,0.000651041667,0.0,0.0723162119,0.0007532939
support_growth_hessian,8,2,0.1,96,local,165,0.000651041667,0.0,0.1528043588,0.0015917121
support_growth_hessian,8,2,0.1,96,local,166,0.000651041667,0.0,0.1684552409,0.0017547421
support_growth_hessian,8,2,0.1,96,local,167,0.000651041667,0.0,0.0725029353,0.0007552389
support_growth_hessian,8,2,0.1,96,local,168,0.000651041667,0.0,0.153167628,0.0015954961
support_growth_hessian,8,2,0.1,96,local,169,0.000651041667,0.0,0.1688129848,0.0017584686
support_growth_hessian,8,2,0.1,96,local,170,0.000651041667,0.0,0.07271695,0.0007574682
support_growth_hessian,8,2,0.1,96,local,171,0.000651041667,0.0,0.1535774484,0.0015997651
support_growth_hessian,8,2,0.1,96,local,172,0.000651041667,0.0,0.1692173456,0.0017626807
support_growth_hessian,8,2,0.1,96,local,173,0.000651041667,0.0,0.0729585046,0.0007599844
support_growth_hessian,8,2,0.1,96,local,174,0.000651041667,0.0,0.1540342276,0.0016045232
support_growth_hessian,8,2,0.1,96,local,175,0.000651041667,0.0,0.1696690006,0.0017673854
support_growth_hessian,8,2,0.1,96,local,176,0.000651041667,0.0,0.0732278805,0.0007627904
support_growth_hessian,8,2,0.1,96,local,177,0.000651041667,0.0,0.1545384204,0.0016097752
support_growth_hessian,8,2,0.1,96,local,178,0.000651041667,0.0,0.1701687067,0.0017725907
support_growth_hessian,8,2,0.1,96,local,179,0.000651041667,0.0,0.0735253917,0.0007658895
support_growth_hessian,8,2,0.1,96,local,180,0.000651041667,0.0,0.1550905302,0.0016155264
support_growth_hessian,8,2,0.1,96,local,181,0.000651041667,0.0,0.1707173011,0.0017783052
support_growth_hessian,8,2,0.1,96,local,182,0.000651041667,0.0,0.0738513858,0.0007692853
support_growth_hessian,8,2,0.1,96,local,183,0.000651041667,0.0,0.1556911093,0.0016217824
support_growth_hessian,8,2,0.1,96,local,184,0.000651041667,0.0,0.1713157033,0.0017845386
support_growth_hessian,8,2,0.1,96,local,185,0.000651041667,0.0,0.0742062444,0.0007729817
support_growth_hessian,8,2,0.1,96,local,186,0.000651041667,0.0,0.1563407604,0.0016285496
support_growth_hessian,8,2,0.1,96,local,187,0.000651041667,0.0,0.1719649165,0.0017913012
support_growth_hessian,8,2,0.1,96,local,188,0.000651041667,0.0,0.0745903839,0.0007769832
support_growth_hessian,8,2,0.1,96,local,189,0.000651041667,0.0,0.1570401369,0.0016358348
support_growth_hessian,8,2,0.1,96,local,190,0.000651041667,0.0,0.1726660292,0.0017986045
support_growth_hessian,8,2,0.1,96,local,191,0.000651041667,0.0,0.0750042563,0.0007812943
support_growth_hessian,8,2,0.1,96,local,192,0.000651041667,0.0,0.1577899444,0.0016436453
support_growth_hessian,8,2,0.1,96,local,193,0.000651041667,0.0,0.1734202172,0.0018064606
support_growth_hessian,8,2,0.1,96,local,194,0.000651041667,0.0,0.0754483495,0.0007859203
support_growth_hessian,8,2,0.1,96,local,195,0.000651041667,0.0,0.1585909417,0.001651989
support_growth_hessian,8,2,0.1,96,local,196,0.000651041667,0.0,0.1742287456,0.0018148828
support_growth_hessian,8,2,0.1,96,local,197,0.000651041667,0.0,0.0759231886,0.0007908665
support_growth_hessian,8,2,0.1,96,local,198,0.000651041667,0.0,0.1594439423,0.0016608744
support_growth_hessian,8,2,0.1,96,local,199,0.000651041667,0.0,0.1750929715,0.0018238851
support_growth_hessian,8,2,0.1,96,local,200,0.000651041667,0.0,0.0764293369,0.0007961389
support_growth_hessian,8,2,0.1,96,local,201,0.000651041667,0.0,0.1603498154,0.0016703106
support_growth_hessian,8,2,0.1,96,local,202,0.000651041667,0.0,0.1760143456,0.0018334828
support_growth_hessian,8,2,0.1,96,local,203,0.000651041667,0.0,0.0769673964,0.0008017437
support_growth_hessian,8,2,0.1,96,local,204,0.000651041667,0.0,0.1613094876,0.0016803072
support_growth_hessian,8,2,0.1,96,local,205,0.000651041667,0.0,0.1769944153,0.0018436918
support_growth_hessian,8,2,0.1,96,local,206,0.000651041667,0.0,0.0775380094,0.0008076876
support_growth_hessian,8,2,0.1,96,local,207,0.000651041667,0.0,0.1623239442,0.0016908744
support_growth_hessian,8,2,0.1,96,local,208,0.000651041667,0.0,0.1780348274,0.0018545295
support_growth_hessian,8,2,0.1,96,local,209,0.000651041667,0.0,0.0781418592,0.0008139777
support_growth_hessian,8,2,0.1,96,local,210,0.000651041667,0.0,0.1633942311,0.0017020232
support_growth_hessian,8,2,0.1,96,local,211,0.000651041667,0.0,0.179137331,0.0018660139
support_growth_hessian,8,2,0.1,96,local,212,0.000651041667,0.0,0.0787796715,0.0008206216
support_growth_hessian,8,2,0.1,96,local,213,0.000651041667,0.0,0.1645214566,0.0017137652
support_growth_hessian,8,2,0.1,96,local,214,0.000651041667,0.0,0.1803037803,0.0018781644
support_growth_hessian,8,2,0.1,96,local,215,0.000651041667,0.0,0.0794522157,0.0008276272
support_growth_hessian,8,2,0.1,96,local,216,0.000651041667,0.0,0.1657067926,0.0017261124
support_growth_hessian,8,2,0.1,96,local,217,0.000651041667,0.0,0.1815361389,0.0018910014
support_growth_hessian,8,2,0.1,96,local,218,0.000651041667,0.0,0.0801603064,0.0008350032
support_growth_hessian,8,2,0.1,96,local,219,0.000651041667,0.0,0.1669514777,0.0017390779
support_growth_hessian,8,2,0.1,96,local,220,0.000651041667,0.0,0.1828364822,0.0019045467
support_growth_hessian,8,2,0.1,96,local,221,0.000651041667,0.0,0.0809048044,0.0008427584
support_growth_hessian,8,2,0.1,96,local,222,0.000651041667,0.0,0.1682568182,0.0017526752
support_growth_hessian,8,2,0.1,96,local,223,0.000651041667,0.0,0.1842070022,0.0019188229
support_growth_hessian,8,2,0.1,96,local,224,0.000651041667,0.0,0.0816866189,0.0008509023
support_growth_hessian,8,2,0.1,96,local,225,0.000651041667,0.0,0.169624191,0.0017669187
support_growth_hessian,8,2,0.1,96,local,226,0.000651041667,0.0,0.1856500107,0.0019338543
support_growth_hessian,8,2,0.1,96,local,227,0.000651041667,0.0,0.0825067084,0.0008594449
support_growth_hessian,8,2,0.1,96,local,228,0.000651041667,0.0,0.1710550457,0.0017818234
support_growth_hessian,8,2,0.1,96,local,229,0.000651041667,0.0,0.1871679441,0.0019496661
support_growth_hessian,8,2,0.1,96,local,230,0.000651041667,0.0,0.0833660831,0.0008683967
support_growth_hessian,8,2,0.1,96,local,231,0.000651041667,0.0,0.1725509072,0.0017974053
support_growth_hessian,8,2,0.1,96,local,232,0.000651041667,0.0,0.1887633681,0.0019662851
support_growth_hessian,8,2,0.1,96,local,233,0.000651041667,0.0,0.0842658064,0.0008777688
support_growth_hessian,8,2,0.1,96,local,234,0.000651041667,0.0,0.174113378,0.001813681
support_growth_hessian,8,2,0.1,96,local,235,0.000651041667,0.0,0.1904389816,0.0019837394
support_growth_hessian,8,2,0.1,96,local,236,0.000651041667,0.0,0.0852069967,0.0008875729
support_growth_hessian,8,2,0.1,96,local,237,0.000651041667,0.0,0.1757441416,0.0018306681
support_growth_hessian,8,2,0.1,96,local,238,0.000651041667,0.0,0.192197623,0.0020020586
support_growth_hessian,8,2,0.1,96,local,239,0.000651041667,0.0,0.0861908301,0.0008978211
support_growth_hessian,8,2,0.1,96,local,240,0.000651041667,0.0,0.1774449646,0.001848385
support_growth_hessian,8,2,0.1,96,local,241,0.000651041667,0.0,0.1940422746,0.0020212737
support_growth_hessian,8,2,0.1,96,local,242,0.000651041667,0.0,0.0872185415,0.0009085265
support_growth_hessian,8,2,0.1,96,local,243,0.000651041667,0.0,0.1792177005,0.001866851
support_growth_hessian,8,2,0.1,96,local,244,0.000651041667,0.0,0.1959760686,0.0020414174
support_growth_hessian,8,2,0.1,96,local,245,0.000651041667,0.0,0.088291428,0.0009197024
support_growth_hessian,8,2,0.1,96,local,246,0.000651041667,0.0,0.1810642924,0.0018860864
support_growth_hessian,8,2,0.1,96,local,247,0.000651041667,0.0,0.1980022933,0.0020625239
support_growth_hessian,8,2,0.1,96,local,248,0.000651041667,0.0,0.0894108525,0.000931363
support_growth_hessian,8,2,0.1,96,local,249,0.000651041667,0.0,0.1829867771,0.0019061123
support_growth_hessian,8,2,0.1,96,local,250,0.000651041667,0.0,0.2001243993,0.0020846292
support_growth_hessian,8,2,0.1,96,local,251,0.000651041667,0.0,0.0905782391,0.0009435233
support_growth_hessian,8,2,0.1,96,local,252,0.000651041667,0.0,0.1849872877,0.0019269509
support_growth_hessian,8,2,0.1,96,local,253,0.000651041667,0.0,0.2023460061,0.0021077709
support_growth_hessian,8,2,0.1,96,local,254,0.000651041667,0.0,0.0917950864,0.0009561988
support_growth_hessian,8,2,0.1,96,local,255,0.000651041667,0.0,0.1870680583,0.0019486256
support_growth_hessian,8,2,0.1,96,local,256,0.000651041667,0.0,0.2046709093,0.0021319886
support_growth_hessian,8,2,0.1,96,local,257,0.000651041667,0.0,0.0930629638,0.0009694059
support_growth_hessian,8,2,0.1,96,local,258,0.000651041667,0.0,0.1892314275,0.0019711607
support_growth_hessian,8,2,0.1,96,local,259,0.000651041667,0.0,0.2071030879,0.0021573238
support_growth_hessian,8,2,0.1,96,local,260,0.000651041667,0.0,0.0943835155,0.0009831616
support_growth_hessian,8,2,0.1,96,local,261,0.000651041667,0.0,0.1914798427,0.0019945817
support_growth_hessian,8,2,0.1,96,local,262,0.000651041667,0.0,0.2096467126,0.0021838199
support_growth_hessian,8,2,0.1,96,local,263,0.000651041667,0.0,0.0957584641,0.000997484
support_growth_hessian,8,2,0.1,96,local,264,0.000651041667,0.0,0.1938158646,0.0020189153
support_growth_hessian,8,2,0.1,96,local,265,0.000651041667,0.0,0.2123061535,0.0022115224
support_growth_hessian,8,2,0.1,96,local,266,0.000651041667,0.0,0.0971896139,0.0010123918
support_growth_hessian,8,2,0.1,96,local,267,0.000651041667,0.0,0.1962421717,0.0020441893
support_growth_hessian,8,2,0.1,96,local,268,0.000651041667,0.0,0.2150859896,0.0022404791
support_growth_hessian,8,2,0.1,96,local,269,0.000651041667,0.0,0.0986788541,0.0010279047
support_growth_hessian,8,2,0.1,96,local,270,0.000651041667,0.0,0.1987615651,0.002070433
support_growth_hessian,8,2,0.1,96,local,271,0.000651041667,0.0,0.2179910172,0.0022707398
support_growth_hessian,8,2,0.1,96,local,272,0.000651041667,0.0,0.1002281626,0.0010440434
support_growth_hessian,8,2,0.1,96,local,273,0.000651041667,0.0,0.201376974,0.0020976768
support_growth_hessian,8,2,0.1,96,local,274,0.000651041667,0.0,0.2210262604,0.0023023569
support_growth_hessian,8,2,0.1,96,local,275,0.000651041667,0.0,0.1018396101,0.0010608293
support_growth_hessian,8,2,0.1,96,local,276,0.000651041667,0.0,0.2040914607,0.0021259527
support_growth_hessian,8,2,0.1,96,local,277,0.000651041667,0.0,0.2241969812,0.0023353852
support_growth_hessian,8,2,0.1,96,local,278,0.000651041667,0.0,0.1035153636,0.001078285
support_growth_hessian,8,2,0.1,96,local,279,0.000651041667,0.0,0.2069082265,0.002155294
support_growth_hessian,8,2,0.1,96,local,280,0.000651041667,0.0,0.2275086898,0.0023698822
support_growth_hessian,8,2,0.1,96,local,281,0.000651041667,0.0,0.1052576913,0.0010964343
support_growth_hessian,8,2,0.1,96,local,282,0.000651041667,0.0,0.2098306173,0.0021857356
support_growth_hessian,8,2,0.1,96,local,283,0.000651041667,0.0,0.230967157,0.0024059079
support_growth_hessian,8,2,0.1,96,local,284,0.000651041667,0.0,0.1070689667,0.0011153017
support_growth_hessian,8,2,0.1,96,local,285,0.000651041667,0.0,0.2128621304,0.0022173139
support_growth_hessian,8,2,0.1,96,local,286,0.000651041667,0.0,0.2345784253,0.0024435253
support_growth_hessian,8,2,0.1,96,local,287,0.000651041667,0.0,0.1089516735,0.0011349133
support_growth_hessian,8,2,0.1,96,collective,0,0.000651041667,0.0,14.4210861571,0.1502196475
support_growth_hessian,8,2,0.1,96,collective,1,0.000651041667,0.0,13.7139177403,0.1428533098
support_growth_hessian,8,2,0.1,96,collective,2,0.000651041667,0.0,6.0463823044,0.062983149
support_growth_hessian,8,2,0.2,24,local,0,0.002604166667,0.0,0.1681779186,0.0070074133
support_growth_hessian,8,2,0.2,24,local,1,0.002604166667,0.0,0.1954130699,0.0081422112
support_growth_hessian,8,2,0.2,24,local,2,0.002604166667,0.0,0.0519737685,0.0021655737
support_growth_hessian,8,2,0.2,24,local,3,0.002604166667,0.0,0.1615649291,0.006731872
support_growth_hessian,8,2,0.2,24,local,4,0.002604166667,0.0,0.184790376,0.007699599
support_growth_hessian,8,2,0.2,24,local,5,0.002604166667,0.0,0.0494118313,0.0020588263
support_growth_hessian,8,2,0.2,24,local,6,0.002604166667,0.0,0.1557483231,0.0064895135
support_growth_hessian,8,2,0.2,24,local,7,0.002604166667,0.0,0.1755500373,0.0073145849
support_growth_hessian,8,2,0.2,24,local,8,0.002604166667,0.0,0.0471713349,0.0019654723
support_growth_hessian,8,2,0.2,24,local,9,0.002604166667,0.0,0.1506678213,0.0062778259
support_growth_hessian,8,2,0.2,24,local,10,0.002604166667,0.0,0.1675614295,0.0069817262
support_growth_hessian,8,2,0.2,24,local,11,0.002604166667,0.0,0.0452246751,0.0018843615
support_growth_hessian,8,2,0.2,24,local,12,0.002604166667,0.0,0.1462715085,0.0060946462
support_growth_hessian,8,2,0.2,24,local,13,0.002604166667,0.0,0.160713025,0.006696376
support_growth_hessian,8,2,0.2,24,local,14,0.002604166667,0.0,0.0435482086,0.0018145087
support_growth_hessian,8,2,0.2,24,local,15,0.002604166667,0.0,0.1425150338,0.0059381264
support_growth_hessian,8,2,0.2,24,local,16,0.002604166667,0.0,0.154910304,0.006454596
support_growth_hessian,8,2,0.2,24,local,17,0.002604166667,0.0,0.0421218388,0.0017550766
support_growth_hessian,8,2,0.2,24,local,18,0.002604166667,0.0,0.1393609351,0.0058067056
support_growth_hessian,8,2,0.2,24,local,19,0.002604166667,0.0,0.1500740015,0.0062530834
support_growth_hessian,8,2,0.2,24,local,20,0.002604166667,0.0,0.0409286679,0.0017053612
support_growth_hessian,8,2,0.2,24,local,21,0.002604166667,0.0,0.1367780756,0.0056990865
support_growth_hessian,8,2,0.2,24,local,22,0.002604166667,0.0,0.1461386557,0.0060891107
support_growth_hessian,8,2,0.2,24,local,23,0.002604166667,0.0,0.0399547076,0.0016647795
support_growth_hessian,8,2,0.2,24,local,24,0.002604166667,0.0,0.1347411781,0.0056142158
support_growth_hessian,8,2,0.2,24,local,25,0.002604166667,0.0,0.1430514171,0.0059604757
support_growth_hessian,8,2,0.2,24,local,26,0.002604166667,0.0,0.0391886417,0.0016328601
support_growth_hessian,8,2,0.2,24,local,27,0.002604166667,0.0,0.1332304519,0.0055512688
support_growth_hessian,8,2,0.2,24,local,28,0.002604166667,0.0,0.1407710955,0.0058654623
support_growth_hessian,8,2,0.2,24,local,29,0.002604166667,0.0,0.0386216353,0.0016092348
support_growth_hessian,8,2,0.2,24,local,30,0.002604166667,0.0,0.1322313012,0.0055096375
support_growth_hessian,8,2,0.2,24,local,31,0.002604166667,0.0,0.1392674231,0.0058028093
support_growth_hessian,8,2,0.2,24,local,32,0.002604166667,0.0,0.0382471877,0.0015936328
support_growth_hessian,8,2,0.2,24,local,33,0.002604166667,0.0,0.131734112,0.0054889213
support_growth_hessian,8,2,0.2,24,local,34,0.002604166667,0.0,0.1385205145,0.0057716881
support_growth_hessian,8,2,0.2,24,local,35,0.002604166667,0.0,0.038061024,0.001585876
support_growth_hessian,8,2,0.2,24,local,36,0.002604166667,0.0,0.131734112,0.0054889213
support_growth_hessian,8,2,0.2,24,local,37,0.002604166667,0.0,0.1385205145,0.0057716881
support_growth_hessian,8,2,0.2,24,local,38,0.002604166667,0.0,0.038061024,0.001585876
support_growth_hessian,8,2,0.2,24,local,39,0.002604166667,0.0,0.1322313012,0.0055096375
support_growth_hessian,8,2,0.2,24,local,40,0.002604166667,0.0,0.1392674231,0.0058028093
support_growth_hessian,8,2,0.2,24,local,41,0.002604166667,0.0,0.0382471877,0.0015936328
support_growth_hessian,8,2,0.2,24,local,42,0.002604166667,0.0,0.1332304519,0.0055512688
support_growth_hessian,8,2,0.2,24,local,43,0.002604166667,0.0,0.1407710955,0.0058654623
support_growth_hessian,8,2,0.2,24,local,44,0.002604166667,0.0,0.0386216353,0.0016092348
support_growth_hessian,8,2,0.2,24,local,45,0.002604166667,0.0,0.1347411781,0.0056142158
support_growth_hessian,8,2,0.2,24,local,46,0.002604166667,0.0,0.1430514171,0.0059604757
support_growth_hessian,8,2,0.2,24,local,47,0.002604166667,0.0,0.0391886417,0.0016328601
support_growth_hessian,8,2,0.2,24,local,48,0.002604166667,0.0,0.1367780756,0.0056990865
support_growth_hessian,8,2,0.2,24,local,49,0.002604166667,0.0,0.1461386557,0.0060891107
support_growth_hessian,8,2,0.2,24,local,50,0.002604166667,0.0,0.0399547076,0.0016647795
support_growth_hessian,8,2,0.2,24,local,51,0.002604166667,0.0,0.1393609351,0.0058067056
support_growth_hessian,8,2,0.2,24,local,52,0.002604166667,0.0,0.1500740015,0.0062530834
support_growth_hessian,8,2,0.2,24,local,53,0.002604166667,0.0,0.0409286679,0.0017053612
support_growth_hessian,8,2,0.2,24,local,54,0.002604166667,0.0,0.1425150338,0.0059381264
support_growth_hessian,8,2,0.2,24,local,55,0.002604166667,0.0,0.154910304,0.006454596
support_growth_hessian,8,2,0.2,24,local,56,0.002604166667,0.0,0.0421218388,0.0017550766
support_growth_hessian,8,2,0.2,24,local,57,0.002604166667,0.0,0.1462715085,0.0060946462
support_growth_hessian,8,2,0.2,24,local,58,0.002604166667,0.0,0.160713025,0.006696376
support_growth_hessian,8,2,0.2,24,local,59,0.002604166667,0.0,0.0435482086,0.0018145087
support_growth_hessian,8,2,0.2,24,local,60,0.002604166667,0.0,0.1506678213,0.0062778259
support_growth_hessian,8,2,0.2,24,local,61,0.002604166667,0.0,0.1675614295,0.0069817262
support_growth_hessian,8,2,0.2,24,local,62,0.002604166667,0.0,0.0452246751,0.0018843615
support_growth_hessian,8,2,0.2,24,local,63,0.002604166667,0.0,0.1557483231,0.0064895135
support_growth_hessian,8,2,0.2,24,local,64,0.002604166667,0.0,0.1755500373,0.0073145849
support_growth_hessian,8,2,0.2,24,local,65,0.002604166667,0.0,0.0471713349,0.0019654723
support_growth_hessian,8,2,0.2,24,local,66,0.002604166667,0.0,0.1615649291,0.006731872
support_growth_hessian,8,2,0.2,24,local,67,0.002604166667,0.0,0.184790376,0.007699599
support_growth_hessian,8,2,0.2,24,local,68,0.002604166667,0.0,0.0494118313,0.0020588263
support_growth_hessian,8,2,0.2,24,local,69,0.002604166667,0.0,0.1681779186,0.0070074133
support_growth_hessian,8,2,0.2,24,local,70,0.002604166667,0.0,0.1954130699,0.0081422112
support_growth_hessian,8,2,0.2,24,local,71,0.002604166667,0.0,0.0519737685,0.0021655737
support_growth_hessian,8,2,0.2,24,collective,0,0.002604166667,0.0,3.1478307566,0.1311596149
support_growth_hessian,8,2,0.2,24,collective,1,0.002604166667,0.0,3.1336451461,0.1305685478
support_growth_hessian,8,2,0.2,24,collective,2,0.002604166667,0.0,0.8752831056,0.0364701294
support_growth_hessian,8,2,0.2,48,local,0,0.001302083333,0.0,0.1683144426,0.0035065509
support_growth_hessian,8,2,0.2,48,local,1,0.001302083333,0.0,0.1954559402,0.0040719988
support_growth_hessian,8,2,0.2,48,local,2,0.001302083333,0.0,0.0520427207,0.0010842233
support_growth_hessian,8,2,0.2,48,local,3,0.001302083333,0.0,0.1649574257,0.003436613
support_growth_hessian,8,2,0.2,48,local,4,0.001302083333,0.0,0.1900374009,0.0039591125
support_growth_hessian,8,2,0.2,48,local,5,0.001302083333,0.0,0.0507390709,0.001057064
support_growth_hessian,8,2,0.2,48,local,6,0.001302083333,0.0,0.1618003873,0.0033708414
support_growth_hessian,8,2,0.2,48,local,7,0.001302083333,0.0,0.1849703044,0.003853548
support_growth_hessian,8,2,0.2,48,local,8,0.001302083333,0.0,0.0495166755,0.0010315974
support_growth_hessian,8,2,0.2,48,local,9,0.001302083333,0.0,0.1588353826,0.0033090705
support_growth_hessian,8,2,0.2,48,local,10,0.001302083333,0.0,0.1802372884,0.0037549435
support_growth_hessian,8,2,0.2,48,local,11,0.001302083333,0.0,0.0483718771,0.0010077474
support_growth_hessian,8,2,0.2,48,local,12,0.001302083333,0.0,0.1560550056,0.0032511459
support_growth_hessian,8,2,0.2,48,local,13,0.001302083333,0.0,0.1758222418,0.0036629634
support_growth_hessian,8,2,0.2,48,local,14,0.001302083333,0.0,0.0473012757,0.0009854432
support_growth_hessian,8,2,0.2,48,local,15,0.001302083333,0.0,0.1534523611,0.0031969242
support_growth_hessian,8,2,0.2,48,local,16,0.001302083333,0.0,0.1717102312,0.0035772965
support_growth_hessian,8,2,0.2,48,local,17,0.001302083333,0.0,0.0463017153,0.0009646191
support_growth_hessian,8,2,0.2,48,local,18,0.001302083333,0.0,0.1510210391,0.0031462716
support_growth_hessian,8,2,0.2,48,local,19,0.001302083333,0.0,0.1678874331,0.0034976549
support_growth_hessian,8,2,0.2,48,local,20,0.001302083333,0.0,0.0453702695,0.0009452139
support_growth_hessian,8,2,0.2,48,local,21,0.001302083333,0.0,0.1487550913,0.0030990644
support_growth_hessian,8,2,0.2,48,local,22,0.001302083333,0.0,0.1643410719,0.0034237723
support_growth_hessian,8,2,0.2,48,local,23,0.001302083333,0.0,0.04450423,0.0009271715
support_growth_hessian,8,2,0.2,48,local,24,0.001302083333,0.0,0.1466490086,0.0030551877
support_growth_hessian,8,2,0.2,48,local,25,0.001302083333,0.0,0.161059362,0.0033554034
support_growth_hessian,8,2,0.2,48,local,26,0.001302083333,0.0,0.0437010946,0.0009104395
support_growth_hessian,8,2,0.2,48,local,27,0.001302083333,0.0,0.1446977015,0.0030145354
support_growth_hessian,8,2,0.2,48,local,28,0.001302083333,0.0,0.1580314563,0.003292322
support_growth_hessian,8,2,0.2,48,local,29,0.001302083333,0.0,0.0429585572,0.0008949699
support_growth_hessian,8,2,0.2,48,local,30,0.001302083333,0.0,0.1428964814,0.00297701
support_growth_hessian,8,2,0.2,48,local,31,0.001302083333,0.0,0.155247397,0.0032343208
support_growth_hessian,8,2,0.2,48,local,32,0.001302083333,0.0,0.0422744981,0.0008807187
support_growth_hessian,8,2,0.2,48,local,33,0.001302083333,0.0,0.1412410432,0.0029425217
support_growth_hessian,8,2,0.2,48,local,34,0.001302083333,0.0,0.1526980728,0.0031812099
support_growth_hessian,8,2,0.2,48,local,35,0.001302083333,0.0,0.0416469753,0.0008676453
support_growth_hessian,8,2,0.2,48,local,36,0.001302083333,0.0,0.1397274504,0.0029109885
support_growth_hessian,8,2,0.2,48,local,37,0.001302083333,0.0,0.150375178,0.0031328162
support_growth_hessian,8,2,0.2,48,local,38,0.001302083333,0.0,0.0410742165,0.0008557128
support_growth_hessian,8,2,0.2,48,local,39,0.001302083333,0.0,0.1383521206,0.0028823358
support_growth_hessian,8,2,0.2,48,local,40,0.001302083333,0.0,0.1482711767,0.0030889828
support_growth_hessian,8,2,0.2,48,local,41,0.001302083333,0.0,0.0405546118,0.0008448877
support_growth_hessian,8,2,0.2,48,local,42,0.001302083333,0.0,0.1371118128,0.0028564961
support_growth_hessian,8,2,0.2,48,local,43,0.001302083333,0.0,0.1463792698,0.0030495681
support_growth_hessian,8,2,0.2,48,local,44,0.001302083333,0.0,0.0400867074,0.0008351397
support_growth_hessian,8,2,0.2,48,local,45,0.001302083333,0.0,0.1360036157,0.0028334087
support_growth_hessian,8,2,0.2,48,local,46,0.001302083333,0.0,0.144693366,0.0030144451
support_growth_hessian,8,2,0.2,48,local,47,0.001302083333,0.0,0.0396691994,0.0008264417
support_growth_hessian,8,2,0.2,48,local,48,0.001302083333,0.0,0.1350249378,0.0028130195
support_growth_hessian,8,2,0.2,48,local,49,0.001302083333,0.0,0.1432080546,0.0029835011
support_growth_hessian,8,2,0.2,48,local,50,0.001302083333,0.0,0.0393009288,0.0008187693
support_growth_hessian,8,2,0.2,48,local,51,0.001302083333,0.0,0.1341734978,0.0027952812
support_growth_hessian,8,2,0.2,48,local,52,0.001302083333,0.0,0.1419185833,0.0029566372
support_growth_hessian,8,2,0.2,48,local,53,0.001302083333,0.0,0.0389808767,0.0008121016
support_growth_hessian,8,2,0.2,48,local,54,0.001302083333,0.0,0.1334473167,0.0027801524
support_growth_hessian,8,2,0.2,48,local,55,0.001302083333,0.0,0.1408208369,0.0029337674
support_growth_hessian,8,2,0.2,48,local,56,0.001302083333,0.0,0.038708161,0.00080642
support_growth_hessian,8,2,0.2,48,local,57,0.001302083333,0.0,0.132844711,0.0027675981
support_growth_hessian,8,2,0.2,48,local,58,0.001302083333,0.0,0.1399113203,0.0029148192
support_growth_hessian,8,2,0.2,48,local,59,0.001302083333,0.0,0.0384820299,0.000801709
support_growth_hessian,8,2,0.2,48,local,60,0.001302083333,0.0,0.1323642866,0.0027575893
support_growth_hessian,8,2,0.2,48,local,61,0.001302083333,0.0,0.1391871431,0.0028997321
support_growth_hessian,8,2,0.2,48,local,62,0.001302083333,0.0,0.0383018635,0.0007979555
support_growth_hessian,8,2,0.2,48,local,63,0.001302083333,0.0,0.1320049341,0.0027501028
support_growth_hessian,8,2,0.2,48,local,64,0.001302083333,0.0,0.138646008,0.0028884585
support_growth_hessian,8,2,0.2,48,local,65,0.001302083333,0.0,0.0381671678,0.0007951493
support_growth_hessian,8,2,0.2,48,local,66,0.001302083333,0.0,0.1317658246,0.0027451213
support_growth_hessian,8,2,0.2,48,local,67,0.001302083333,0.0,0.1382862001,0.0028809625
support_growth_hessian,8,2,0.2,48,local,68,0.001302083333,0.0,0.0380775749,0.0007932828
support_growth_hessian,8,2,0.2,48,local,69,0.001302083333,0.0,0.1316464074,0.0027426335
support_growth_hessian,8,2,0.2,48,local,70,0.001302083333,0.0,0.1381065803,0.0028772204
support_growth_hessian,8,2,0.2,48,local,71,0.001302083333,0.0,0.0380328395,0.0007923508
support_growth_hessian,8,2,0.2,48,local,72,0.001302083333,0.0,0.1316464074,0.0027426335
support_growth_hessian,8,2,0.2,48,local,73,0.001302083333,0.0,0.1381065803,0.0028772204
support_growth_hessian,8,2,0.2,48,local,74,0.001302083333,0.0,0.0380328395,0.0007923508
support_growth_hessian,8,2,0.2,48,local,75,0.001302083333,0.0,0.1317658246,0.0027451213
support_growth_hessian,8,2,0.2,48,local,76,0.001302083333,0.0,0.1382862,0.0028809625
support_growth_hessian,8,2,0.2,48,local,77,0.001302083333,0.0,0.0380775749,0.0007932828
support_growth_hessian,8,2,0.2,48,local,78,0.001302083333,0.0,0.1320049341,0.0027501028
support_growth_hessian,8,2,0.2,48,local,79,0.001302083333,0.0,0.138646008,0.0028884585
support_growth_hessian,8,2,0.2,48,local,80,0.001302083333,0.0,0.0381671678,0.0007951493
support_growth_hessian,8,2,0.2,48,local,81,0.001302083333,0.0,0.1323642866,0.0027575893
support_growth_hessian,8,2,0.2,48,local,82,0.001302083333,0.0,0.1391871431,0.0028997321
support_growth_hessian,8,2,0.2,48,local,83,0.001302083333,0.0,0.0383018635,0.0007979555
support_growth_hessian,8,2,0.2,48,local,84,0.001302083333,0.0,0.132844711,0.0027675981
support_growth_hessian,8,2,0.2,48,local,85,0.001302083333,0.0,0.1399113203,0.0029148192
support_growth_hessian,8,2,0.2,48,local,86,0.001302083333,0.0,0.0384820299,0.000801709
support_growth_hessian,8,2,0.2,48,local,87,0.001302083333,0.0,0.1334473167,0.0027801524
support_growth_hessian,8,2,0.2,48,local,88,0.001302083333,0.0,0.1408208369,0.0029337674
support_growth_hessian,8,2,0.2,48,local,89,0.001302083333,0.0,0.038708161,0.00080642
support_growth_hessian,8,2,0.2,48,local,90,0.001302083333,0.0,0.1341734978,0.0027952812
support_growth_hessian,8,2,0.2,48,local,91,0.001302083333,0.0,0.1419185833,0.0029566372
support_growth_hessian,8,2,0.2,48,local,92,0.001302083333,0.0,0.0389808767,0.0008121016
support_growth_hessian,8,2,0.2,48,local,93,0.001302083333,0.0,0.1350249378,0.0028130195
support_growth_hessian,8,2,0.2,48,local,94,0.001302083333,0.0,0.1432080546,0.0029835011
support_growth_hessian,8,2,0.2,48,local,95,0.001302083333,0.0,0.0393009288,0.0008187693
support_growth_hessian,8,2,0.2,48,local,96,0.001302083333,0.0,0.1360036157,0.0028334087
support_growth_hessian,8,2,0.2,48,local,97,0.001302083333,0.0,0.144693366,0.0030144451
support_growth_hessian,8,2,0.2,48,local,98,0.001302083333,0.0,0.0396691994,0.0008264417
support_growth_hessian,8,2,0.2,48,local,99,0.001302083333,0.0,0.1371118128,0.0028564961
support_growth_hessian,8,2,0.2,48,local,100,0.001302083333,0.0,0.1463792699,0.0030495681
support_growth_hessian,8,2,0.2,48,local,101,0.001302083333,0.0,0.0400867074,0.0008351397
support_growth_hessian,8,2,0.2,48,local,102,0.001302083333,0.0,0.1383521206,0.0028823358
support_growth_hessian,8,2,0.2,48,local,103,0.001302083333,0.0,0.1482711767,0.0030889828
support_growth_hessian,8,2,0.2,48,local,104,0.001302083333,0.0,0.0405546118,0.0008448877
support_growth_hessian,8,2,0.2,48,local,105,0.001302083333,0.0,0.1397274504,0.0029109886
support_growth_hessian,8,2,0.2,48,local,106,0.001302083333,0.0,0.150375178,0.0031328162
support_growth_hessian,8,2,0.2,48,local,107,0.001302083333,0.0,0.0410742165,0.0008557128
support_growth_hessian,8,2,0.2,48,local,108,0.001302083333,0.0,0.1412410432,0.0029425217
support_growth_hessian,8,2,0.2,48,local,109,0.001302083333,0.0,0.1526980728,0.0031812098
support_growth_hessian,8,2,0.2,48,local,110,0.001302083333,0.0,0.0416469753,0.0008676453
support_growth_hessian,8,2,0.2,48,local,111,0.001302083333,0.0,0.1428964814,0.00297701
support_growth_hessian,8,2,0.2,48,local,112,0.001302083333,0.0,0.155247397,0.0032343208
support_growth_hessian,8,2,0.2,48,local,113,0.001302083333,0.0,0.0422744981,0.0008807187
support_growth_hessian,8,2,0.2,48,local,114,0.001302083333,0.0,0.1446977015,0.0030145354
support_growth_hessian,8,2,0.2,48,local,115,0.001302083333,0.0,0.1580314562,0.003292322
support_growth_hessian,8,2,0.2,48,local,116,0.001302083333,0.0,0.0429585572,0.0008949699
support_growth_hessian,8,2,0.2,48,local,117,0.001302083333,0.0,0.1466490086,0.0030551877
support_growth_hessian,8,2,0.2,48,local,118,0.001302083333,0.0,0.161059362,0.0033554034
support_growth_hessian,8,2,0.2,48,local,119,0.001302083333,0.0,0.0437010946,0.0009104395
support_growth_hessian,8,2,0.2,48,local,120,0.001302083333,0.0,0.1487550913,0.0030990644
support_growth_hessian,8,2,0.2,48,local,121,0.001302083333,0.0,0.1643410719,0.0034237723
support_growth_hessian,8,2,0.2,48,local,122,0.001302083333,0.0,0.04450423,0.0009271715
support_growth_hessian,8,2,0.2,48,local,123,0.001302083333,0.0,0.1510210391,0.0031462716
support_growth_hessian,8,2,0.2,48,local,124,0.001302083333,0.0,0.1678874331,0.0034976549
support_growth_hessian,8,2,0.2,48,local,125,0.001302083333,0.0,0.0453702695,0.0009452139
support_growth_hessian,8,2,0.2,48,local,126,0.001302083333,0.0,0.1534523611,0.0031969242
support_growth_hessian,8,2,0.2,48,local,127,0.001302083333,0.0,0.1717102312,0.0035772965
support_growth_hessian,8,2,0.2,48,local,128,0.001302083333,0.0,0.0463017153,0.0009646191
support_growth_hessian,8,2,0.2,48,local,129,0.001302083333,0.0,0.1560550056,0.0032511459
support_growth_hessian,8,2,0.2,48,local,130,0.001302083333,0.0,0.1758222418,0.0036629634
support_growth_hessian,8,2,0.2,48,local,131,0.001302083333,0.0,0.0473012757,0.0009854432
support_growth_hessian,8,2,0.2,48,local,132,0.001302083333,0.0,0.1588353826,0.0033090705
support_growth_hessian,8,2,0.2,48,local,133,0.001302083333,0.0,0.1802372884,0.0037549435
support_growth_hessian,8,2,0.2,48,local,134,0.001302083333,0.0,0.0483718771,0.0010077474
support_growth_hessian,8,2,0.2,48,local,135,0.001302083333,0.0,0.1618003873,0.0033708414
support_growth_hessian,8,2,0.2,48,local,136,0.001302083333,0.0,0.1849703044,0.003853548
support_growth_hessian,8,2,0.2,48,local,137,0.001302083333,0.0,0.0495166755,0.0010315974
support_growth_hessian,8,2,0.2,48,local,138,0.001302083333,0.0,0.1649574257,0.003436613
support_growth_hessian,8,2,0.2,48,local,139,0.001302083333,0.0,0.1900374009,0.0039591125
support_growth_hessian,8,2,0.2,48,local,140,0.001302083333,0.0,0.0507390709,0.001057064
support_growth_hessian,8,2,0.2,48,local,141,0.001302083333,0.0,0.1683144426,0.0035065509
support_growth_hessian,8,2,0.2,48,local,142,0.001302083333,0.0,0.1954559402,0.0040719988
support_growth_hessian,8,2,0.2,48,local,143,0.001302083333,0.0,0.0520427207,0.0010842233
support_growth_hessian,8,2,0.2,48,collective,0,0.001302083333,0.0,6.295511103,0.1311564813
support_growth_hessian,8,2,0.2,48,collective,1,0.001302083333,0.0,6.2683779786,0.1305912079
support_growth_hessian,8,2,0.2,48,collective,2,0.001302083333,0.0,1.7535803183,0.0365329233
support_growth_hessian,8,2,0.2,96,local,0,0.000651041667,0.0,0.1683816727,0.0017539758
support_growth_hessian,8,2,0.2,96,local,1,0.000651041667,0.0,0.1954793996,0.0020362437
support_growth_hessian,8,2,0.2,96,local,2,0.000651041667,0.0,0.052076449,0.000542463
support_growth_hessian,8,2,0.2,96,local,3,0.000651041667,0.0,0.1666910895,0.0017363655
support_growth_hessian,8,2,0.2,96,local,4,0.000651041667,0.0,0.1927441203,0.0020077513
support_growth_hessian,8,2,0.2,96,local,5,0.000651041667,0.0,0.0514191575,0.0005356162
support_growth_hessian,8,2,0.2,96,local,6,0.000651041667,0.0,0.1650506275,0.0017192774
support_growth_hessian,8,2,0.2,96,local,7,0.000651041667,0.0,0.1900974604,0.0019801819
support_growth_hessian,8,2,0.2,96,local,8,0.000651041667,0.0,0.0507822978,0.0005289823
support_growth_hessian,8,2,0.2,96,local,9,0.000651041667,0.0,0.1634592689,0.0017027007
support_growth_hessian,8,2,0.2,96,local,10,0.000651041667,0.0,0.1875371857,0.0019535124
support_growth_hessian,8,2,0.2,96,local,11,0.000651041667,0.0,0.0501654001,0.0005225563
support_growth_hessian,8,2,0.2,96,local,12,0.000651041667,0.0,0.16191603,0.0016866253
support_growth_hessian,8,2,0.2,96,local,13,0.000651041667,0.0,0.1850611427,0.0019277202
support_growth_hessian,8,2,0.2,96,local,14,0.000651041667,0.0,0.0495680109,0.0005163334
support_growth_hessian,8,2,0.2,96,local,15,0.000651041667,0.0,0.1604199607,0.0016710413
support_growth_hessian,8,2,0.2,96,local,16,0.000651041667,0.0,0.1826672552,0.0019027839
support_growth_hessian,8,2,0.2,96,local,17,0.000651041667,0.0,0.0489896929,0.0005103093
support_growth_hessian,8,2,0.2,96,local,18,0.000651041667,0.0,0.1589701429,0.001655939
support_growth_hessian,8,2,0.2,96,local,19,0.000651041667,0.0,0.1803535225,0.0018786825
support_growth_hessian,8,2,0.2,96,local,20,0.000651041667,0.0,0.0484300242,0.0005044794
support_growth_hessian,8,2,0.2,96,local,21,0.000651041667,0.0,0.1575656906,0.0016413093
support_growth_hessian,8,2,0.2,96,local,22,0.000651041667,0.0,0.1781180174,0.001855396
support_growth_hessian,8,2,0.2,96,local,23,0.000651041667,0.0,0.047888598,0.0004988396
support_growth_hessian,8,2,0.2,96,local,24,0.000651041667,0.0,0.1562057483,0.0016271432
support_growth_hessian,8,2,0.2,96,local,25,0.000651041667,0.0,0.1759588833,0.001832905
support_growth_hessian,8,2,0.2,96,local,26,0.000651041667,0.0,0.0473650225,0.0004933857
support_growth_hessian,8,2,0.2,96,local,27,0.000651041667,0.0,0.1548894904,0.0016134322
support_growth_hessian,8,2,0.2,96,local,28,0.000651041667,0.0,0.1738743328,0.001811191
support_growth_hessian,8,2,0.2,96,local,29,0.000651041667,0.0,0.0468589196,0.0004881137
support_growth_hessian,8,2,0.2,96,local,30,0.000651041667,0.0,0.1536161208,0.0016001679
support_growth_hessian,8,2,0.2,96,local,31,0.000651041667,0.0,0.1718626454,0.0017902359
support_growth_hessian,8,2,0.2,96,local,32,0.000651041667,0.0,0.0463699256,0.0004830201
support_growth_hessian,8,2,0.2,96,local,33,0.000651041667,0.0,0.1523848719,0.0015873424
support_growth_hessian,8,2,0.2,96,local,34,0.000651041667,0.0,0.1699221657,0.0017700226
support_growth_hessian,8,2,0.2,96,local,35,0.000651041667,0.0,0.0458976899,0.0004781009
support_growth_hessian,8,2,0.2,96,local,36,0.000651041667,0.0,0.1511950038,0.001574948
support_growth_hessian,8,2,0.2,96,local,37,0.000651041667,0.0,0.1680513016,0.0017505344
support_growth_hessian,8,2,0.2,96,local,38,0.000651041667,0.0,0.0454418754,0.0004733529
support_growth_hessian,8,2,0.2,96,local,39,0.000651041667,0.0,0.1500458038,0.0015629771
support_growth_hessian,8,2,0.2,96,local,40,0.000651041667,0.0,0.1662485224,0.0017317554
support_growth_hessian,8,2,0.2,96,local,41,0.000651041667,0.0,0.0450021576,0.0004687725
support_growth_hessian,8,2,0.2,96,local,42,0.000651041667,0.0,0.1489365857,0.0015514228
support_growth_hessian,8,2,0.2,96,local,43,0.000651041667,0.0,0.1645123573,0.0017136704
support_growth_hessian,8,2,0.2,96,local,44,0.000651041667,0.0,0.0445782244,0.0004643565
support_growth_hessian,8,2,0.2,96,local,45,0.000651041667,0.0,0.1478666892,0.001540278
support_growth_hessian,8,2,0.2,96,local,46,0.000651041667,0.0,0.1628413936,0.0016962645
support_growth_hessian,8,2,0.2,96,local,47,0.000651041667,0.0,0.0441697758,0.0004601018
support_growth_hessian,8,2,0.2,96,local,48,0.000651041667,0.0,0.1468354794,0.0015295362
support_growth_hessian,8,2,0.2,96,local,49,0.000651041667,0.0,0.1612342754,0.0016795237
support_growth_hessian,8,2,0.2,96,local,50,0.000651041667,0.0,0.043776524,0.0004560055
support_growth_hessian,8,2,0.2,96,local,51,0.000651041667,0.0,0.145842346,0.0015191911
support_growth_hessian,8,2,0.2,96,local,52,0.000651041667,0.0,0.159689702,0.0016634344
support_growth_hessian,8,2,0.2,96,local,53,0.000651041667,0.0,0.0433981924,0.0004520645
support_growth_hessian,8,2,0.2,96,local,54,0.000651041667,0.0,0.1448867031,0.0015092365
support_growth_hessian,8,2,0.2,96,local,55,0.000651041667,0.0,0.1582064265,0.0016479836
support_growth_hessian,8,2,0.2,96,local,56,0.000651041667,0.0,0.0430345157,0.0004482762
support_growth_hessian,8,2,0.2,96,local,57,0.000651041667,0.0,0.1439679882,0.0014996665
support_growth_hessian,8,2,0.2,96,local,58,0.000651041667,0.0,0.1567832542,0.0016331589
support_growth_hessian,8,2,0.2,96,local,59,0.000651041667,0.0,0.0426852396,0.0004446379
support_growth_hessian,8,2,0.2,96,local,60,0.000651041667,0.0,0.1430856622,0.0014904756
support_growth_hessian,8,2,0.2,96,local,61,0.000651041667,0.0,0.1554190419,0.0016189484
support_growth_hessian,8,2,0.2,96,local,62,0.000651041667,0.0,0.0423501208,0.0004411471
support_growth_hessian,8,2,0.2,96,local,63,0.000651041667,0.0,0.1422392085,0.0014816584
support_growth_hessian,8,2,0.2,96,local,64,0.000651041667,0.0,0.154112696,0.0016053406
support_growth_hessian,8,2,0.2,96,local,65,0.000651041667,0.0,0.0420289261,0.0004378013
support_growth_hessian,8,2,0.2,96,local,66,0.000651041667,0.0,0.141428133,0.0014732097
support_growth_hessian,8,2,0.2,96,local,67,0.000651041667,0.0,0.152863172,0.0015923247
support_growth_hessian,8,2,0.2,96,local,68,0.000651041667,0.0,0.0417214327,0.0004345983
support_growth_hessian,8,2,0.2,96,local,69,0.000651041667,0.0,0.1406519632,0.0014651246
support_growth_hessian,8,2,0.2,96,local,70,0.000651041667,0.0,0.1516694726,0.0015798903
support_growth_hessian,8,2,0.2,96,local,71,0.000651041667,0.0,0.0414274281,0.0004315357
support_growth_hessian,8,2,0.2,96,local,72,0.000651041667,0.0,0.139910248,0.0014573984
support_growth_hessian,8,2,0.2,96,local,73,0.000651041667,0.0,0.1505306475,0.0015680276
support_growth_hessian,8,2,0.2,96,local,74,0.000651041667,0.0,0.0411467118,0.0004286116
support_growth_hessian,8,2,0.2,96,local,75,0.000651041667,0.0,0.1392025574,0.0014500266
support_growth_hessian,8,2,0.2,96,local,76,0.000651041667,0.0,0.1494457915,0.001556727
support_growth_hessian,8,2,0.2,96,local,77,0.000651041667,0.0,0.0408790852,0.0004258238
support_growth_hessian,8,2,0.2,96,local,78,0.000651041667,0.0,0.138528482,0.001443005
support_growth_hessian,8,2,0.2,96,local,79,0.000651041667,0.0,0.1484140443,0.0015459796
support_growth_hessian,8,2,0.2,96,local,80,0.000651041667,0.0,0.0406243673,0.0004231705
support_growth_hessian,8,2,0.2,96,local,81,0.000651041667,0.0,0.1378876325,0.0014363295
support_growth_hessian,8,2,0.2,96,local,82,0.000651041667,0.0,0.1474345891,0.001535777
support_growth_hessian,8,2,0.2,96,local,83,0.000651041667,0.0,0.0403823833,0.0004206498
support_growth_hessian,8,2,0.2,96,local,84,0.000651041667,0.0,0.1372796399,0.0014299962
support_growth_hessian,8,2,0.2,96,local,85,0.000651041667,0.0,0.1465066521,0.001526111
support_growth_hessian,8,2,0.2,96,local,86,0.000651041667,0.0,0.0401529679,0.0004182601
support_growth_hessian,8,2,0.2,96,local,87,0.000651041667,0.0,0.1367041543,0.0014240016
support_growth_hessian,8,2,0.2,96,local,88,0.000651041667,0.0,0.1456295012,0.001516974
support_growth_hessian,8,2,0.2,96,local,89,0.000651041667,0.0,0.0399359642,0.0004159996
support_growth_hessian,8,2,0.2,96,local,90,0.000651041667,0.0,0.1361608455,0.0014183421
support_growth_hessian,8,2,0.2,96,local,91,0.000651041667,0.0,0.1448024458,0.0015083588
support_growth_hessian,8,2,0.2,96,local,92,0.000651041667,0.0,0.0397312233,0.0004138669
support_growth_hessian,8,2,0.2,96,local,93,0.000651041667,0.0,0.1356494021,0.0014130146
support_growth_hessian,8,2,0.2,96,local,94,0.000651041667,0.0,0.1440248354,0.0015002587
support_growth_hessian,8,2,0.2,96,local,95,0.000651041667,0.0,0.0395386083,0.0004118605
support_growth_hessian,8,2,0.2,96,local,96,0.000651041667,0.0,0.1351695316,0.001408016
support_growth_hessian,8,2,0.2,96,local,97,0.000651041667,0.0,0.1432960596,0.0014926673
support_growth_hessian,8,2,0.2,96,local,98,0.000651041667,0.0,0.0393579871,0.000409979
support_growth_hessian,8,2,0.2,96,local,99,0.000651041667,0.0,0.1347209598,0.0014033433
support_growth_hessian,8,2,0.2,96,local,100,0.000651041667,0.0,0.1426155471,0.0014855786
support_growth_hessian,8,2,0.2,96,local,101,0.000651041667,0.0,0.0391892374,0.0004082212
support_growth_hessian,8,2,0.2,96,local,102,0.000651041667,0.0,0.1343034309,0.0013989941
support_growth_hessian,8,2,0.2,96,local,103,0.000651041667,0.0,0.1419827651,0.0014789871
support_growth_hessian,8,2,0.2,96,local,104,0.000651041667,0.0,0.0390322449,0.0004065859
support_growth_hessian,8,2,0.2,96,local,105,0.000651041667,0.0,0.1339167071,0.0013949657
support_growth_hessian,8,2,0.2,96,local,106,0.000651041667,0.0,0.1413972187,0.0014728877
support_growth_hessian,8,2,0.2,96,local,107,0.000651041667,0.0,0.0388869033,0.0004050719
support_growth_hessian,8,2,0.2,96,local,108,0.000651041667,0.0,0.1335605683,0.0013912559
support_growth_hessian,8,2,0.2,96,local,109,0.000651041667,0.0,0.1408584507,0.0014672755
support_growth_hessian,8,2,0.2,96,local,110,0.000651041667,0.0,0.0387531147,0.0004036783
support_growth_hessian,8,2,0.2,96,local,111,0.000651041667,0.0,0.1332348123,0.0013878626
support_growth_hessian,8,2,0.2,96,local,112,0.000651041667,0.0,0.1403660406,0.0014621463
support_growth_hessian,8,2,0.2,96,local,113,0.000651041667,0.0,0.0386307889,0.0004024041
support_growth_hessian,8,2,0.2,96,local,114,0.000651041667,0.0,0.1329392542,0.0013847839
support_growth_hessian,8,2,0.2,96,local,115,0.000651041667,0.0,0.1399196047,0.0014574959
support_growth_hessian,8,2,0.2,96,local,116,0.000651041667,0.0,0.0385198434,0.0004012484
support_growth_hessian,8,2,0.2,96,local,117,0.000651041667,0.0,0.1326737263,0.001382018
support_growth_hessian,8,2,0.2,96,local,118,0.000651041667,0.0,0.1395187953,0.0014533208
support_growth_hessian,8,2,0.2,96,local,119,0.000651041667,0.0,0.0384202037,0.0004002105
support_growth_hessian,8,2,0.2,96,local,120,0.000651041667,0.0,0.1324380784,0.0013795633
support_growth_hessian,8,2,0.2,96,local,121,0.000651041667,0.0,0.1391633005,0.0014496177
support_growth_hessian,8,2,0.2,96,local,122,0.000651041667,0.0,0.0383318026,0.0003992896
support_growth_hessian,8,2,0.2,96,local,123,0.000651041667,0.0,0.1322321769,0.0013774185
support_growth_hessian,8,2,0.2,96,local,124,0.000651041667,0.0,0.1388528441,0.0014463838
support_growth_hessian,8,2,0.2,96,local,125,0.000651041667,0.0,0.0382545809,0.0003984852
support_growth_hessian,8,2,0.2,96,local,126,0.000651041667,0.0,0.1320559055,0.0013755823
support_growth_hessian,8,2,0.2,96,local,127,0.000651041667,0.0,0.1385871847,0.0014436165
support_growth_hessian,8,2,0.2,96,local,128,0.000651041667,0.0,0.0381884868,0.0003977967
support_growth_hessian,8,2,0.2,96,local,129,0.000651041667,0.0,0.1319091645,0.0013740538
support_growth_hessian,8,2,0.2,96,local,130,0.000651041667,0.0,0.138366116,0.0014413137
support_growth_hessian,8,2,0.2,96,local,131,0.000651041667,0.0,0.0381334758,0.0003972237
support_growth_hessian,8,2,0.2,96,local,132,0.000651041667,0.0,0.1317918709,0.001372832
support_growth_hessian,8,2,0.2,96,local,133,0.000651041667,0.0,0.1381894665,0.0014394736
support_growth_hessian,8,2,0.2,96,local,134,0.000651041667,0.0,0.0380895112,0.0003967657
support_growth_hessian,8,2,0.2,96,local,135,0.000651041667,0.0,0.1317039586,0.0013719162
support_growth_hessian,8,2,0.2,96,local,136,0.000651041667,0.0,0.1380570992,0.0014380948
support_growth_hessian,8,2,0.2,96,local,137,0.000651041667,0.0,0.0380565635,0.0003964225
support_growth_hessian,8,2,0.2,96,local,138,0.000651041667,0.0,0.131645378,0.001371306
support_growth_hessian,8,2,0.2,96,local,139,0.000651041667,0.0,0.1379689112,0.0014371762
support_growth_hessian,8,2,0.2,96,local,140,0.000651041667,0.0,0.0380346106,0.0003961939
support_growth_hessian,8,2,0.2,96,local,141,0.000651041667,0.0,0.1316160959,0.001371001
support_growth_hessian,8,2,0.2,96,local,142,0.000651041667,0.0,0.1379248343,0.001436717
support_growth_hessian,8,2,0.2,96,local,143,0.000651041667,0.0,0.0380236378,0.0003960796
support_growth_hessian,8,2,0.2,96,local,144,0.000651041667,0.0,0.1316160959,0.001371001
support_growth_hessian,8,2,0.2,96,local,145,0.000651041667,0.0,0.1379248343,0.001436717
support_growth_hessian,8,2,0.2,96,local,146,0.000651041667,0.0,0.0380236378,0.0003960796
support_growth_hessian,8,2,0.2,96,local,147,0.000651041667,0.0,0.131645378,0.001371306
support_growth_hessian,8,2,0.2,96,local,148,0.000651041667,0.0,0.1379689112,0.0014371762
support_growth_hessian,8,2,0.2,96,local,149,0.000651041667,0.0,0.0380346106,0.0003961939
support_growth_hessian,8,2,0.2,96,local,150,0.000651041667,0.0,0.1317039586,0.0013719162
support_growth_hessian,8,2,0.2,96,local,151,0.000651041667,0.0,0.1380570992,0.0014380948
support_growth_hessian,8,2,0.2,96,local,152,0.000651041667,0.0,0.0380565635,0.0003964225
support_growth_hessian,8,2,0.2,96,local,153,0.000651041667,0.0,0.1317918709,0.001372832
support_growth_hessian,8,2,0.2,96,local,154,0.000651041667,0.0,0.1381894665,0.0014394736
support_growth_hessian,8,2,0.2,96,local,155,0.000651041667,0.0,0.0380895112,0.0003967657
support_growth_hessian,8,2,0.2,96,local,156,0.000651041667,0.0,0.1319091644,0.0013740538
support_growth_hessian,8,2,0.2,96,local,157,0.000651041667,0.0,0.138366116,0.0014413137
support_growth_hessian,8,2,0.2,96,local,158,0.000651041667,0.0,0.0381334758,0.0003972237
support_growth_hessian,8,2,0.2,96,local,159,0.000651041667,0.0,0.1320559055,0.0013755823
support_growth_hessian,8,2,0.2,96,local,160,0.000651041667,0.0,0.1385871847,0.0014436165
support_growth_hessian,8,2,0.2,96,local,161,0.000651041667,0.0,0.0381884867,0.0003977967
support_growth_hessian,8,2,0.2,96,local,162,0.000651041667,0.0,0.1322321768,0.0013774185
support_growth_hessian,8,2,0.2,96,local,163,0.000651041667,0.0,0.1388528441,0.0014463838
support_growth_hessian,8,2,0.2,96,local,164,0.000651041667,0.0,0.0382545809,0.0003984852
support_growth_hessian,8,2,0.2,96,local,165,0.000651041667,0.0,0.1324380784,0.0013795633
support_growth_hessian,8,2,0.2,96,local,166,0.000651041667,0.0,0.1391633005,0.0014496177
support_growth_hessian,8,2,0.2,96,local,167,0.000651041667,0.0,0.0383318026,0.0003992896
support_growth_hessian,8,2,0.2,96,local,168,0.000651041667,0.0,0.1326737263,0.001382018
support_growth_hessian,8,2,0.2,96,local,169,0.000651041667,0.0,0.1395187953,0.0014533208
support_growth_hessian,8,2,0.2,96,local,170,0.000651041667,0.0,0.0384202037,0.0004002105
support_growth_hessian,8,2,0.2,96,local,171,0.000651041667,0.0,0.1329392542,0.0013847839
support_growth_hessian,8,2,0.2,96,local,172,0.000651041667,0.0,0.1399196047,0.0014574959
support_growth_hessian,8,2,0.2,96,local,173,0.000651041667,0.0,0.0385198435,0.0004012484
support_growth_hessian,8,2,0.2,96,local,174,0.000651041667,0.0,0.1332348123,0.0013878626
support_growth_hessian,8,2,0.2,96,local,175,0.000651041667,0.0,0.1403660406,0.0014621463
support_growth_hessian,8,2,0.2,96,local,176,0.000651041667,0.0,0.0386307889,0.0004024041
support_growth_hessian,8,2,0.2,96,local,177,0.000651041667,0.0,0.1335605683,0.0013912559
support_growth_hessian,8,2,0.2,96,local,178,0.000651041667,0.0,0.1408584506,0.0014672755
support_growth_hessian,8,2,0.2,96,local,179,0.000651041667,0.0,0.0387531147,0.0004036783
support_growth_hessian,8,2,0.2,96,local,180,0.000651041667,0.0,0.1339167071,0.0013949657
support_growth_hessian,8,2,0.2,96,local,181,0.000651041667,0.0,0.1413972187,0.0014728877
support_growth_hessian,8,2,0.2,96,local,182,0.000651041667,0.0,0.0388869033,0.0004050719
support_growth_hessian,8,2,0.2,96,local,183,0.000651041667,0.0,0.1343034309,0.0013989941
support_growth_hessian,8,2,0.2,96,local,184,0.000651041667,0.0,0.1419827651,0.0014789871
support_growth_hessian,8,2,0.2,96,local,185,0.000651041667,0.0,0.0390322448,0.0004065859
support_growth_hessian,8,2,0.2,96,local,186,0.000651041667,0.0,0.1347209598,0.0014033433
support_growth_hessian,8,2,0.2,96,local,187,0.000651041667,0.0,0.1426155471,0.0014855786
support_growth_hessian,8,2,0.2,96,local,188,0.000651041667,0.0,0.0391892374,0.0004082212
support_growth_hessian,8,2,0.2,96,local,189,0.000651041667,0.0,0.1351695316,0.001408016
support_growth_hessian,8,2,0.2,96,local,190,0.000651041667,0.0,0.1432960596,0.0014926673
support_growth_hessian,8,2,0.2,96,local,191,0.000651041667,0.0,0.0393579871,0.000409979
support_growth_hessian,8,2,0.2,96,local,192,0.000651041667,0.0,0.1356494021,0.0014130146
support_growth_hessian,8,2,0.2,96,local,193,0.000651041667,0.0,0.1440248354,0.0015002587
support_growth_hessian,8,2,0.2,96,local,194,0.000651041667,0.0,0.0395386082,0.0004118605
support_growth_hessian,8,2,0.2,96,local,195,0.000651041667,0.0,0.1361608455,0.0014183421
support_growth_hessian,8,2,0.2,96,local,196,0.000651041667,0.0,0.1448024457,0.0015083588
support_growth_hessian,8,2,0.2,96,local,197,0.000651041667,0.0,0.0397312232,0.0004138669
support_growth_hessian,8,2,0.2,96,local,198,0.000651041667,0.0,0.1367041543,0.0014240016
support_growth_hessian,8,2,0.2,96,local,199,0.000651041667,0.0,0.1456295012,0.001516974
support_growth_hessian,8,2,0.2,96,local,200,0.000651041667,0.0,0.0399359641,0.0004159996
support_growth_hessian,8,2,0.2,96,local,201,0.000651041667,0.0,0.1372796398,0.0014299962
support_growth_hessian,8,2,0.2,96,local,202,0.000651041667,0.0,0.1465066521,0.001526111
support_growth_hessian,8,2,0.2,96,local,203,0.000651041667,0.0,0.0401529678,0.0004182601
support_growth_hessian,8,2,0.2,96,local,204,0.000651041667,0.0,0.1378876326,0.0014363295
support_growth_hessian,8,2,0.2,96,local,205,0.000651041667,0.0,0.1474345891,0.001535777
support_growth_hessian,8,2,0.2,96,local,206,0.000651041667,0.0,0.0403823833,0.0004206498
support_growth_hessian,8,2,0.2,96,local,207,0.000651041667,0.0,0.138528482,0.001443005
support_growth_hessian,8,2,0.2,96,local,208,0.000651041667,0.0,0.1484140443,0.0015459796
support_growth_hessian,8,2,0.2,96,local,209,0.000651041667,0.0,0.0406243673,0.0004231705
support_growth_hessian,8,2,0.2,96,local,210,0.000651041667,0.0,0.1392025574,0.0014500266
support_growth_hessian,8,2,0.2,96,local,211,0.000651041667,0.0,0.1494457915,0.001556727
support_growth_hessian,8,2,0.2,96,local,212,0.000651041667,0.0,0.0408790852,0.0004258238
support_growth_hessian,8,2,0.2,96,local,213,0.000651041667,0.0,0.139910248,0.0014573984
support_growth_hessian,8,2,0.2,96,local,214,0.000651041667,0.0,0.1505306474,0.0015680276
support_growth_hessian,8,2,0.2,96,local,215,0.000651041667,0.0,0.0411467118,0.0004286116
support_growth_hessian,8,2,0.2,96,local,216,0.000651041667,0.0,0.1406519632,0.0014651246
support_growth_hessian,8,2,0.2,96,local,217,0.000651041667,0.0,0.1516694726,0.0015798903
support_growth_hessian,8,2,0.2,96,local,218,0.000651041667,0.0,0.0414274281,0.0004315357
support_growth_hessian,8,2,0.2,96,local,219,0.000651041667,0.0,0.141428133,0.0014732097
support_growth_hessian,8,2,0.2,96,local,220,0.000651041667,0.0,0.152863172,0.0015923247
support_growth_hessian,8,2,0.2,96,local,221,0.000651041667,0.0,0.0417214327,0.0004345983
support_growth_hessian,8,2,0.2,96,local,222,0.000651041667,0.0,0.1422392085,0.0014816584
support_growth_hessian,8,2,0.2,96,local,223,0.000651041667,0.0,0.154112696,0.0016053406
support_growth_hessian,8,2,0.2,96,local,224,0.000651041667,0.0,0.0420289261,0.0004378013
support_growth_hessian,8,2,0.2,96,local,225,0.000651041667,0.0,0.1430856622,0.0014904756
support_growth_hessian,8,2,0.2,96,local,226,0.000651041667,0.0,0.1554190419,0.0016189484
support_growth_hessian,8,2,0.2,96,local,227,0.000651041667,0.0,0.0423501208,0.0004411471
support_growth_hessian,8,2,0.2,96,local,228,0.000651041667,0.0,0.1439679882,0.0014996665
support_growth_hessian,8,2,0.2,96,local,229,0.000651041667,0.0,0.1567832542,0.0016331589
support_growth_hessian,8,2,0.2,96,local,230,0.000651041667,0.0,0.0426852396,0.0004446379
support_growth_hessian,8,2,0.2,96,local,231,0.000651041667,0.0,0.1448867031,0.0015092365
support_growth_hessian,8,2,0.2,96,local,232,0.000651041667,0.0,0.1582064265,0.0016479836
support_growth_hessian,8,2,0.2,96,local,233,0.000651041667,0.0,0.0430345157,0.0004482762
support_growth_hessian,8,2,0.2,96,local,234,0.000651041667,0.0,0.145842346,0.0015191911
support_growth_hessian,8,2,0.2,96,local,235,0.000651041667,0.0,0.159689702,0.0016634344
support_growth_hessian,8,2,0.2,96,local,236,0.000651041667,0.0,0.0433981924,0.0004520645
support_growth_hessian,8,2,0.2,96,local,237,0.000651041667,0.0,0.1468354794,0.0015295362
support_growth_hessian,8,2,0.2,96,local,238,0.000651041667,0.0,0.1612342754,0.0016795237
support_growth_hessian,8,2,0.2,96,local,239,0.000651041667,0.0,0.043776524,0.0004560055
support_growth_hessian,8,2,0.2,96,local,240,0.000651041667,0.0,0.1478666893,0.001540278
support_growth_hessian,8,2,0.2,96,local,241,0.000651041667,0.0,0.1628413936,0.0016962645
support_growth_hessian,8,2,0.2,96,local,242,0.000651041667,0.0,0.0441697759,0.0004601018
support_growth_hessian,8,2,0.2,96,local,243,0.000651041667,0.0,0.1489365857,0.0015514228
support_growth_hessian,8,2,0.2,96,local,244,0.000651041667,0.0,0.1645123573,0.0017136704
support_growth_hessian,8,2,0.2,96,local,245,0.000651041667,0.0,0.0445782244,0.0004643565
support_growth_hessian,8,2,0.2,96,local,246,0.000651041667,0.0,0.1500458038,0.0015629771
support_growth_hessian,8,2,0.2,96,local,247,0.000651041667,0.0,0.1662485224,0.0017317554
support_growth_hessian,8,2,0.2,96,local,248,0.000651041667,0.0,0.0450021576,0.0004687725
support_growth_hessian,8,2,0.2,96,local,249,0.000651041667,0.0,0.1511950038,0.001574948
support_growth_hessian,8,2,0.2,96,local,250,0.000651041667,0.0,0.1680513016,0.0017505344
support_growth_hessian,8,2,0.2,96,local,251,0.000651041667,0.0,0.0454418755,0.0004733529
support_growth_hessian,8,2,0.2,96,local,252,0.000651041667,0.0,0.1523848719,0.0015873424
support_growth_hessian,8,2,0.2,96,local,253,0.000651041667,0.0,0.1699221657,0.0017700226
support_growth_hessian,8,2,0.2,96,local,254,0.000651041667,0.0,0.04589769,0.0004781009
support_growth_hessian,8,2,0.2,96,local,255,0.000651041667,0.0,0.1536161208,0.0016001679
support_growth_hessian,8,2,0.2,96,local,256,0.000651041667,0.0,0.1718626454,0.0017902359
support_growth_hessian,8,2,0.2,96,local,257,0.000651041667,0.0,0.0463699256,0.0004830201
support_growth_hessian,8,2,0.2,96,local,258,0.000651041667,0.0,0.1548894904,0.0016134322
support_growth_hessian,8,2,0.2,96,local,259,0.000651041667,0.0,0.1738743328,0.001811191
support_growth_hessian,8,2,0.2,96,local,260,0.000651041667,0.0,0.0468589196,0.0004881137
support_growth_hessian,8,2,0.2,96,local,261,0.000651041667,0.0,0.1562057483,0.0016271432
support_growth_hessian,8,2,0.2,96,local,262,0.000651041667,0.0,0.1759588833,0.001832905
support_growth_hessian,8,2,0.2,96,local,263,0.000651041667,0.0,0.0473650225,0.0004933857
support_growth_hessian,8,2,0.2,96,local,264,0.000651041667,0.0,0.1575656906,0.0016413093
support_growth_hessian,8,2,0.2,96,local,265,0.000651041667,0.0,0.1781180174,0.001855396
support_growth_hessian,8,2,0.2,96,local,266,0.000651041667,0.0,0.047888598,0.0004988396
support_growth_hessian,8,2,0.2,96,local,267,0.000651041667,0.0,0.1589701429,0.001655939
support_growth_hessian,8,2,0.2,96,local,268,0.000651041667,0.0,0.1803535225,0.0018786825
support_growth_hessian,8,2,0.2,96,local,269,0.000651041667,0.0,0.0484300241,0.0005044794
support_growth_hessian,8,2,0.2,96,local,270,0.000651041667,0.0,0.1604199607,0.0016710413
support_growth_hessian,8,2,0.2,96,local,271,0.000651041667,0.0,0.1826672552,0.0019027839
support_growth_hessian,8,2,0.2,96,local,272,0.000651041667,0.0,0.0489896929,0.0005103093
support_growth_hessian,8,2,0.2,96,local,273,0.000651041667,0.0,0.16191603,0.0016866253
support_growth_hessian,8,2,0.2,96,local,274,0.000651041667,0.0,0.1850611427,0.0019277202
support_growth_hessian,8,2,0.2,96,local,275,0.000651041667,0.0,0.0495680109,0.0005163334
support_growth_hessian,8,2,0.2,96,local,276,0.000651041667,0.0,0.1634592689,0.0017027007
support_growth_hessian,8,2,0.2,96,local,277,0.000651041667,0.0,0.1875371858,0.0019535124
support_growth_hessian,8,2,0.2,96,local,278,0.000651041667,0.0,0.0501654001,0.0005225563
support_growth_hessian,8,2,0.2,96,local,279,0.000651041667,0.0,0.1650506275,0.0017192774
support_growth_hessian,8,2,0.2,96,local,280,0.000651041667,0.0,0.1900974604,0.0019801819
support_growth_hessian,8,2,0.2,96,local,281,0.000651041667,0.0,0.0507822978,0.0005289823
support_growth_hessian,8,2,0.2,96,local,282,0.000651041667,0.0,0.1666910895,0.0017363655
support_growth_hessian,8,2,0.2,96,local,283,0.000651041667,0.0,0.1927441203,0.0020077513
support_growth_hessian,8,2,0.2,96,local,284,0.000651041667,0.0,0.0514191576,0.0005356162
support_growth_hessian,8,2,0.2,96,local,285,0.000651041667,0.0,0.1683816727,0.0017539758
support_growth_hessian,8,2,0.2,96,local,286,0.000651041667,0.0,0.1954793995,0.0020362437
support_growth_hessian,8,2,0.2,96,local,287,0.000651041667,0.0,0.052076449,0.000542463
support_growth_hessian,8,2,0.2,96,collective,0,0.000651041667,0.0,12.5908718102,0.1311549147
support_growth_hessian,8,2,0.2,96,collective,1,0.000651041667,0.0,12.5378003408,0.1306020869
support_growth_hessian,8,2,0.2,96,collective,2,0.000651041667,0.0,3.5100646853,0.0365631738
support_growth_hessian,8,2,0.3,24,local,0,0.002604166667,0.0,0.1533748752,0.0063906198
support_growth_hessian,8,2,0.3,24,local,1,0.002604166667,0.0,0.1746597158,0.0072774882
support_growth_hessian,8,2,0.3,24,local,2,0.002604166667,0.0,0.0326524971,0.0013605207
support_growth_hessian,8,2,0.3,24,local,3,0.002604166667,0.0,0.1488890658,0.0062037111
support_growth_hessian,8,2,0.3,24,local,4,0.002604166667,0.0,0.1668228977,0.0069509541
support_growth_hessian,8,2,0.3,24,local,5,0.002604166667,0.0,0.0314125168,0.0013088549
support_growth_hessian,8,2,0.3,24,local,6,0.002604166667,0.0,0.1449038049,0.0060376585
support_growth_hessian,8,2,0.3,24,local,7,0.002604166667,0.0,0.1599186484,0.006663277
support_growth_hessian,8,2,0.3,24,local,8,0.002604166667,0.0,0.0303162924,0.0012631789
support_growth_hessian,8,2,0.3,24,local,9,0.002604166667,0.0,0.1413911138,0.0058912964
support_growth_hessian,8,2,0.3,24,local,10,0.002604166667,0.0,0.1538797271,0.0064116553
support_growth_hessian,8,2,0.3,24,local,11,0.002604166667,0.0,0.0293543842,0.0012230993
support_growth_hessian,8,2,0.3,24,local,12,0.002604166667,0.0,0.1383265698,0.0057636071
support_growth_hessian,8,2,0.3,24,local,13,0.002604166667,0.0,0.1486478544,0.0061936606
support_growth_hessian,8,2,0.3,24,local,14,0.002604166667,0.0,0.0285185912,0.0011882746
support_growth_hessian,8,2,0.3,24,local,15,0.002604166667,0.0,0.1356890533,0.0056537106
support_growth_hessian,8,2,0.3,24,local,16,0.002604166667,0.0,0.1441729581,0.0060072066
support_growth_hessian,8,2,0.3,24,local,17,0.002604166667,0.0,0.0278018527,0.0011584105
support_growth_hessian,8,2,0.3,24,local,18,0.002604166667,0.0,0.1334605301,0.0055608554
support_growth_hessian,8,2,0.3,24,local,19,0.002604166667,0.0,0.1404125293,0.0058505221
support_growth_hessian,8,2,0.3,24,local,20,0.002604166667,0.0,0.0271981628,0.0011332568
support_growth_hessian,8,2,0.3,24,local,21,0.002604166667,0.0,0.1316258672,0.0054844111
support_growth_hessian,8,2,0.3,24,local,22,0.002604166667,0.0,0.1373310801,0.0057221283
support_growth_hessian,8,2,0.3,24,local,23,0.002604166667,0.0,0.0267024991,0.0011126041
support_growth_hessian,8,2,0.3,24,local,24,0.002604166667,0.0,0.1301726797,0.0054238617
support_growth_hessian,8,2,0.3,24,local,25,0.002604166667,0.0,0.1348996939,0.0056208206
support_growth_hessian,8,2,0.3,24,local,26,0.002604166667,0.0,0.0263107633,0.0010962818
support_growth_hessian,8,2,0.3,24,local,27,0.002604166667,0.0,0.1290912051,0.0053788002
support_growth_hessian,8,2,0.3,24,local,28,0.002604166667,0.0,0.1330956607,0.0055456525
support_growth_hessian,8,2,0.3,24,local,29,0.002604166667,0.0,0.0260197329,0.0010841555
support_growth_hessian,8,2,0.3,24,local,30,0.002604166667,0.0,0.1283742058,0.0053489252
support_growth_hessian,8,2,0.3,24,local,31,0.002604166667,0.0,0.1319021918,0.0054959247
support_growth_hessian,8,2,0.3,24,local,32,0.002604166667,0.0,0.0258270231,0.001076126
support_growth_hessian,8,2,0.3,24,local,33,0.002604166667,0.0,0.1280168966,0.0053340374
support_growth_hessian,8,2,0.3,24,local,34,0.002604166667,0.0,0.1313082095,0.0054711754
support_growth_hessian,8,2,0.3,24,local,35,0.002604166667,0.0,0.0257310596,0.0010721275
support_growth_hessian,8,2,0.3,24,local,36,0.002604166667,0.0,0.1280168966,0.0053340374
support_growth_hessian,8,2,0.3,24,local,37,0.002604166667,0.0,0.1313082095,0.0054711754
support_growth_hessian,8,2,0.3,24,local,38,0.002604166667,0.0,0.0257310596,0.0010721275
support_growth_hessian,8,2,0.3,24,local,39,0.002604166667,0.0,0.1283742058,0.0053489252
support_growth_hessian,8,2,0.3,24,local,40,0.002604166667,0.0,0.1319021918,0.0054959247
support_growth_hessian,8,2,0.3,24,local,41,0.002604166667,0.0,0.0258270231,0.001076126
support_growth_hessian,8,2,0.3,24,local,42,0.002604166667,0.0,0.1290912051,0.0053788002
support_growth_hessian,8,2,0.3,24,local,43,0.002604166667,0.0,0.1330956607,0.0055456525
support_growth_hessian,8,2,0.3,24,local,44,0.002604166667,0.0,0.0260197329,0.0010841555
support_growth_hessian,8,2,0.3,24,local,45,0.002604166667,0.0,0.1301726797,0.0054238617
support_growth_hessian,8,2,0.3,24,local,46,0.002604166667,0.0,0.1348996939,0.0056208206
support_growth_hessian,8,2,0.3,24,local,47,0.002604166667,0.0,0.0263107633,0.0010962818
support_growth_hessian,8,2,0.3,24,local,48,0.002604166667,0.0,0.1316258672,0.0054844111
support_growth_hessian,8,2,0.3,24,local,49,0.002604166667,0.0,0.1373310801,0.0057221283
support_growth_hessian,8,2,0.3,24,local,50,0.002604166667,0.0,0.0267024991,0.0011126041
support_growth_hessian,8,2,0.3,24,local,51,0.002604166667,0.0,0.1334605301,0.0055608554
support_growth_hessian,8,2,0.3,24,local,52,0.002604166667,0.0,0.1404125293,0.0058505221
support_growth_hessian,8,2,0.3,24,local,53,0.002604166667,0.0,0.0271981628,0.0011332568
support_growth_hessian,8,2,0.3,24,local,54,0.002604166667,0.0,0.1356890533,0.0056537106
support_growth_hessian,8,2,0.3,24,local,55,0.002604166667,0.0,0.1441729581,0.0060072066
support_growth_hessian,8,2,0.3,24,local,56,0.002604166667,0.0,0.0278018527,0.0011584105
support_growth_hessian,8,2,0.3,24,local,57,0.002604166667,0.0,0.1383265698,0.0057636071
support_growth_hessian,8,2,0.3,24,local,58,0.002604166667,0.0,0.1486478544,0.0061936606
support_growth_hessian,8,2,0.3,24,local,59,0.002604166667,0.0,0.0285185912,0.0011882746
support_growth_hessian,8,2,0.3,24,local,60,0.002604166667,0.0,0.1413911138,0.0058912964
support_growth_hessian,8,2,0.3,24,local,61,0.002604166667,0.0,0.1538797271,0.0064116553
support_growth_hessian,8,2,0.3,24,local,62,0.002604166667,0.0,0.0293543842,0.0012230993
support_growth_hessian,8,2,0.3,24,local,63,0.002604166667,0.0,0.1449038049,0.0060376585
support_growth_hessian,8,2,0.3,24,local,64,0.002604166667,0.0,0.1599186484,0.006663277
support_growth_hessian,8,2,0.3,24,local,65,0.002604166667,0.0,0.0303162924,0.0012631789
support_growth_hessian,8,2,0.3,24,local,66,0.002604166667,0.0,0.1488890658,0.0062037111
support_growth_hessian,8,2,0.3,24,local,67,0.002604166667,0.0,0.1668228977,0.0069509541
support_growth_hessian,8,2,0.3,24,local,68,0.002604166667,0.0,0.0314125168,0.0013088549
support_growth_hessian,8,2,0.3,24,local,69,0.002604166667,0.0,0.1533748752,0.0063906198
support_growth_hessian,8,2,0.3,24,local,70,0.002604166667,0.0,0.1746597158,0.0072774882
support_growth_hessian,8,2,0.3,24,local,71,0.002604166667,0.0,0.0326524971,0.0013605207
support_growth_hessian,8,2,0.3,24,collective,0,0.002604166667,0.0,3.0654705809,0.1277279409
support_growth_hessian,8,2,0.3,24,collective,1,0.002604166667,0.0,3.0625476532,0.1276061522
support_growth_hessian,8,2,0.3,24,collective,2,0.002604166667,0.0,0.6053952713,0.025224803
support_growth_hessian,8,2,0.3,48,local,0,0.001302083333,0.0,0.1534313762,0.003196487
support_growth_hessian,8,2,0.3,48,local,1,0.001302083333,0.0,0.1746739018,0.0036390396
support_growth_hessian,8,2,0.3,48,local,2,0.001302083333,0.0,0.0326746809,0.0006807225
support_growth_hessian,8,2,0.3,48,local,3,0.001302083333,0.0,0.1511646376,0.0031492633
support_growth_hessian,8,2,0.3,48,local,4,0.001302083333,0.0,0.1707002674,0.0035562556
support_growth_hessian,8,2,0.3,48,local,5,0.001302083333,0.0,0.0320468857,0.0006676435
support_growth_hessian,8,2,0.3,48,local,6,0.001302083333,0.0,0.1490219207,0.0031046233
support_growth_hessian,8,2,0.3,48,local,7,0.001302083333,0.0,0.1669600683,0.0034783348
support_growth_hessian,8,2,0.3,48,local,8,0.001302083333,0.0,0.0314549277,0.000655311
support_growth_hessian,8,2,0.3,48,local,9,0.001302083333,0.0,0.1469995888,0.0030624914
support_growth_hessian,8,2,0.3,48,local,10,0.001302083333,0.0,0.1634445047,0.0034050938
support_growth_hessian,8,2,0.3,48,local,11,0.001302083333,0.0,0.030897574,0.0006436995
support_growth_hessian,8,2,0.3,48,local,12,0.001302083333,0.0,0.1450942272,0.0030227964
support_growth_hessian,8,2,0.3,48,local,13,0.001302083333,0.0,0.1601453454,0.0033363614
support_growth_hessian,8,2,0.3,48,local,14,0.001302083333,0.0,0.0303736704,0.0006327848
support_growth_hessian,8,2,0.3,48,local,15,0.001302083333,0.0,0.1433026347,0.0029854716
support_growth_hessian,8,2,0.3,48,local,16,0.001302083333,0.0,0.1570549016,0.0032719771
support_growth_hessian,8,2,0.3,48,local,17,0.001302083333,0.0,0.0298821371,0.0006225445
support_growth_hessian,8,2,0.3,48,local,18,0.001302083333,0.0,0.1416218156,0.0029504545
support_growth_hessian,8,2,0.3,48,local,19,0.001302083333,0.0,0.1541660031,0.0032117917
support_growth_hessian,8,2,0.3,48,local,20,0.001302083333,0.0,0.0294219663,0.0006129576
support_growth_hessian,8,2,0.3,48,local,21,0.001302083333,0.0,0.1400489724,0.0029176869
support_growth_hessian,8,2,0.3,48,local,22,0.001302083333,0.0,0.1514719761,0.0031556662
support_growth_hessian,8,2,0.3,48,local,23,0.001302083333,0.0,0.0289922187,0.0006040046
support_growth_hessian,8,2,0.3,48,local,24,0.001302083333,0.0,0.1385814983,0.0028871145
support_growth_hessian,8,2,0.3,48,local,25,0.001302083333,0.0,0.1489666225,0.0031034713
support_growth_hessian,8,2,0.3,48,local,26,0.001302083333,0.0,0.0285920212,0.0005956671
support_growth_hessian,8,2,0.3,48,local,27,0.001302083333,0.0,0.1372169715,0.0028586869
support_growth_hessian,8,2,0.3,48,local,28,0.001302083333,0.0,0.1466442004,0.0030550875
support_growth_hessian,8,2,0.3,48,local,29,0.001302083333,0.0,0.0282205641,0.0005879284
support_growth_hessian,8,2,0.3,48,local,30,0.001302083333,0.0,0.1359531486,0.0028323573
support_growth_hessian,8,2,0.3,48,local,31,0.001302083333,0.0,0.144499407,0.0030104043
support_growth_hessian,8,2,0.3,48,local,32,0.001302083333,0.0,0.027877099,0.0005807729
support_growth_hessian,8,2,0.3,48,local,33,0.001302083333,0.0,0.1347879595,0.0028080825
support_growth_hessian,8,2,0.3,48,local,34,0.001302083333,0.0,0.1425273621,0.00296932
support_growth_hessian,8,2,0.3,48,local,35,0.001302083333,0.0,0.0275609363,0.0005741862
support_growth_hessian,8,2,0.3,48,local,36,0.001302083333,0.0,0.1337195022,0.002785823
support_growth_hessian,8,2,0.3,48,local,37,0.001302083333,0.0,0.140723593,0.0029317415
support_growth_hessian,8,2,0.3,48,local,38,0.001302083333,0.0,0.0272714437,0.0005681551
support_growth_hessian,8,2,0.3,48,local,39,0.001302083333,0.0,0.132746038,0.0027655425
support_growth_hessian,8,2,0.3,48,local,40,0.001302083333,0.0,0.1390840213,0.0028975838
support_growth_hessian,8,2,0.3,48,local,41,0.001302083333,0.0,0.027008044,0.0005626676
support_growth_hessian,8,2,0.3,48,local,42,0.001302083333,0.0,0.1318659877,0.0027472081
support_growth_hessian,8,2,0.3,48,local,43,0.001302083333,0.0,0.1376049501,0.0028667698
support_growth_hessian,8,2,0.3,48,local,44,0.001302083333,0.0,0.0267702138,0.0005577128
support_growth_hessian,8,2,0.3,48,local,45,0.001302083333,0.0,0.1310779274,0.0027307902
support_growth_hessian,8,2,0.3,48,local,46,0.001302083333,0.0,0.1362830533,0.0028392303
support_growth_hessian,8,2,0.3,48,local,47,0.001302083333,0.0,0.0265574818,0.0005532809
support_growth_hessian,8,2,0.3,48,local,48,0.001302083333,0.0,0.130380585,0.0027162622
support_growth_hessian,8,2,0.3,48,local,49,0.001302083333,0.0,0.1351153648,0.0028149034
support_growth_hessian,8,2,0.3,48,local,50,0.001302083333,0.0,0.0263694274,0.0005493631
support_growth_hessian,8,2,0.3,48,local,51,0.001302083333,0.0,0.1297728374,0.0027036008
support_growth_hessian,8,2,0.3,48,local,52,0.001302083333,0.0,0.1340992704,0.0027937348
support_growth_hessian,8,2,0.3,48,local,53,0.001302083333,0.0,0.0262056796,0.0005459517
support_growth_hessian,8,2,0.3,48,local,54,0.001302083333,0.0,0.129253708,0.0026927856
support_growth_hessian,8,2,0.3,48,local,55,0.001302083333,0.0,0.1332324995,0.0027756771
support_growth_hessian,8,2,0.3,48,local,56,0.001302083333,0.0,0.0260659164,0.0005430399
support_growth_hessian,8,2,0.3,48,local,57,0.001302083333,0.0,0.1288223636,0.0026837992
support_growth_hessian,8,2,0.3,48,local,58,0.001302083333,0.0,0.1325131184,0.00276069
support_growth_hessian,8,2,0.3,48,local,59,0.001302083333,0.0,0.025949863,0.0005406221
support_growth_hessian,8,2,0.3,48,local,60,0.001302083333,0.0,0.1284781132,0.0026766274
support_growth_hessian,8,2,0.3,48,local,61,0.001302083333,0.0,0.1319395242,0.0027487401
support_growth_hessian,8,2,0.3,48,local,62,0.001302083333,0.0,0.0258572918,0.0005386936
support_growth_hessian,8,2,0.3,48,local,63,0.001302083333,0.0,0.1282204057,0.0026712585
support_growth_hessian,8,2,0.3,48,local,64,0.001302083333,0.0,0.1315104405,0.0027398008
support_growth_hessian,8,2,0.3,48,local,65,0.001302083333,0.0,0.0257880215,0.0005372504
support_growth_hessian,8,2,0.3,48,local,66,0.001302083333,0.0,0.1280488291,0.0026676839
support_growth_hessian,8,2,0.3,48,local,67,0.001302083333,0.0,0.1312249132,0.0027338524
support_growth_hessian,8,2,0.3,48,local,68,0.001302083333,0.0,0.0257419164,0.0005362899
support_growth_hessian,8,2,0.3,48,local,69,0.001302083333,0.0,0.1279631093,0.0026658981
support_growth_hessian,8,2,0.3,48,local,70,0.001302083333,0.0,0.131082308,0.0027308814
support_growth_hessian,8,2,0.3,48,local,71,0.001302083333,0.0,0.0257188863,0.0005358101
support_growth_hessian,8,2,0.3,48,local,72,0.001302083333,0.0,0.1279631093,0.0026658981
support_growth_hessian,8,2,0.3,48,local,73,0.001302083333,0.0,0.131082308,0.0027308814
support_growth_hessian,8,2,0.3,48,local,74,0.001302083333,0.0,0.0257188863,0.0005358101
support_growth_hessian,8,2,0.3,48,local,75,0.001302083333,0.0,0.1280488291,0.0026676839
support_growth_hessian,8,2,0.3,48,local,76,0.001302083333,0.0,0.1312249132,0.0027338524
support_growth_hessian,8,2,0.3,48,local,77,0.001302083333,0.0,0.0257419164,0.0005362899
support_growth_hessian,8,2,0.3,48,local,78,0.001302083333,0.0,0.1282204057,0.0026712585
support_growth_hessian,8,2,0.3,48,local,79,0.001302083333,0.0,0.1315104405,0.0027398008
support_growth_hessian,8,2,0.3,48,local,80,0.001302083333,0.0,0.0257880215,0.0005372504
support_growth_hessian,8,2,0.3,48,local,81,0.001302083333,0.0,0.1284781132,0.0026766274
support_growth_hessian,8,2,0.3,48,local,82,0.001302083333,0.0,0.1319395242,0.0027487401
support_growth_hessian,8,2,0.3,48,local,83,0.001302083333,0.0,0.0258572918,0.0005386936
support_growth_hessian,8,2,0.3,48,local,84,0.001302083333,0.0,0.1288223636,0.0026837992
support_growth_hessian,8,2,0.3,48,local,85,0.001302083333,0.0,0.1325131184,0.00276069
support_growth_hessian,8,2,0.3,48,local,86,0.001302083333,0.0,0.025949863,0.0005406221
support_growth_hessian,8,2,0.3,48,local,87,0.001302083333,0.0,0.129253708,0.0026927856
support_growth_hessian,8,2,0.3,48,local,88,0.001302083333,0.0,0.1332324995,0.0027756771
support_growth_hessian,8,2,0.3,48,local,89,0.001302083333,0.0,0.0260659164,0.0005430399
support_growth_hessian,8,2,0.3,48,local,90,0.001302083333,0.0,0.1297728375,0.0027036008
support_growth_hessian,8,2,0.3,48,local,91,0.001302083333,0.0,0.1340992704,0.0027937348
support_growth_hessian,8,2,0.3,48,local,92,0.001302083333,0.0,0.0262056796,0.0005459517
support_growth_hessian,8,2,0.3,48,local,93,0.001302083333,0.0,0.130380585,0.0027162622
support_growth_hessian,8,2,0.3,48,local,94,0.001302083333,0.0,0.1351153648,0.0028149034
support_growth_hessian,8,2,0.3,48,local,95,0.001302083333,0.0,0.0263694274,0.0005493631
support_growth_hessian,8,2,0.3,48,local,96,0.001302083333,0.0,0.1310779274,0.0027307902
support_growth_hessian,8,2,0.3,48,local,97,0.001302083333,0.0,0.1362830533,0.0028392303
support_growth_hessian,8,2,0.3,48,local,98,0.001302083333,0.0,0.0265574818,0.0005532809
support_growth_hessian,8,2,0.3,48,local,99,0.001302083333,0.0,0.1318659877,0.0027472081
support_growth_hessian,8,2,0.3,48,local,100,0.001302083333,0.0,0.1376049502,0.0028667698
support_growth_hessian,8,2,0.3,48,local,101,0.001302083333,0.0,0.0267702138,0.0005577128
support_growth_hessian,8,2,0.3,48,local,102,0.001302083333,0.0,0.132746038,0.0027655425
support_growth_hessian,8,2,0.3,48,local,103,0.001302083333,0.0,0.1390840213,0.0028975838
support_growth_hessian,8,2,0.3,48,local,104,0.001302083333,0.0,0.027008044,0.0005626676
support_growth_hessian,8,2,0.3,48,local,105,0.001302083333,0.0,0.1337195022,0.002785823
support_growth_hessian,8,2,0.3,48,local,106,0.001302083333,0.0,0.140723593,0.0029317415
support_growth_hessian,8,2,0.3,48,local,107,0.001302083333,0.0,0.0272714437,0.0005681551
support_growth_hessian,8,2,0.3,48,local,108,0.001302083333,0.0,0.1347879595,0.0028080825
support_growth_hessian,8,2,0.3,48,local,109,0.001302083333,0.0,0.1425273621,0.00296932
support_growth_hessian,8,2,0.3,48,local,110,0.001302083333,0.0,0.0275609363,0.0005741862
support_growth_hessian,8,2,0.3,48,local,111,0.001302083333,0.0,0.1359531486,0.0028323573
support_growth_hessian,8,2,0.3,48,local,112,0.001302083333,0.0,0.144499407,0.0030104043
support_growth_hessian,8,2,0.3,48,local,113,0.001302083333,0.0,0.0278770989,0.0005807729
support_growth_hessian,8,2,0.3,48,local,114,0.001302083333,0.0,0.1372169715,0.0028586869
support_growth_hessian,8,2,0.3,48,local,115,0.001302083333,0.0,0.1466442004,0.0030550875
support_growth_hessian,8,2,0.3,48,local,116,0.001302083333,0.0,0.0282205641,0.0005879284
support_growth_hessian,8,2,0.3,48,local,117,0.001302083333,0.0,0.1385814983,0.0028871145
support_growth_hessian,8,2,0.3,48,local,118,0.001302083333,0.0,0.1489666225,0.0031034713
support_growth_hessian,8,2,0.3,48,local,119,0.001302083333,0.0,0.0285920212,0.0005956671
support_growth_hessian,8,2,0.3,48,local,120,0.001302083333,0.0,0.1400489724,0.0029176869
support_growth_hessian,8,2,0.3,48,local,121,0.001302083333,0.0,0.1514719761,0.0031556662
support_growth_hessian,8,2,0.3,48,local,122,0.001302083333,0.0,0.0289922187,0.0006040046
support_growth_hessian,8,2,0.3,48,local,123,0.001302083333,0.0,0.1416218156,0.0029504545
support_growth_hessian,8,2,0.3,48,local,124,0.001302083333,0.0,0.1541660031,0.0032117917
support_growth_hessian,8,2,0.3,48,local,125,0.001302083333,0.0,0.0294219663,0.0006129576
support_growth_hessian,8,2,0.3,48,local,126,0.001302083333,0.0,0.1433026347,0.0029854716
support_growth_hessian,8,2,0.3,48,local,127,0.001302083333,0.0,0.1570549015,0.0032719771
support_growth_hessian,8,2,0.3,48,local,128,0.001302083333,0.0,0.0298821371,0.0006225445
support_growth_hessian,8,2,0.3,48,local,129,0.001302083333,0.0,0.1450942272,0.0030227964
support_growth_hessian,8,2,0.3,48,local,130,0.001302083333,0.0,0.1601453454,0.0033363614
support_growth_hessian,8,2,0.3,48,local,131,0.001302083333,0.0,0.0303736704,0.0006327848
support_growth_hessian,8,2,0.3,48,local,132,0.001302083333,0.0,0.1469995888,0.0030624914
support_growth_hessian,8,2,0.3,48,local,133,0.001302083333,0.0,0.1634445047,0.0034050938
support_growth_hessian,8,2,0.3,48,local,134,0.001302083333,0.0,0.030897574,0.0006436995
support_growth_hessian,8,2,0.3,48,local,135,0.001302083333,0.0,0.1490219207,0.0031046233
support_growth_hessian,8,2,0.3,48,local,136,0.001302083333,0.0,0.1669600683,0.0034783348
support_growth_hessian,8,2,0.3,48,local,137,0.001302083333,0.0,0.0314549277,0.000655311
support_growth_hessian,8,2,0.3,48,local,138,0.001302083333,0.0,0.1511646376,0.0031492633
support_growth_hessian,8,2,0.3,48,local,139,0.001302083333,0.0,0.1707002674,0.0035562556
support_growth_hessian,8,2,0.3,48,local,140,0.001302083333,0.0,0.0320468857,0.0006676435
support_growth_hessian,8,2,0.3,48,local,141,0.001302083333,0.0,0.1534313762,0.003196487
support_growth_hessian,8,2,0.3,48,local,142,0.001302083333,0.0,0.1746739018,0.0036390396
support_growth_hessian,8,2,0.3,48,local,143,0.001302083333,0.0,0.0326746809,0.0006807225
support_growth_hessian,8,2,0.3,48,collective,0,0.001302083333,0.0,6.130810556,0.1277252199
support_growth_hessian,8,2,0.3,48,collective,1,0.001302083333,0.0,6.1252323152,0.1276090066
support_growth_hessian,8,2,0.3,48,collective,2,0.001302083333,0.0,1.211781921,0.0252454567
support_growth_hessian,8,2,0.3,96,local,0,0.000651041667,0.0,0.1534592032,0.0015985334
support_growth_hessian,8,2,0.3,96,local,1,0.000651041667,0.0,0.1746819951,0.0018196041
support_growth_hessian,8,2,0.3,96,local,2,0.000651041667,0.0,0.0326855044,0.000340474
support_growth_hessian,8,2,0.3,96,local,3,0.000651041667,0.0,0.152320289,0.0015866697
support_growth_hessian,8,2,0.3,96,local,4,0.000651041667,0.0,0.1726820619,0.0017987715
support_growth_hessian,8,2,0.3,96,local,5,0.000651041667,0.0,0.0323697674,0.0003371851
support_growth_hessian,8,2,0.3,96,local,6,0.000651041667,0.0,0.1512122524,0.0015751276
support_growth_hessian,8,2,0.3,96,local,7,0.000651041667,0.0,0.1707405399,0.0017785473
support_growth_hessian,8,2,0.3,96,local,8,0.000651041667,0.0,0.0320629796,0.0003339894
support_growth_hessian,8,2,0.3,96,local,9,0.000651041667,0.0,0.1501346305,0.0015639024
support_growth_hessian,8,2,0.3,96,local,10,0.000651041667,0.0,0.1688563059,0.0017589199
support_growth_hessian,8,2,0.3,96,local,11,0.000651041667,0.0,0.0317649841,0.0003308853
support_growth_hessian,8,2,0.3,96,local,12,0.000651041667,0.0,0.1490869747,0.0015529893
support_growth_hessian,8,2,0.3,96,local,13,0.000651041667,0.0,0.1670282726,0.0017398778
support_growth_hessian,8,2,0.3,96,local,14,0.000651041667,0.0,0.0314756284,0.0003278711
support_growth_hessian,8,2,0.3,96,local,15,0.000651041667,0.0,0.14806885,0.0015423839
support_growth_hessian,8,2,0.3,96,local,16,0.000651041667,0.0,0.1652553874,0.0017214103
support_growth_hessian,8,2,0.3,96,local,17,0.000651041667,0.0,0.0311947652,0.0003249455
support_growth_hessian,8,2,0.3,96,local,18,0.000651041667,0.0,0.1470798346,0.0015320816
support_growth_hessian,8,2,0.3,96,local,19,0.000651041667,0.0,0.1635366322,0.0017035066
support_growth_hessian,8,2,0.3,96,local,20,0.000651041667,0.0,0.0309222517,0.0003221068
support_growth_hessian,8,2,0.3,96,local,21,0.000651041667,0.0,0.14611952,0.0015220783
support_growth_hessian,8,2,0.3,96,local,22,0.000651041667,0.0,0.1618710222,0.0016861565
support_growth_hessian,8,2,0.3,96,local,23,0.000651041667,0.0,0.0306579498,0.0003193536
support_growth_hessian,8,2,0.3,96,local,24,0.000651041667,0.0,0.1451875101,0.0015123699
support_growth_hessian,8,2,0.3,96,local,25,0.000651041667,0.0,0.1602576052,0.0016693501
support_growth_hessian,8,2,0.3,96,local,26,0.000651041667,0.0,0.0304017259,0.0003166846
support_growth_hessian,8,2,0.3,96,local,27,0.000651041667,0.0,0.1442834219,0.0015029523
support_growth_hessian,8,2,0.3,96,local,28,0.000651041667,0.0,0.158695461,0.0016530777
support_growth_hessian,8,2,0.3,96,local,29,0.000651041667,0.0,0.0301534507,0.0003140984
support_growth_hessian,8,2,0.3,96,local,30,0.000651041667,0.0,0.1434068845,0.0014938217
support_growth_hessian,8,2,0.3,96,local,31,0.000651041667,0.0,0.1571837005,0.0016373302
support_growth_hessian,8,2,0.3,96,local,32,0.000651041667,0.0,0.0299129994,0.0003115937
support_growth_hessian,8,2,0.3,96,local,33,0.000651041667,0.0,0.1425575391,0.0014849744
support_growth_hessian,8,2,0.3,96,local,34,0.000651041667,0.0,0.1557214653,0.0016220986
support_growth_hessian,8,2,0.3,96,local,35,0.000651041667,0.0,0.0296802512,0.0003091693
support_growth_hessian,8,2,0.3,96,local,36,0.000651041667,0.0,0.141735039,0.0014764067
support_growth_hessian,8,2,0.3,96,local,37,0.000651041667,0.0,0.1543079268,0.0016073742
support_growth_hessian,8,2,0.3,96,local,38,0.000651041667,0.0,0.0294550896,0.0003068238
support_growth_hessian,8,2,0.3,96,local,39,0.000651041667,0.0,0.140939049,0.0014681151
support_growth_hessian,8,2,0.3,96,local,40,0.000651041667,0.0,0.1529422857,0.0015931488
support_growth_hessian,8,2,0.3,96,local,41,0.000651041667,0.0,0.0292374021,0.0003045563
support_growth_hessian,8,2,0.3,96,local,42,0.000651041667,0.0,0.1401692455,0.0014600963
support_growth_hessian,8,2,0.3,96,local,43,0.000651041667,0.0,0.1516237711,0.0015794143
support_growth_hessian,8,2,0.3,96,local,44,0.000651041667,0.0,0.0290270803,0.0003023654
support_growth_hessian,8,2,0.3,96,local,45,0.000651041667,0.0,0.1394253164,0.001452347
support_growth_hessian,8,2,0.3,96,local,46,0.000651041667,0.0,0.1503516407,0.0015661629
support_growth_hessian,8,2,0.3,96,local,47,0.000651041667,0.0,0.0288240195,0.0003002502
support_growth_hessian,8,2,0.3,96,local,48,0.000651041667,0.0,0.1387069602,0.0014448642
support_growth_hessian,8,2,0.3,96,local,49,0.000651041667,0.0,0.1491251793,0.0015533873
support_growth_hessian,8,2,0.3,96,local,50,0.000651041667,0.0,0.0286281189,0.0002982096
support_growth_hessian,8,2,0.3,96,local,51,0.000651041667,0.0,0.1380138868,0.0014376447
support_growth_hessian,8,2,0.3,96,local,52,0.000651041667,0.0,0.1479436986,0.0015410802
support_growth_hessian,8,2,0.3,96,local,53,0.000651041667,0.0,0.0284392814,0.0002962425
support_growth_hessian,8,2,0.3,96,local,54,0.000651041667,0.0,0.1373458168,0.0014306856
support_growth_hessian,8,2,0.3,96,local,55,0.000651041667,0.0,0.1468065372,0.0015292348
support_growth_hessian,8,2,0.3,96,local,56,0.000651041667,0.0,0.0282574138,0.0002943481
support_growth_hessian,8,2,0.3,96,local,57,0.000651041667,0.0,0.136702481,0.0014239842
support_growth_hessian,8,2,0.3,96,local,58,0.000651041667,0.0,0.1457130591,0.0015178444
support_growth_hessian,8,2,0.3,96,local,59,0.000651041667,0.0,0.0280824262,0.0002925253
support_growth_hessian,8,2,0.3,96,local,60,0.000651041667,0.0,0.1360836213,0.0014175377
support_growth_hessian,8,2,0.3,96,local,61,0.000651041667,0.0,0.1446626543,0.0015069026
support_growth_hessian,8,2,0.3,96,local,62,0.000651041667,0.0,0.0279142326,0.0002907733
support_growth_hessian,8,2,0.3,96,local,63,0.000651041667,0.0,0.1354889892,0.0014113436
support_growth_hessian,8,2,0.3,96,local,64,0.000651041667,0.0,0.1436547375,0.0014964035
support_growth_hessian,8,2,0.3,96,local,65,0.000651041667,0.0,0.0277527503,0.0002890911
support_growth_hessian,8,2,0.3,96,local,66,0.000651041667,0.0,0.1349183467,0.0014053994
support_growth_hessian,8,2,0.3,96,local,67,0.000651041667,0.0,0.142688748,0.0014863411
support_growth_hessian,8,2,0.3,96,local,68,0.000651041667,0.0,0.0275979001,0.0002874781
support_growth_hessian,8,2,0.3,96,local,69,0.000651041667,0.0,0.1343714658,0.0013997028
support_growth_hessian,8,2,0.3,96,local,70,0.000651041667,0.0,0.1417641494,0.0014767099
support_growth_hessian,8,2,0.3,96,local,71,0.000651041667,0.0,0.027449606,0.0002859334
support_growth_hessian,8,2,0.3,96,local,72,0.000651041667,0.0,0.1338481281,0.0013942513
support_growth_hessian,8,2,0.3,96,local,73,0.000651041667,0.0,0.1408804289,0.0014675045
support_growth_hessian,8,2,0.3,96,local,74,0.000651041667,0.0,0.0273077955,0.0002844562
support_growth_hessian,8,2,0.3,96,local,75,0.000651041667,0.0,0.1333481252,0.001389043
support_growth_hessian,8,2,0.3,96,local,76,0.000651041667,0.0,0.1400370973,0.0014587198
support_growth_hessian,8,2,0.3,96,local,77,0.000651041667,0.0,0.0271723996,0.0002830458
support_growth_hessian,8,2,0.3,96,local,78,0.000651041667,0.0,0.1328712581,0.0013840756
support_growth_hessian,8,2,0.3,96,local,79,0.000651041667,0.0,0.1392336883,0.0014503509
support_growth_hessian,8,2,0.3,96,local,80,0.000651041667,0.0,0.027043352,0.0002817016
support_growth_hessian,8,2,0.3,96,local,81,0.000651041667,0.0,0.1324173372,0.0013793473
support_growth_hessian,8,2,0.3,96,local,82,0.000651041667,0.0,0.1384697582,0.0014423933
support_growth_hessian,8,2,0.3,96,local,83,0.000651041667,0.0,0.0269205901,0.0002804228
support_growth_hessian,8,2,0.3,96,local,84,0.000651041667,0.0,0.1319861827,0.0013748561
support_growth_hessian,8,2,0.3,96,local,85,0.000651041667,0.0,0.1377448857,0.0014348426
support_growth_hessian,8,2,0.3,96,local,86,0.000651041667,0.0,0.0268040542,0.0002792089
support_growth_hessian,8,2,0.3,96,local,87,0.000651041667,0.0,0.1315776233,0.0013706002
support_growth_hessian,8,2,0.3,96,local,88,0.000651041667,0.0,0.1370586717,0.0014276945
support_growth_hessian,8,2,0.3,96,local,89,0.000651041667,0.0,0.0266936876,0.0002780592
support_growth_hessian,8,2,0.3,96,local,90,0.000651041667,0.0,0.1311914977,0.0013665781
support_growth_hessian,8,2,0.3,96,local,91,0.000651041667,0.0,0.1364107384,0.0014209452
support_growth_hessian,8,2,0.3,96,local,92,0.000651041667,0.0,0.0265894369,0.0002769733
support_growth_hessian,8,2,0.3,96,local,93,0.000651041667,0.0,0.1308276531,0.0013627881
support_growth_hessian,8,2,0.3,96,local,94,0.000651041667,0.0,0.1358007301,0.0014145909
support_growth_hessian,8,2,0.3,96,local,95,0.000651041667,0.0,0.0264912517,0.0002759505
support_growth_hessian,8,2,0.3,96,local,96,0.000651041667,0.0,0.1304859458,0.0013592286
support_growth_hessian,8,2,0.3,96,local,97,0.000651041667,0.0,0.1352283118,0.0014086282
support_growth_hessian,8,2,0.3,96,local,98,0.000651041667,0.0,0.0263990843,0.0002749905
support_growth_hessian,8,2,0.3,96,local,99,0.000651041667,0.0,0.130166241,0.0013558983
support_growth_hessian,8,2,0.3,96,local,100,0.000651041667,0.0,0.1346931696,0.0014030538
support_growth_hessian,8,2,0.3,96,local,101,0.000651041667,0.0,0.0263128904,0.0002740926
support_growth_hessian,8,2,0.3,96,local,102,0.000651041667,0.0,0.1298684129,0.001352796
support_growth_hessian,8,2,0.3,96,local,103,0.000651041667,0.0,0.1341950103,0.0013978647
support_growth_hessian,8,2,0.3,96,local,104,0.000651041667,0.0,0.0262326283,0.0002732565
support_growth_hessian,8,2,0.3,96,local,105,0.000651041667,0.0,0.129592344,0.0013499202
support_growth_hessian,8,2,0.3,96,local,106,0.000651041667,0.0,0.1337335612,0.0013930579
support_growth_hessian,8,2,0.3,96,local,107,0.000651041667,0.0,0.0261582593,0.0002724819
support_growth_hessian,8,2,0.3,96,local,108,0.000651041667,0.0,0.1293379258,0.0013472701
support_growth_hessian,8,2,0.3,96,local,109,0.000651041667,0.0,0.1333085701,0.0013886309
support_growth_hessian,8,2,0.3,96,local,110,0.000651041667,0.0,0.0260897476,0.0002717682
support_growth_hessian,8,2,0.3,96,local,111,0.000651041667,0.0,0.1291050584,0.0013448444
support_growth_hessian,8,2,0.3,96,local,112,0.000651041667,0.0,0.1329198046,0.0013845813
support_growth_hessian,8,2,0.3,96,local,113,0.000651041667,0.0,0.0260270602,0.0002711152
support_growth_hessian,8,2,0.3,96,local,114,0.000651041667,0.0,0.1288936501,0.0013426422
support_growth_hessian,8,2,0.3,96,local,115,0.000651041667,0.0,0.1325670524,0.0013809068
support_growth_hessian,8,2,0.3,96,local,116,0.000651041667,0.0,0.0259701671,0.0002705226
support_growth_hessian,8,2,0.3,96,local,117,0.000651041667,0.0,0.128703618,0.0013406627
support_growth_hessian,8,2,0.3,96,local,118,0.000651041667,0.0,0.132250121,0.0013776054
support_growth_hessian,8,2,0.3,96,local,119,0.000651041667,0.0,0.0259190407,0.00026999
support_growth_hessian,8,2,0.3,96,local,120,0.000651041667,0.0,0.1285348878,0.0013389051
support_growth_hessian,8,2,0.3,96,local,121,0.000651041667,0.0,0.1319688376,0.0013746754
support_growth_hessian,8,2,0.3,96,local,122,0.000651041667,0.0,0.0258736566,0.0002695173
support_growth_hessian,8,2,0.3,96,local,123,0.000651041667,0.0,0.128387393,0.0013373687
support_growth_hessian,8,2,0.3,96,local,124,0.000651041667,0.0,0.1317230488,0.0013721151
support_growth_hessian,8,2,0.3,96,local,125,0.000651041667,0.0,0.025833993,0.0002691041
support_growth_hessian,8,2,0.3,96,local,126,0.000651041667,0.0,0.1282610761,0.0013360529
support_growth_hessian,8,2,0.3,96,local,127,0.000651041667,0.0,0.1315126207,0.0013699231
support_growth_hessian,8,2,0.3,96,local,128,0.000651041667,0.0,0.0258000309,0.0002687503
support_growth_hessian,8,2,0.3,96,local,129,0.000651041667,0.0,0.1281558874,0.0013349572
support_growth_hessian,8,2,0.3,96,local,130,0.000651041667,0.0,0.1313374386,0.0013680983
support_growth_hessian,8,2,0.3,96,local,131,0.000651041667,0.0,0.025771754,0.0002684558
support_growth_hessian,8,2,0.3,96,local,132,0.000651041667,0.0,0.1280717859,0.0013340811
support_growth_hessian,8,2,0.3,96,local,133,0.000651041667,0.0,0.1311974072,0.0013666397
support_growth_hessian,8,2,0.3,96,local,134,0.000651041667,0.0,0.0257491486,0.0002682203
support_growth_hessian,8,2,0.3,96,local,135,0.000651041667,0.0,0.1280087384,0.0013334244
support_growth_hessian,8,2,0.3,96,local,136,0.000651041667,0.0,0.1310924503,0.0013655464
support_growth_hessian,8,2,0.3,96,local,137,0.000651041667,0.0,0.0257322041,0.0002680438
support_growth_hessian,8,2,0.3,96,local,138,0.000651041667,0.0,0.1279667205,0.0013329867
support_growth_hessian,8,2,0.3,96,local,139,0.000651041667,0.0,0.1310225108,0.0013648178
support_growth_hessian,8,2,0.3,96,local,140,0.000651041667,0.0,0.0257209123,0.0002679262
support_growth_hessian,8,2,0.3,96,local,141,0.000651041667,0.0,0.1279457156,0.0013327679
support_growth_hessian,8,2,0.3,96,local,142,0.000651041667,0.0,0.1309875505,0.0013644537
support_growth_hessian,8,2,0.3,96,local,143,0.000651041667,0.0,0.0257152678,0.0002678674
support_growth_hessian,8,2,0.3,96,local,144,0.000651041667,0.0,0.1279457157,0.0013327679
support_growth_hessian,8,2,0.3,96,local,145,0.000651041667,0.0,0.1309875505,0.0013644537
support_growth_hessian,8,2,0.3,96,local,146,0.000651041667,0.0,0.0257152677,0.0002678674
support_growth_hessian,8,2,0.3,96,local,147,0.000651041667,0.0,0.1279667205,0.0013329867
support_growth_hessian,8,2,0.3,96,local,148,0.000651041667,0.0,0.1310225108,0.0013648178
support_growth_hessian,8,2,0.3,96,local,149,0.000651041667,0.0,0.0257209123,0.0002679262
support_growth_hessian,8,2,0.3,96,local,150,0.000651041667,0.0,0.1280087385,0.0013334244
support_growth_hessian,8,2,0.3,96,local,151,0.000651041667,0.0,0.1310924504,0.0013655464
support_growth_hessian,8,2,0.3,96,local,152,0.000651041667,0.0,0.0257322041,0.0002680438
support_growth_hessian,8,2,0.3,96,local,153,0.000651041667,0.0,0.1280717859,0.0013340811
support_growth_hessian,8,2,0.3,96,local,154,0.000651041667,0.0,0.1311974073,0.0013666397
support_growth_hessian,8,2,0.3,96,local,155,0.000651041667,0.0,0.0257491486,0.0002682203
support_growth_hessian,8,2,0.3,96,local,156,0.000651041667,0.0,0.1281558874,0.0013349572
support_growth_hessian,8,2,0.3,96,local,157,0.000651041667,0.0,0.1313374386,0.0013680983
support_growth_hessian,8,2,0.3,96,local,158,0.000651041667,0.0,0.025771754,0.0002684558
support_growth_hessian,8,2,0.3,96,local,159,0.000651041667,0.0,0.1282610761,0.0013360529
support_growth_hessian,8,2,0.3,96,local,160,0.000651041667,0.0,0.1315126207,0.0013699231
support_growth_hessian,8,2,0.3,96,local,161,0.000651041667,0.0,0.0258000309,0.0002687503
support_growth_hessian,8,2,0.3,96,local,162,0.000651041667,0.0,0.128387393,0.0013373687
support_growth_hessian,8,2,0.3,96,local,163,0.000651041667,0.0,0.1317230488,0.0013721151
support_growth_hessian,8,2,0.3,96,local,164,0.000651041667,0.0,0.025833993,0.0002691041
support_growth_hessian,8,2,0.3,96,local,165,0.000651041667,0.0,0.1285348878,0.0013389051
support_growth_hessian,8,2,0.3,96,local,166,0.000651041667,0.0,0.1319688376,0.0013746754
support_growth_hessian,8,2,0.3,96,local,167,0.000651041667,0.0,0.0258736566,0.0002695173
support_growth_hessian,8,2,0.3,96,local,168,0.000651041667,0.0,0.128703618,0.0013406627
support_growth_hessian,8,2,0.3,96,local,169,0.000651041667,0.0,0.132250121,0.0013776054
support_growth_hessian,8,2,0.3,96,local,170,0.000651041667,0.0,0.0259190407,0.00026999
support_growth_hessian,8,2,0.3,96,local,171,0.000651041667,0.0,0.1288936501,0.0013426422
support_growth_hessian,8,2,0.3,96,local,172,0.000651041667,0.0,0.1325670525,0.0013809068
support_growth_hessian,8,2,0.3,96,local,173,0.000651041667,0.0,0.0259701671,0.0002705226
support_growth_hessian,8,2,0.3,96,local,174,0.000651041667,0.0,0.1291050583,0.0013448444
support_growth_hessian,8,2,0.3,96,local,175,0.000651041667,0.0,0.1329198046,0.0013845813
support_growth_hessian,8,2,0.3,96,local,176,0.000651041667,0.0,0.0260270602,0.0002711152
support_growth_hessian,8,2,0.3,96,local,177,0.000651041667,0.0,0.1293379258,0.0013472701
support_growth_hessian,8,2,0.3,96,local,178,0.000651041667,0.0,0.1333085701,0.0013886309
support_growth_hessian,8,2,0.3,96,local,179,0.000651041667,0.0,0.0260897476,0.0002717682
support_growth_hessian,8,2,0.3,96,local,180,0.000651041667,0.0,0.129592344,0.0013499202
support_growth_hessian,8,2,0.3,96,local,181,0.000651041667,0.0,0.1337335613,0.0013930579
support_growth_hessian,8,2,0.3,96,local,182,0.000651041667,0.0,0.0261582593,0.0002724819
support_growth_hessian,8,2,0.3,96,local,183,0.000651041667,0.0,0.1298684129,0.001352796
support_growth_hessian,8,2,0.3,96,local,184,0.000651041667,0.0,0.1341950103,0.0013978647
support_growth_hessian,8,2,0.3,96,local,185,0.000651041667,0.0,0.0262326283,0.0002732565
support_growth_hessian,8,2,0.3,96,local,186,0.000651041667,0.0,0.1301662411,0.0013558983
support_growth_hessian,8,2,0.3,96,local,187,0.000651041667,0.0,0.1346931696,0.0014030538
support_growth_hessian,8,2,0.3,96,local,188,0.000651041667,0.0,0.0263128904,0.0002740926
support_growth_hessian,8,2,0.3,96,local,189,0.000651041667,0.0,0.1304859458,0.0013592286
support_growth_hessian,8,2,0.3,96,local,190,0.000651041667,0.0,0.1352283117,0.0014086282
support_growth_hessian,8,2,0.3,96,local,191,0.000651041667,0.0,0.0263990843,0.0002749905
support_growth_hessian,8,2,0.3,96,local,192,0.000651041667,0.0,0.1308276532,0.0013627881
support_growth_hessian,8,2,0.3,96,local,193,0.000651041667,0.0,0.1358007301,0.0014145909
support_growth_hessian,8,2,0.3,96,local,194,0.000651041667,0.0,0.0264912517,0.0002759505
support_growth_hessian,8,2,0.3,96,local,195,0.000651041667,0.0,0.1311914977,0.0013665781
support_growth_hessian,8,2,0.3,96,local,196,0.000651041667,0.0,0.1364107384,0.0014209452
support_growth_hessian,8,2,0.3,96,local,197,0.000651041667,0.0,0.0265894369,0.0002769733
support_growth_hessian,8,2,0.3,96,local,198,0.000651041667,0.0,0.1315776233,0.0013706002
support_growth_hessian,8,2,0.3,96,local,199,0.000651041667,0.0,0.1370586716,0.0014276945
support_growth_hessian,8,2,0.3,96,local,200,0.000651041667,0.0,0.0266936877,0.0002780592
support_growth_hessian,8,2,0.3,96,local,201,0.000651041667,0.0,0.1319861827,0.0013748561
support_growth_hessian,8,2,0.3,96,local,202,0.000651041667,0.0,0.1377448857,0.0014348426
support_growth_hessian,8,2,0.3,96,local,203,0.000651041667,0.0,0.0268040542,0.0002792089
support_growth_hessian,8,2,0.3,96,local,204,0.000651041667,0.0,0.1324173372,0.0013793473
support_growth_hessian,8,2,0.3,96,local,205,0.000651041667,0.0,0.1384697581,0.0014423933
support_growth_hessian,8,2,0.3,96,local,206,0.000651041667,0.0,0.0269205901,0.0002804228
support_growth_hessian,8,2,0.3,96,local,207,0.000651041667,0.0,0.1328712581,0.0013840756
support_growth_hessian,8,2,0.3,96,local,208,0.000651041667,0.0,0.1392336883,0.0014503509
support_growth_hessian,8,2,0.3,96,local,209,0.000651041667,0.0,0.027043352,0.0002817016
support_growth_hessian,8,2,0.3,96,local,210,0.000651041667,0.0,0.1333481252,0.001389043
support_growth_hessian,8,2,0.3,96,local,211,0.000651041667,0.0,0.1400370973,0.0014587198
support_growth_hessian,8,2,0.3,96,local,212,0.000651041667,0.0,0.0271723995,0.0002830458
support_growth_hessian,8,2,0.3,96,local,213,0.000651041667,0.0,0.1338481281,0.0013942513
support_growth_hessian,8,2,0.3,96,local,214,0.000651041667,0.0,0.1408804289,0.0014675045
support_growth_hessian,8,2,0.3,96,local,215,0.000651041667,0.0,0.0273077955,0.0002844562
support_growth_hessian,8,2,0.3,96,local,216,0.000651041667,0.0,0.1343714658,0.0013997028
support_growth_hessian,8,2,0.3,96,local,217,0.000651041667,0.0,0.1417641494,0.0014767099
support_growth_hessian,8,2,0.3,96,local,218,0.000651041667,0.0,0.027449606,0.0002859334
support_growth_hessian,8,2,0.3,96,local,219,0.000651041667,0.0,0.1349183467,0.0014053994
support_growth_hessian,8,2,0.3,96,local,220,0.000651041667,0.0,0.142688748,0.0014863411
support_growth_hessian,8,2,0.3,96,local,221,0.000651041667,0.0,0.0275979001,0.0002874781
support_growth_hessian,8,2,0.3,96,local,222,0.000651041667,0.0,0.1354889892,0.0014113436
support_growth_hessian,8,2,0.3,96,local,223,0.000651041667,0.0,0.1436547375,0.0014964035
support_growth_hessian,8,2,0.3,96,local,224,0.000651041667,0.0,0.0277527503,0.0002890911
support_growth_hessian,8,2,0.3,96,local,225,0.000651041667,0.0,0.1360836213,0.0014175377
support_growth_hessian,8,2,0.3,96,local,226,0.000651041667,0.0,0.1446626543,0.0015069026
support_growth_hessian,8,2,0.3,96,local,227,0.000651041667,0.0,0.0279142326,0.0002907733
support_growth_hessian,8,2,0.3,96,local,228,0.000651041667,0.0,0.136702481,0.0014239842
support_growth_hessian,8,2,0.3,96,local,229,0.000651041667,0.0,0.1457130591,0.0015178444
support_growth_hessian,8,2,0.3,96,local,230,0.000651041667,0.0,0.0280824262,0.0002925253
support_growth_hessian,8,2,0.3,96,local,231,0.000651041667,0.0,0.1373458167,0.0014306856
support_growth_hessian,8,2,0.3,96,local,232,0.000651041667,0.0,0.1468065372,0.0015292348
support_growth_hessian,8,2,0.3,96,local,233,0.000651041667,0.0,0.0282574138,0.0002943481
support_growth_hessian,8,2,0.3,96,local,234,0.000651041667,0.0,0.1380138868,0.0014376447
support_growth_hessian,8,2,0.3,96,local,235,0.000651041667,0.0,0.1479436986,0.0015410802
support_growth_hessian,8,2,0.3,96,local,236,0.000651041667,0.0,0.0284392814,0.0002962425
support_growth_hessian,8,2,0.3,96,local,237,0.000651041667,0.0,0.1387069602,0.0014448642
support_growth_hessian,8,2,0.3,96,local,238,0.000651041667,0.0,0.1491251792,0.0015533873
support_growth_hessian,8,2,0.3,96,local,239,0.000651041667,0.0,0.0286281189,0.0002982096
support_growth_hessian,8,2,0.3,96,local,240,0.000651041667,0.0,0.1394253164,0.001452347
support_growth_hessian,8,2,0.3,96,local,241,0.000651041667,0.0,0.1503516407,0.0015661629
support_growth_hessian,8,2,0.3,96,local,242,0.000651041667,0.0,0.0288240195,0.0003002502
support_growth_hessian,8,2,0.3,96,local,243,0.000651041667,0.0,0.1401692456,0.0014600963
support_growth_hessian,8,2,0.3,96,local,244,0.000651041667,0.0,0.1516237711,0.0015794143
support_growth_hessian,8,2,0.3,96,local,245,0.000651041667,0.0,0.0290270803,0.0003023654
support_growth_hessian,8,2,0.3,96,local,246,0.000651041667,0.0,0.140939049,0.0014681151
support_growth_hessian,8,2,0.3,96,local,247,0.000651041667,0.0,0.1529422857,0.0015931488
support_growth_hessian,8,2,0.3,96,local,248,0.000651041667,0.0,0.0292374021,0.0003045563
support_growth_hessian,8,2,0.3,96,local,249,0.000651041667,0.0,0.141735039,0.0014764067
support_growth_hessian,8,2,0.3,96,local,250,0.000651041667,0.0,0.1543079268,0.0016073742
support_growth_hessian,8,2,0.3,96,local,251,0.000651041667,0.0,0.0294550896,0.0003068239
support_growth_hessian,8,2,0.3,96,local,252,0.000651041667,0.0,0.1425575391,0.0014849744
support_growth_hessian,8,2,0.3,96,local,253,0.000651041667,0.0,0.1557214653,0.0016220986
support_growth_hessian,8,2,0.3,96,local,254,0.000651041667,0.0,0.0296802512,0.0003091693
support_growth_hessian,8,2,0.3,96,local,255,0.000651041667,0.0,0.1434068845,0.0014938217
support_growth_hessian,8,2,0.3,96,local,256,0.000651041667,0.0,0.1571837006,0.0016373302
support_growth_hessian,8,2,0.3,96,local,257,0.000651041667,0.0,0.0299129994,0.0003115937
support_growth_hessian,8,2,0.3,96,local,258,0.000651041667,0.0,0.1442834219,0.0015029523
support_growth_hessian,8,2,0.3,96,local,259,0.000651041667,0.0,0.158695461,0.0016530777
support_growth_hessian,8,2,0.3,96,local,260,0.000651041667,0.0,0.0301534507,0.0003140984
support_growth_hessian,8,2,0.3,96,local,261,0.000651041667,0.0,0.1451875102,0.0015123699
support_growth_hessian,8,2,0.3,96,local,262,0.000651041667,0.0,0.1602576052,0.0016693501
support_growth_hessian,8,2,0.3,96,local,263,0.000651041667,0.0,0.0304017259,0.0003166846
support_growth_hessian,8,2,0.3,96,local,264,0.000651041667,0.0,0.14611952,0.0015220783
support_growth_hessian,8,2,0.3,96,local,265,0.000651041667,0.0,0.1618710222,0.0016861565
support_growth_hessian,8,2,0.3,96,local,266,0.000651041667,0.0,0.0306579498,0.0003193536
support_growth_hessian,8,2,0.3,96,local,267,0.000651041667,0.0,0.1470798346,0.0015320816
support_growth_hessian,8,2,0.3,96,local,268,0.000651041667,0.0,0.1635366322,0.0017035066
support_growth_hessian,8,2,0.3,96,local,269,0.000651041667,0.0,0.0309222517,0.0003221068
support_growth_hessian,8,2,0.3,96,local,270,0.000651041667,0.0,0.14806885,0.0015423839
support_growth_hessian,8,2,0.3,96,local,271,0.000651041667,0.0,0.1652553874,0.0017214103
support_growth_hessian,8,2,0.3,96,local,272,0.000651041667,0.0,0.0311947652,0.0003249455
support_growth_hessian,8,2,0.3,96,local,273,0.000651041667,0.0,0.1490869747,0.0015529893
support_growth_hessian,8,2,0.3,96,local,274,0.000651041667,0.0,0.1670282726,0.0017398778
support_growth_hessian,8,2,0.3,96,local,275,0.000651041667,0.0,0.0314756284,0.0003278711
support_growth_hessian,8,2,0.3,96,local,276,0.000651041667,0.0,0.1501346305,0.0015639024
support_growth_hessian,8,2,0.3,96,local,277,0.000651041667,0.0,0.1688563059,0.0017589199
support_growth_hessian,8,2,0.3,96,local,278,0.000651041667,0.0,0.031764984,0.0003308853
support_growth_hessian,8,2,0.3,96,local,279,0.000651041667,0.0,0.1512122524,0.0015751276
support_growth_hessian,8,2,0.3,96,local,280,0.000651041667,0.0,0.1707405399,0.0017785473
support_growth_hessian,8,2,0.3,96,local,281,0.000651041667,0.0,0.0320629796,0.0003339894
support_growth_hessian,8,2,0.3,96,local,282,0.000651041667,0.0,0.152320289,0.0015866697
support_growth_hessian,8,2,0.3,96,local,283,0.000651041667,0.0,0.1726820619,0.0017987715
support_growth_hessian,8,2,0.3,96,local,284,0.000651041667,0.0,0.0323697674,0.0003371851
support_growth_hessian,8,2,0.3,96,local,285,0.000651041667,0.0,0.1534592032,0.0015985334
support_growth_hessian,8,2,0.3,96,local,286,0.000651041667,0.0,0.1746819951,0.0018196041
support_growth_hessian,8,2,0.3,96,local,287,0.000651041667,0.0,0.0326855044,0.000340474
support_growth_hessian,8,2,0.3,96,collective,0,0.000651041667,0.0,12.2614905175,0.1277238596
support_growth_hessian,8,2,0.3,96,collective,1,0.000651041667,0.0,12.2505915623,0.1276103288
support_growth_hessian,8,2,0.3,96,collective,2,0.000651041667,0.0,2.4245174028,0.0252553896
support_growth_hessian,8,2,0.5,24,local,0,0.002604166667,0.0,0.141632361,0.0059013484
support_growth_hessian,8,2,0.5,24,local,1,0.002604166667,0.0,0.155710497,0.0064879374
support_growth_hessian,8,2,0.5,24,local,2,0.002604166667,0.0,0.0182449476,0.0007602061
support_growth_hessian,8,2,0.5,24,local,3,0.002604166667,0.0,0.1389456866,0.0057894036
support_growth_hessian,8,2,0.5,24,local,4,0.002604166667,0.0,0.1507298032,0.0062804085
support_growth_hessian,8,2,0.5,24,local,5,0.002604166667,0.0,0.017775753,0.0007406564
support_growth_hessian,8,2,0.5,24,local,6,0.002604166667,0.0,0.1365378699,0.0056890779
support_growth_hessian,8,2,0.5,24,local,7,0.002604166667,0.0,0.1462919084,0.0060954962
support_growth_hessian,8,2,0.5,24,local,8,0.002604166667,0.0,0.0173567811,0.0007231992
support_growth_hessian,8,2,0.5,24,local,9,0.002604166667,0.0,0.1343986799,0.005599945
support_growth_hessian,8,2,0.5,24,local,10,0.002604166667,0.0,0.1423699691,0.005932082
support_growth_hessian,8,2,0.5,24,local,11,0.002604166667,0.0,0.0169857805,0.0007077409
support_growth_hessian,8,2,0.5,24,local,12,0.002604166667,0.0,0.1325190817,0.0055216284
support_growth_hessian,8,2,0.5,24,local,13,0.002604166667,0.0,0.1389403999,0.0057891833
support_growth_hessian,8,2,0.5,24,local,14,0.002604166667,0.0,0.0166607702,0.0006941988
support_growth_hessian,8,2,0.5,24,local,15,0.002604166667,0.0,0.1308911803,0.0054537992
support_growth_hessian,8,2,0.5,24,local,16,0.002604166667,0.0,0.1359826848,0.0056659452
support_growth_hessian,8,2,0.5,24,local,17,0.002604166667,0.0,0.016380025,0.000682501
support_growth_hessian,8,2,0.5,24,local,18,0.002604166667,0.0,0.1295081711,0.0053961738
support_growth_hessian,8,2,0.5,24,local,19,0.002604166667,0.0,0.1334792132,0.0055616339
support_growth_hessian,8,2,0.5,24,local,20,0.002604166667,0.0,0.0161420617,0.0006725859
support_growth_hessian,8,2,0.5,24,local,21,0.002604166667,0.0,0.1283642975,0.0053485124
support_growth_hessian,8,2,0.5,24,local,22,0.002604166667,0.0,0.1314151404,0.0054756309
support_growth_hessian,8,2,0.5,24,local,23,0.002604166667,0.0,0.0159456293,0.0006644012
support_growth_hessian,8,2,0.5,24,local,24,0.002604166667,0.0,0.1274548158,0.0053106173
support_growth_hessian,8,2,0.5,24,local,25,0.002604166667,0.0,0.12977827,0.0054074279
support_growth_hessian,8,2,0.5,24,local,26,0.002604166667,0.0,0.0157896985,0.0006579041
support_growth_hessian,8,2,0.5,24,local,27,0.002604166667,0.0,0.126775965,0.0052823319
support_growth_hessian,8,2,0.5,24,local,28,0.002604166667,0.0,0.1285589579,0.0053566232
support_growth_hessian,8,2,0.5,24,local,29,0.002604166667,0.0,0.0156734552,0.0006530606
support_growth_hessian,8,2,0.5,24,local,30,0.002604166667,0.0,0.1263249449,0.0052635394
support_growth_hessian,8,2,0.5,24,local,31,0.002604166667,0.0,0.1277500364,0.0053229182
support_growth_hessian,8,2,0.5,24,local,32,0.002604166667,0.0,0.0155962938,0.0006498456
support_growth_hessian,8,2,0.5,24,local,33,0.002604166667,0.0,0.1260998978,0.0052541624
support_growth_hessian,8,2,0.5,24,local,34,0.002604166667,0.0,0.1273467579,0.0053061149
support_growth_hessian,8,2,0.5,24,local,35,0.002604166667,0.0,0.0155578131,0.0006482422
support_growth_hessian,8,2,0.5,24,local,36,0.002604166667,0.0,0.1260998978,0.0052541624
support_growth_hessian,8,2,0.5,24,local,37,0.002604166667,0.0,0.1273467579,0.0053061149
support_growth_hessian,8,2,0.5,24,local,38,0.002604166667,0.0,0.0155578131,0.0006482422
support_growth_hessian,8,2,0.5,24,local,39,0.002604166667,0.0,0.1263249449,0.0052635394
support_growth_hessian,8,2,0.5,24,local,40,0.002604166667,0.0,0.1277500364,0.0053229182
support_growth_hessian,8,2,0.5,24,local,41,0.002604166667,0.0,0.0155962938,0.0006498456
support_growth_hessian,8,2,0.5,24,local,42,0.002604166667,0.0,0.126775965,0.0052823319
support_growth_hessian,8,2,0.5,24,local,43,0.002604166667,0.0,0.1285589579,0.0053566232
support_growth_hessian,8,2,0.5,24,local,44,0.002604166667,0.0,0.0156734552,0.0006530606
support_growth_hessian,8,2,0.5,24,local,45,0.002604166667,0.0,0.1274548158,0.0053106173
support_growth_hessian,8,2,0.5,24,local,46,0.002604166667,0.0,0.12977827,0.0054074279
support_growth_hessian,8,2,0.5,24,local,47,0.002604166667,0.0,0.0157896985,0.0006579041
support_growth_hessian,8,2,0.5,24,local,48,0.002604166667,0.0,0.1283642975,0.0053485124
support_growth_hessian,8,2,0.5,24,local,49,0.002604166667,0.0,0.1314151404,0.0054756309
support_growth_hessian,8,2,0.5,24,local,50,0.002604166667,0.0,0.0159456293,0.0006644012
support_growth_hessian,8,2,0.5,24,local,51,0.002604166667,0.0,0.1295081711,0.0053961738
support_growth_hessian,8,2,0.5,24,local,52,0.002604166667,0.0,0.1334792132,0.0055616339
support_growth_hessian,8,2,0.5,24,local,53,0.002604166667,0.0,0.0161420617,0.0006725859
support_growth_hessian,8,2,0.5,24,local,54,0.002604166667,0.0,0.1308911803,0.0054537992
support_growth_hessian,8,2,0.5,24,local,55,0.002604166667,0.0,0.1359826848,0.0056659452
support_growth_hessian,8,2,0.5,24,local,56,0.002604166667,0.0,0.016380025,0.000682501
support_growth_hessian,8,2,0.5,24,local,57,0.002604166667,0.0,0.1325190817,0.0055216284
support_growth_hessian,8,2,0.5,24,local,58,0.002604166667,0.0,0.1389403999,0.0057891833
support_growth_hessian,8,2,0.5,24,local,59,0.002604166667,0.0,0.0166607702,0.0006941988
support_growth_hessian,8,2,0.5,24,local,60,0.002604166667,0.0,0.1343986799,0.005599945
support_growth_hessian,8,2,0.5,24,local,61,0.002604166667,0.0,0.1423699691,0.005932082
support_growth_hessian,8,2,0.5,24,local,62,0.002604166667,0.0,0.0169857805,0.0007077409
support_growth_hessian,8,2,0.5,24,local,63,0.002604166667,0.0,0.1365378699,0.0056890779
support_growth_hessian,8,2,0.5,24,local,64,0.002604166667,0.0,0.1462919084,0.0060954962
support_growth_hessian,8,2,0.5,24,local,65,0.002604166667,0.0,0.0173567811,0.0007231992
support_growth_hessian,8,2,0.5,24,local,66,0.002604166667,0.0,0.1389456866,0.0057894036
support_growth_hessian,8,2,0.5,24,local,67,0.002604166667,0.0,0.1507298032,0.0062804085
support_growth_hessian,8,2,0.5,24,local,68,0.002604166667,0.0,0.017775753,0.0007406564
support_growth_hessian,8,2,0.5,24,local,69,0.002604166667,0.0,0.141632361,0.0059013484
support_growth_hessian,8,2,0.5,24,local,70,0.002604166667,0.0,0.155710497,0.0064879374
support_growth_hessian,8,2,0.5,24,local,71,0.002604166667,0.0,0.0182449476,0.0007602061
support_growth_hessian,8,2,0.5,24,collective,0,0.002604166667,0.0,3.0235623955,0.1259817665
support_growth_hessian,8,2,0.5,24,collective,1,0.002604166667,0.0,3.0231745412,0.1259656059
support_growth_hessian,8,2,0.5,24,collective,2,0.002604166667,0.0,0.3706238718,0.0154426613
support_growth_hessian,8,2,0.5,48,local,0,0.001302083333,0.0,0.141650517,0.0029510524
support_growth_hessian,8,2,0.5,48,local,1,0.001302083333,0.0,0.1557132162,0.0032440253
support_growth_hessian,8,2,0.5,48,local,2,0.001302083333,0.0,0.0182498737,0.0003802057
support_growth_hessian,8,2,0.5,48,local,3,0.001302083333,0.0,0.1402979265,0.0029228735
support_growth_hessian,8,2,0.5,48,local,4,0.001302083333,0.0,0.1532001004,0.0031916688
support_growth_hessian,8,2,0.5,48,local,5,0.001302083333,0.0,0.0180133352,0.0003752778
support_growth_hessian,8,2,0.5,48,local,6,0.001302083333,0.0,0.1390135896,0.0028961164
support_growth_hessian,8,2,0.5,48,local,7,0.001302083333,0.0,0.1508208725,0.0031421015
support_growth_hessian,8,2,0.5,48,local,8,0.001302083333,0.0,0.0177891498,0.0003706073
support_growth_hessian,8,2,0.5,48,local,9,0.001302083333,0.0,0.1377961918,0.002870754
support_growth_hessian,8,2,0.5,48,local,10,0.001302083333,0.0,0.1485720671,0.0030952514
support_growth_hessian,8,2,0.5,48,local,11,0.001302083333,0.0,0.0175770274,0.0003661881
support_growth_hessian,8,2,0.5,48,local,12,0.001302083333,0.0,0.1366444913,0.0028467602
support_growth_hessian,8,2,0.5,48,local,13,0.001302083333,0.0,0.1464504189,0.0030510504
support_growth_hessian,8,2,0.5,48,local,14,0.001302083333,0.0,0.0173766942,0.0003620145
support_growth_hessian,8,2,0.5,48,local,15,0.001302083333,0.0,0.1355573168,0.0028241108
support_growth_hessian,8,2,0.5,48,local,16,0.001302083333,0.0,0.1444528564,0.0030094345
support_growth_hessian,8,2,0.5,48,local,17,0.001302083333,0.0,0.0171878926,0.0003580811
support_growth_hessian,8,2,0.5,48,local,18,0.001302083333,0.0,0.1345335658,0.0028027826
support_growth_hessian,8,2,0.5,48,local,19,0.001302083333,0.0,0.1425764959,0.0029703437
support_growth_hessian,8,2,0.5,48,local,20,0.001302083333,0.0,0.0170103806,0.0003543829
support_growth_hessian,8,2,0.5,48,local,21,0.001302083333,0.0,0.1335722032,0.0027827542
support_growth_hessian,8,2,0.5,48,local,22,0.001302083333,0.0,0.1408186362,0.0029337216
support_growth_hessian,8,2,0.5,48,local,23,0.001302083333,0.0,0.0168439313,0.0003509152
support_growth_hessian,8,2,0.5,48,local,24,0.001302083333,0.0,0.1326722597,0.0027640054
support_growth_hessian,8,2,0.5,48,local,25,0.001302083333,0.0,0.1391767531,0.0028995157
support_growth_hessian,8,2,0.5,48,local,26,0.001302083333,0.0,0.0166883325,0.0003476736
support_growth_hessian,8,2,0.5,48,local,27,0.001302083333,0.0,0.1318328302,0.0027465173
support_growth_hessian,8,2,0.5,48,local,28,0.001302083333,0.0,0.1376484948,0.002867677
support_growth_hessian,8,2,0.5,48,local,29,0.001302083333,0.0,0.0165433863,0.0003446539
support_growth_hessian,8,2,0.5,48,local,30,0.001302083333,0.0,0.1310530722,0.0027302723
support_growth_hessian,8,2,0.5,48,local,31,0.001302083333,0.0,0.1362316772,0.0028381599
support_growth_hessian,8,2,0.5,48,local,32,0.001302083333,0.0,0.016408909,0.0003418523
support_growth_hessian,8,2,0.5,48,local,33,0.001302083333,0.0,0.1303322053,0.0027152543
support_growth_hessian,8,2,0.5,48,local,34,0.001302083333,0.0,0.1349242801,0.0028109225
support_growth_hessian,8,2,0.5,48,local,35,0.001302083333,0.0,0.0162847306,0.0003392652
support_growth_hessian,8,2,0.5,48,local,36,0.001302083333,0.0,0.1296695092,0.0027014481
support_growth_hessian,8,2,0.5,48,local,37,0.001302083333,0.0,0.1337244429,0.0027859259
support_growth_hessian,8,2,0.5,48,local,38,0.001302083333,0.0,0.0161706941,0.0003368895
support_growth_hessian,8,2,0.5,48,local,39,0.001302083333,0.0,0.1290643233,0.0026888401
support_growth_hessian,8,2,0.5,48,local,40,0.001302083333,0.0,0.1326304615,0.0027631346
support_growth_hessian,8,2,0.5,48,local,41,0.001302083333,0.0,0.0160666561,0.000334722
support_growth_hessian,8,2,0.5,48,local,42,0.001302083333,0.0,0.1285160451,0.0026774176
support_growth_hessian,8,2,0.5,48,local,43,0.001302083333,0.0,0.1316407847,0.0027425163
support_growth_hessian,8,2,0.5,48,local,44,0.001302083333,0.0,0.0159724856,0.0003327601
support_growth_hessian,8,2,0.5,48,local,45,0.001302083333,0.0,0.1280241301,0.0026671694
support_growth_hessian,8,2,0.5,48,local,46,0.001302083333,0.0,0.1307540116,0.0027240419
support_growth_hessian,8,2,0.5,48,local,47,0.001302083333,0.0,0.0158880646,0.0003310013
support_growth_hessian,8,2,0.5,48,local,48,0.001302083333,0.0,0.12758809,0.0026580852
support_growth_hessian,8,2,0.5,48,local,49,0.001302083333,0.0,0.1299688886,0.0027076852
support_growth_hessian,8,2,0.5,48,local,50,0.001302083333,0.0,0.0158132872,0.0003294435
support_growth_hessian,8,2,0.5,48,local,51,0.001302083333,0.0,0.127207493,0.0026501561
support_growth_hessian,8,2,0.5,48,local,52,0.001302083333,0.0,0.1292843076,0.0026934231
support_growth_hessian,8,2,0.5,48,local,53,0.001302083333,0.0,0.0157480598,0.0003280846
support_growth_hessian,8,2,0.5,48,local,54,0.001302083333,0.0,0.1268819624,0.0026433742
support_growth_hessian,8,2,0.5,48,local,55,0.001302083333,0.0,0.1286993032,0.0026812355
support_growth_hessian,8,2,0.5,48,local,56,0.001302083333,0.0,0.0156923009,0.0003269229
support_growth_hessian,8,2,0.5,48,local,57,0.001302083333,0.0,0.1266111763,0.0026377328
support_growth_hessian,8,2,0.5,48,local,58,0.001302083333,0.0,0.1282130514,0.0026711052
support_growth_hessian,8,2,0.5,48,local,59,0.001302083333,0.0,0.015645941,0.0003259571
support_growth_hessian,8,2,0.5,48,local,60,0.001302083333,0.0,0.1263948674,0.0026332264
support_growth_hessian,8,2,0.5,48,local,61,0.001302083333,0.0,0.1278248677,0.0026630181
support_growth_hessian,8,2,0.5,48,local,62,0.001302083333,0.0,0.0156089221,0.0003251859
support_growth_hessian,8,2,0.5,48,local,63,0.001302083333,0.0,0.1262328221,0.0026298505
support_growth_hessian,8,2,0.5,48,local,64,0.001302083333,0.0,0.1275342064,0.0026569626
support_growth_hessian,8,2,0.5,48,local,65,0.001302083333,0.0,0.0155811983,0.0003246083
support_growth_hessian,8,2,0.5,48,local,66,0.001302083333,0.0,0.1261248806,0.0026276017
support_growth_hessian,8,2,0.5,48,local,67,0.001302083333,0.0,0.1273406587,0.0026529304
support_growth_hessian,8,2,0.5,48,local,68,0.001302083333,0.0,0.0155627349,0.0003242236
support_growth_hessian,8,2,0.5,48,local,69,0.001302083333,0.0,0.1260709364,0.0026264778
support_growth_hessian,8,2,0.5,48,local,70,0.001302083333,0.0,0.1272439528,0.0026509157
support_growth_hessian,8,2,0.5,48,local,71,0.001302083333,0.0,0.0155535089,0.0003240314
support_growth_hessian,8,2,0.5,48,local,72,0.001302083333,0.0,0.1260709364,0.0026264778
support_growth_hessian,8,2,0.5,48,local,73,0.001302083333,0.0,0.1272439528,0.0026509157
support_growth_hessian,8,2,0.5,48,local,74,0.001302083333,0.0,0.0155535089,0.0003240314
support_growth_hessian,8,2,0.5,48,local,75,0.001302083333,0.0,0.1261248806,0.0026276017
support_growth_hessian,8,2,0.5,48,local,76,0.001302083333,0.0,0.1273406587,0.0026529304
support_growth_hessian,8,2,0.5,48,local,77,0.001302083333,0.0,0.0155627349,0.0003242236
support_growth_hessian,8,2,0.5,48,local,78,0.001302083333,0.0,0.1262328221,0.0026298505
support_growth_hessian,8,2,0.5,48,local,79,0.001302083333,0.0,0.1275342064,0.0026569626
support_growth_hessian,8,2,0.5,48,local,80,0.001302083333,0.0,0.0155811983,0.0003246083
support_growth_hessian,8,2,0.5,48,local,81,0.001302083333,0.0,0.1263948674,0.0026332264
support_growth_hessian,8,2,0.5,48,local,82,0.001302083333,0.0,0.1278248677,0.0026630181
support_growth_hessian,8,2,0.5,48,local,83,0.001302083333,0.0,0.0156089221,0.0003251859
support_growth_hessian,8,2,0.5,48,local,84,0.001302083333,0.0,0.1266111763,0.0026377328
support_growth_hessian,8,2,0.5,48,local,85,0.001302083333,0.0,0.1282130514,0.0026711052
support_growth_hessian,8,2,0.5,48,local,86,0.001302083333,0.0,0.015645941,0.0003259571
support_growth_hessian,8,2,0.5,48,local,87,0.001302083333,0.0,0.1268819624,0.0026433742
support_growth_hessian,8,2,0.5,48,local,88,0.001302083333,0.0,0.1286993032,0.0026812355
support_growth_hessian,8,2,0.5,48,local,89,0.001302083333,0.0,0.0156923009,0.0003269229
support_growth_hessian,8,2,0.5,48,local,90,0.001302083333,0.0,0.127207493,0.0026501561
support_growth_hessian,8,2,0.5,48,local,91,0.001302083333,0.0,0.1292843076,0.0026934231
support_growth_hessian,8,2,0.5,48,local,92,0.001302083333,0.0,0.0157480598,0.0003280846
support_growth_hessian,8,2,0.5,48,local,93,0.001302083333,0.0,0.12758809,0.0026580852
support_growth_hessian,8,2,0.5,48,local,94,0.001302083333,0.0,0.1299688886,0.0027076852
support_growth_hessian,8,2,0.5,48,local,95,0.001302083333,0.0,0.0158132872,0.0003294435
support_growth_hessian,8,2,0.5,48,local,96,0.001302083333,0.0,0.12802413,0.0026671694
support_growth_hessian,8,2,0.5,48,local,97,0.001302083333,0.0,0.1307540115,0.0027240419
support_growth_hessian,8,2,0.5,48,local,98,0.001302083333,0.0,0.0158880646,0.0003310013
support_growth_hessian,8,2,0.5,48,local,99,0.001302083333,0.0,0.1285160451,0.0026774176
support_growth_hessian,8,2,0.5,48,local,100,0.001302083333,0.0,0.1316407847,0.0027425163
support_growth_hessian,8,2,0.5,48,local,101,0.001302083333,0.0,0.0159724857,0.0003327601
support_growth_hessian,8,2,0.5,48,local,102,0.001302083333,0.0,0.1290643233,0.0026888401
support_growth_hessian,8,2,0.5,48,local,103,0.001302083333,0.0,0.1326304614,0.0027631346
support_growth_hessian,8,2,0.5,48,local,104,0.001302083333,0.0,0.0160666561,0.000334722
support_growth_hessian,8,2,0.5,48,local,105,0.001302083333,0.0,0.1296695092,0.0027014481
support_growth_hessian,8,2,0.5,48,local,106,0.001302083333,0.0,0.1337244429,0.0027859259
support_growth_hessian,8,2,0.5,48,local,107,0.001302083333,0.0,0.0161706941,0.0003368895
support_growth_hessian,8,2,0.5,48,local,108,0.001302083333,0.0,0.1303322053,0.0027152543
support_growth_hessian,8,2,0.5,48,local,109,0.001302083333,0.0,0.1349242801,0.0028109225
support_growth_hessian,8,2,0.5,48,local,110,0.001302083333,0.0,0.0162847306,0.0003392652
support_growth_hessian,8,2,0.5,48,local,111,0.001302083333,0.0,0.1310530722,0.0027302723
support_growth_hessian,8,2,0.5,48,local,112,0.001302083333,0.0,0.1362316772,0.0028381599
support_growth_hessian,8,2,0.5,48,local,113,0.001302083333,0.0,0.016408909,0.0003418523
support_growth_hessian,8,2,0.5,48,local,114,0.001302083333,0.0,0.1318328302,0.0027465173
support_growth_hessian,8,2,0.5,48,local,115,0.001302083333,0.0,0.1376484948,0.002867677
support_growth_hessian,8,2,0.5,48,local,116,0.001302083333,0.0,0.0165433863,0.0003446539
support_growth_hessian,8,2,0.5,48,local,117,0.001302083333,0.0,0.1326722597,0.0027640054
support_growth_hessian,8,2,0.5,48,local,118,0.001302083333,0.0,0.1391767531,0.0028995157
support_growth_hessian,8,2,0.5,48,local,119,0.001302083333,0.0,0.0166883324,0.0003476736
support_growth_hessian,8,2,0.5,48,local,120,0.001302083333,0.0,0.1335722032,0.0027827542
support_growth_hessian,8,2,0.5,48,local,121,0.001302083333,0.0,0.1408186362,0.0029337216
support_growth_hessian,8,2,0.5,48,local,122,0.001302083333,0.0,0.0168439313,0.0003509152
support_growth_hessian,8,2,0.5,48,local,123,0.001302083333,0.0,0.1345335658,0.0028027826
support_growth_hessian,8,2,0.5,48,local,124,0.001302083333,0.0,0.1425764959,0.0029703437
support_growth_hessian,8,2,0.5,48,local,125,0.001302083333,0.0,0.0170103806,0.0003543829
support_growth_hessian,8,2,0.5,48,local,126,0.001302083333,0.0,0.1355573168,0.0028241108
support_growth_hessian,8,2,0.5,48,local,127,0.001302083333,0.0,0.1444528564,0.0030094345
support_growth_hessian,8,2,0.5,48,local,128,0.001302083333,0.0,0.0171878926,0.0003580811
support_growth_hessian,8,2,0.5,48,local,129,0.001302083333,0.0,0.1366444913,0.0028467602
support_growth_hessian,8,2,0.5,48,local,130,0.001302083333,0.0,0.1464504189,0.0030510504
support_growth_hessian,8,2,0.5,48,local,131,0.001302083333,0.0,0.0173766942,0.0003620145
support_growth_hessian,8,2,0.5,48,local,132,0.001302083333,0.0,0.1377961919,0.002870754
support_growth_hessian,8,2,0.5,48,local,133,0.001302083333,0.0,0.1485720671,0.0030952514
support_growth_hessian,8,2,0.5,48,local,134,0.001302083333,0.0,0.0175770273,0.0003661881
support_growth_hessian,8,2,0.5,48,local,135,0.001302083333,0.0,0.1390135896,0.0028961164
support_growth_hessian,8,2,0.5,48,local,136,0.001302083333,0.0,0.1508208725,0.0031421015
support_growth_hessian,8,2,0.5,48,local,137,0.001302083333,0.0,0.0177891498,0.0003706073
support_growth_hessian,8,2,0.5,48,local,138,0.001302083333,0.0,0.1402979265,0.0029228735
support_growth_hessian,8,2,0.5,48,local,139,0.001302083333,0.0,0.1532001004,0.0031916688
support_growth_hessian,8,2,0.5,48,local,140,0.001302083333,0.0,0.0180133352,0.0003752778
support_growth_hessian,8,2,0.5,48,local,141,0.001302083333,0.0,0.141650517,0.0029510524
support_growth_hessian,8,2,0.5,48,local,142,0.001302083333,0.0,0.1557132162,0.0032440253
support_growth_hessian,8,2,0.5,48,local,143,0.001302083333,0.0,0.0182498737,0.0003802057
support_growth_hessian,8,2,0.5,48,collective,0,0.001302083333,0.0,6.0470304255,0.1259798005
support_growth_hessian,8,2,0.5,48,collective,1,0.001302083333,0.0,6.0462915571,0.1259644074
support_growth_hessian,8,2,0.5,48,collective,2,0.001302083333,0.0,0.7414742926,0.0154473811
support_growth_hessian,8,2,0.5,96,local,0,0.000651041667,0.0,0.1416594794,0.0014756196
support_growth_hessian,8,2,0.5,96,local,1,0.000651041667,0.0,0.155714982,0.0016220311
support_growth_hessian,8,2,0.5,96,local,2,0.000651041667,0.0,0.0182522731,0.0001901278
support_growth_hessian,8,2,0.5,96,local,3,0.000651041667,0.0,0.1409811264,0.0014685534
support_growth_hessian,8,2,0.5,96,local,4,0.000651041667,0.0,0.1544532,0.0016088875
support_growth_hessian,8,2,0.5,96,local,5,0.000651041667,0.0,0.018133563,0.0001888913
support_growth_hessian,8,2,0.5,96,local,6,0.000651041667,0.0,0.1403196631,0.0014616632
support_growth_hessian,8,2,0.5,96,local,7,0.000651041667,0.0,0.1532246767,0.0015960904
support_growth_hessian,8,2,0.5,96,local,8,0.000651041667,0.0,0.0180179172,0.0001876866
support_growth_hessian,8,2,0.5,96,local,9,0.000651041667,0.0,0.1396749234,0.0014549471
support_growth_hessian,8,2,0.5,96,local,10,0.000651041667,0.0,0.1520289728,0.0015836351
support_growth_hessian,8,2,0.5,96,local,11,0.000651041667,0.0,0.017905299,0.0001865135
support_growth_hessian,8,2,0.5,96,local,12,0.000651041667,0.0,0.1390467456,0.0014484036
support_growth_hessian,8,2,0.5,96,local,13,0.000651041667,0.0,0.1508656614,0.0015715173
support_growth_hessian,8,2,0.5,96,local,14,0.000651041667,0.0,0.0177956726,0.0001853716
support_growth_hessian,8,2,0.5,96,local,15,0.000651041667,0.0,0.1384349722,0.001442031
support_growth_hessian,8,2,0.5,96,local,16,0.000651041667,0.0,0.1497343279,0.0015597326
support_growth_hessian,8,2,0.5,96,local,17,0.000651041667,0.0,0.0176890033,0.0001842605
support_growth_hessian,8,2,0.5,96,local,18,0.000651041667,0.0,0.1378394504,0.0014358276
support_growth_hessian,8,2,0.5,96,local,19,0.000651041667,0.0,0.1486345698,0.0015482768
support_growth_hessian,8,2,0.5,96,local,20,0.000651041667,0.0,0.0175852574,0.0001831798
support_growth_hessian,8,2,0.5,96,local,21,0.000651041667,0.0,0.1372600315,0.001429792
support_growth_hessian,8,2,0.5,96,local,22,0.000651041667,0.0,0.1475659961,0.0015371458
support_growth_hessian,8,2,0.5,96,local,23,0.000651041667,0.0,0.0174844021,0.0001821292
support_growth_hessian,8,2,0.5,96,local,24,0.000651041667,0.0,0.1366965708,0.0014239226
support_growth_hessian,8,2,0.5,96,local,25,0.000651041667,0.0,0.1465282279,0.0015263357
support_growth_hessian,8,2,0.5,96,local,26,0.000651041667,0.0,0.0173864057,0.0001811084
support_growth_hessian,8,2,0.5,96,local,27,0.000651041667,0.0,0.1361489285,0.001418218
support_growth_hessian,8,2,0.5,96,local,28,0.000651041667,0.0,0.1455208972,0.0015158427
support_growth_hessian,8,2,0.5,96,local,29,0.000651041667,0.0,0.0172912371,0.0001801171
support_growth_hessian,8,2,0.5,96,local,30,0.000651041667,0.0,0.1356169682,0.0014126768
support_growth_hessian,8,2,0.5,96,local,31,0.000651041667,0.0,0.1445436479,0.001505663
support_growth_hessian,8,2,0.5,96,local,32,0.000651041667,0.0,0.0171988668,0.0001791549
support_growth_hessian,8,2,0.5,96,local,33,0.000651041667,0.0,0.1351005579,0.0014072975
support_growth_hessian,8,2,0.5,96,local,34,0.000651041667,0.0,0.1435961345,0.0014957931
support_growth_hessian,8,2,0.5,96,local,35,0.000651041667,0.0,0.0171092654,0.0001782215
support_growth_hessian,8,2,0.5,96,local,36,0.000651041667,0.0,0.1345995699,0.0014020789
support_growth_hessian,8,2,0.5,96,local,37,0.000651041667,0.0,0.1426780229,0.0014862294
support_growth_hessian,8,2,0.5,96,local,38,0.000651041667,0.0,0.0170224052,0.0001773167
support_growth_hessian,8,2,0.5,96,local,39,0.000651041667,0.0,0.1341138799,0.0013970196
support_growth_hessian,8,2,0.5,96,local,40,0.000651041667,0.0,0.1417889894,0.0014769686
support_growth_hessian,8,2,0.5,96,local,41,0.000651041667,0.0,0.0169382587,0.0001764402
support_growth_hessian,8,2,0.5,96,local,42,0.000651041667,0.0,0.133643368,0.0013921184
support_growth_hessian,8,2,0.5,96,local,43,0.000651041667,0.0,0.1409287212,0.0014680075
support_growth_hessian,8,2,0.5,96,local,44,0.000651041667,0.0,0.0168567998,0.0001755917
support_growth_hessian,8,2,0.5,96,local,45,0.000651041667,0.0,0.133187918,0.0013873741
support_growth_hessian,8,2,0.5,96,local,46,0.000651041667,0.0,0.1400969159,0.0014593429
support_growth_hessian,8,2,0.5,96,local,47,0.000651041667,0.0,0.0167780031,0.0001747709
support_growth_hessian,8,2,0.5,96,local,48,0.000651041667,0.0,0.1327474177,0.0013827856
support_growth_hessian,8,2,0.5,96,local,49,0.000651041667,0.0,0.1392932816,0.0014509717
support_growth_hessian,8,2,0.5,96,local,50,0.000651041667,0.0,0.016701844,0.0001739775
support_growth_hessian,8,2,0.5,96,local,51,0.000651041667,0.0,0.1323217588,0.0013783517
support_growth_hessian,8,2,0.5,96,local,52,0.000651041667,0.0,0.1385175364,0.001442891
support_growth_hessian,8,2,0.5,96,local,53,0.000651041667,0.0,0.0166282987,0.0001732114
support_growth_hessian,8,2,0.5,96,local,54,0.000651041667,0.0,0.1319108363,0.0013740712
support_growth_hessian,8,2,0.5,96,local,55,0.000651041667,0.0,0.1377694086,0.001435098
support_growth_hessian,8,2,0.5,96,local,56,0.000651041667,0.0,0.0165573445,0.0001724723
support_growth_hessian,8,2,0.5,96,local,57,0.000651041667,0.0,0.1315145494,0.0013699432
support_growth_hessian,8,2,0.5,96,local,58,0.000651041667,0.0,0.1370486366,0.00142759
support_growth_hessian,8,2,0.5,96,local,59,0.000651041667,0.0,0.0164889592,0.00017176
support_growth_hessian,8,2,0.5,96,local,60,0.000651041667,0.0,0.1311328009,0.0013659667
support_growth_hessian,8,2,0.5,96,local,61,0.000651041667,0.0,0.1363549684,0.0014203643
support_growth_hessian,8,2,0.5,96,local,62,0.000651041667,0.0,0.0164231218,0.0001710742
support_growth_hessian,8,2,0.5,96,local,63,0.000651041667,0.0,0.1307654972,0.0013621406
support_growth_hessian,8,2,0.5,96,local,64,0.000651041667,0.0,0.1356881619,0.0014134184
support_growth_hessian,8,2,0.5,96,local,65,0.000651041667,0.0,0.0163598118,0.0001704147
support_growth_hessian,8,2,0.5,96,local,66,0.000651041667,0.0,0.1304125485,0.001358464
support_growth_hessian,8,2,0.5,96,local,67,0.000651041667,0.0,0.1350479845,0.0014067498
support_growth_hessian,8,2,0.5,96,local,68,0.000651041667,0.0,0.0162990095,0.0001697813
support_growth_hessian,8,2,0.5,96,local,69,0.000651041667,0.0,0.1300738684,0.0013549361
support_growth_hessian,8,2,0.5,96,local,70,0.000651041667,0.0,0.1344342134,0.0014003564
support_growth_hessian,8,2,0.5,96,local,71,0.000651041667,0.0,0.0162406964,0.0001691739
support_growth_hessian,8,2,0.5,96,local,72,0.000651041667,0.0,0.1297493742,0.001351556
support_growth_hessian,8,2,0.5,96,local,73,0.000651041667,0.0,0.1338466347,0.0013942358
support_growth_hessian,8,2,0.5,96,local,74,0.000651041667,0.0,0.0161848543,0.0001685922
support_growth_hessian,8,2,0.5,96,local,75,0.000651041667,0.0,0.1294389866,0.0013483228
support_growth_hessian,8,2,0.5,96,local,76,0.000651041667,0.0,0.1332850441,0.0013883859
support_growth_hessian,8,2,0.5,96,local,77,0.000651041667,0.0,0.016131466,0.0001680361
support_growth_hessian,8,2,0.5,96,local,78,0.000651041667,0.0,0.1291426299,0.0013452357
support_growth_hessian,8,2,0.5,96,local,79,0.000651041667,0.0,0.1327492466,0.0013828047
support_growth_hessian,8,2,0.5,96,local,80,0.000651041667,0.0,0.0160805151,0.0001675054
support_growth_hessian,8,2,0.5,96,local,81,0.000651041667,0.0,0.1288602319,0.0013422941
support_growth_hessian,8,2,0.5,96,local,82,0.000651041667,0.0,0.1322390562,0.0013774902
support_growth_hessian,8,2,0.5,96,local,83,0.000651041667,0.0,0.0160319859,0.0001669999
support_growth_hessian,8,2,0.5,96,local,84,0.000651041667,0.0,0.1285917238,0.0013394971
support_growth_hessian,8,2,0.5,96,local,85,0.000651041667,0.0,0.1317542958,0.0013724406
support_growth_hessian,8,2,0.5,96,local,86,0.000651041667,0.0,0.0159858633,0.0001665194
support_growth_hessian,8,2,0.5,96,local,87,0.000651041667,0.0,0.1283370405,0.0013368442
support_growth_hessian,8,2,0.5,96,local,88,0.000651041667,0.0,0.1312947975,0.0013676541
support_growth_hessian,8,2,0.5,96,local,89,0.000651041667,0.0,0.0159421334,0.0001660639
support_growth_hessian,8,2,0.5,96,local,90,0.000651041667,0.0,0.1280961199,0.0013343346
support_growth_hessian,8,2,0.5,96,local,91,0.000651041667,0.0,0.1308604022,0.0013631292
support_growth_hessian,8,2,0.5,96,local,92,0.000651041667,0.0,0.0159007827,0.0001656332
support_growth_hessian,8,2,0.5,96,local,93,0.000651041667,0.0,0.1278689035,0.0013319677
support_growth_hessian,8,2,0.5,96,local,94,0.000651041667,0.0,0.1304509593,0.0013588642
support_growth_hessian,8,2,0.5,96,local,95,0.000651041667,0.0,0.0158617984,0.0001652271
support_growth_hessian,8,2,0.5,96,local,96,0.000651041667,0.0,0.1276553361,0.0013297431
support_growth_hessian,8,2,0.5,96,local,97,0.000651041667,0.0,0.1300663274,0.0013548576
support_growth_hessian,8,2,0.5,96,local,98,0.000651041667,0.0,0.0158251686,0.0001648455
support_growth_hessian,8,2,0.5,96,local,99,0.000651041667,0.0,0.127455366,0.0013276601
support_growth_hessian,8,2,0.5,96,local,100,0.000651041667,0.0,0.1297063736,0.0013511081
support_growth_hessian,8,2,0.5,96,local,101,0.000651041667,0.0,0.0157908821,0.0001644884
support_growth_hessian,8,2,0.5,96,local,102,0.000651041667,0.0,0.1272689447,0.0013257182
support_growth_hessian,8,2,0.5,96,local,103,0.000651041667,0.0,0.1293709734,0.0013476143
support_growth_hessian,8,2,0.5,96,local,104,0.000651041667,0.0,0.0157589284,0.0001641555
support_growth_hessian,8,2,0.5,96,local,105,0.000651041667,0.0,0.1270960269,0.0013239169
support_growth_hessian,8,2,0.5,96,local,106,0.000651041667,0.0,0.129060011,0.0013443751
support_growth_hessian,8,2,0.5,96,local,107,0.000651041667,0.0,0.0157292978,0.0001638469
support_growth_hessian,8,2,0.5,96,local,108,0.000651041667,0.0,0.1269365709,0.0013222559
support_growth_hessian,8,2,0.5,96,local,109,0.000651041667,0.0,0.1287733792,0.0013413894
support_growth_hessian,8,2,0.5,96,local,110,0.000651041667,0.0,0.015701981,0.0001635623
support_growth_hessian,8,2,0.5,96,local,111,0.000651041667,0.0,0.1267905379,0.0013207348
support_growth_hessian,8,2,0.5,96,local,112,0.000651041667,0.0,0.128510979,0.001338656
support_growth_hessian,8,2,0.5,96,local,113,0.000651041667,0.0,0.0156769699,0.0001633018
support_growth_hessian,8,2,0.5,96,local,114,0.000651041667,0.0,0.1266578927,0.001319353
support_growth_hessian,8,2,0.5,96,local,115,0.000651041667,0.0,0.1282727202,0.0013361742
support_growth_hessian,8,2,0.5,96,local,116,0.000651041667,0.0,0.0156542568,0.0001630652
support_growth_hessian,8,2,0.5,96,local,117,0.000651041667,0.0,0.1265386033,0.0013181105
support_growth_hessian,8,2,0.5,96,local,118,0.000651041667,0.0,0.1280585203,0.0013339429
support_growth_hessian,8,2,0.5,96,local,119,0.000651041667,0.0,0.0156338345,0.0001628524
support_growth_hessian,8,2,0.5,96,local,120,0.000651041667,0.0,0.1264326407,0.0013170067
support_growth_hessian,8,2,0.5,96,local,121,0.000651041667,0.0,0.1278683057,0.0013319615
support_growth_hessian,8,2,0.5,96,local,122,0.000651041667,0.0,0.0156156972,0.0001626635
support_growth_hessian,8,2,0.5,96,local,123,0.000651041667,0.0,0.1263399793,0.0013160415
support_growth_hessian,8,2,0.5,96,local,124,0.000651041667,0.0,0.127702011,0.0013302293
support_growth_hessian,8,2,0.5,96,local,125,0.000651041667,0.0,0.0155998391,0.0001624983
support_growth_hessian,8,2,0.5,96,local,126,0.000651041667,0.0,0.1262605968,0.0013152146
support_growth_hessian,8,2,0.5,96,local,127,0.000651041667,0.0,0.1275595788,0.0013287456
support_growth_hessian,8,2,0.5,96,local,128,0.000651041667,0.0,0.0155862554,0.0001623568
support_growth_hessian,8,2,0.5,96,local,129,0.000651041667,0.0,0.126194474,0.0013145258
support_growth_hessian,8,2,0.5,96,local,130,0.000651041667,0.0,0.12744096,0.00132751
support_growth_hessian,8,2,0.5,96,local,131,0.000651041667,0.0,0.015574942,0.000162239
support_growth_hessian,8,2,0.5,96,local,132,0.000651041667,0.0,0.1261415949,0.0013139749
support_growth_hessian,8,2,0.5,96,local,133,0.000651041667,0.0,0.127346114,0.001326522
support_growth_hessian,8,2,0.5,96,local,134,0.000651041667,0.0,0.0155658954,0.0001621447
support_growth_hessian,8,2,0.5,96,local,135,0.000651041667,0.0,0.1261019467,0.0013135619
support_growth_hessian,8,2,0.5,96,local,136,0.000651041667,0.0,0.127275008,0.0013257813
support_growth_hessian,8,2,0.5,96,local,137,0.000651041667,0.0,0.0155591129,0.0001620741
support_growth_hessian,8,2,0.5,96,local,138,0.000651041667,0.0,0.1260755199,0.0013132867
support_growth_hessian,8,2,0.5,96,local,139,0.000651041667,0.0,0.1272276176,0.0013252877
support_growth_hessian,8,2,0.5,96,local,140,0.000651041667,0.0,0.0155545924,0.000162027
support_growth_hessian,8,2,0.5,96,local,141,0.000651041667,0.0,0.1260623082,0.001313149
support_growth_hessian,8,2,0.5,96,local,142,0.000651041667,0.0,0.1272039264,0.0013250409
support_growth_hessian,8,2,0.5,96,local,143,0.000651041667,0.0,0.0155523324,0.0001620035
support_growth_hessian,8,2,0.5,96,local,144,0.000651041667,0.0,0.1260623082,0.001313149
support_growth_hessian,8,2,0.5,96,local,145,0.000651041667,0.0,0.1272039264,0.0013250409
support_growth_hessian,8,2,0.5,96,local,146,0.000651041667,0.0,0.0155523324,0.0001620035
support_growth_hessian,8,2,0.5,96,local,147,0.000651041667,0.0,0.1260755199,0.0013132867
support_growth_hessian,8,2,0.5,96,local,148,0.000651041667,0.0,0.1272276176,0.0013252877
support_growth_hessian,8,2,0.5,96,local,149,0.000651041667,0.0,0.0155545923,0.000162027
support_growth_hessian,8,2,0.5,96,local,150,0.000651041667,0.0,0.1261019467,0.0013135619
support_growth_hessian,8,2,0.5,96,local,151,0.000651041667,0.0,0.127275008,0.0013257813
support_growth_hessian,8,2,0.5,96,local,152,0.000651041667,0.0,0.0155591129,0.0001620741
support_growth_hessian,8,2,0.5,96,local,153,0.000651041667,0.0,0.1261415949,0.0013139749
support_growth_hessian,8,2,0.5,96,local,154,0.000651041667,0.0,0.127346114,0.001326522
support_growth_hessian,8,2,0.5,96,local,155,0.000651041667,0.0,0.0155658954,0.0001621447
support_growth_hessian,8,2,0.5,96,local,156,0.000651041667,0.0,0.126194474,0.0013145258
support_growth_hessian,8,2,0.5,96,local,157,0.000651041667,0.0,0.12744096,0.00132751
support_growth_hessian,8,2,0.5,96,local,158,0.000651041667,0.0,0.015574942,0.000162239
support_growth_hessian,8,2,0.5,96,local,159,0.000651041667,0.0,0.1262605969,0.0013152146
support_growth_hessian,8,2,0.5,96,local,160,0.000651041667,0.0,0.1275595787,0.0013287456
support_growth_hessian,8,2,0.5,96,local,161,0.000651041667,0.0,0.0155862554,0.0001623568
support_growth_hessian,8,2,0.5,96,local,162,0.000651041667,0.0,0.1263399793,0.0013160415
support_growth_hessian,8,2,0.5,96,local,163,0.000651041667,0.0,0.127702011,0.0013302293
support_growth_hessian,8,2,0.5,96,local,164,0.000651041667,0.0,0.0155998391,0.0001624983
support_growth_hessian,8,2,0.5,96,local,165,0.000651041667,0.0,0.1264326407,0.0013170067
support_growth_hessian,8,2,0.5,96,local,166,0.000651041667,0.0,0.1278683057,0.0013319615
support_growth_hessian,8,2,0.5,96,local,167,0.000651041667,0.0,0.0156156973,0.0001626635
support_growth_hessian,8,2,0.5,96,local,168,0.000651041667,0.0,0.1265386033,0.0013181105
support_growth_hessian,8,2,0.5,96,local,169,0.000651041667,0.0,0.1280585203,0.0013339429
support_growth_hessian,8,2,0.5,96,local,170,0.000651041667,0.0,0.0156338346,0.0001628524
support_growth_hessian,8,2,0.5,96,local,171,0.000651041667,0.0,0.1266578927,0.001319353
support_growth_hessian,8,2,0.5,96,local,172,0.000651041667,0.0,0.1282727201,0.0013361742
support_growth_hessian,8,2,0.5,96,local,173,0.000651041667,0.0,0.0156542568,0.0001630652
support_growth_hessian,8,2,0.5,96,local,174,0.000651041667,0.0,0.126790538,0.0013207348
support_growth_hessian,8,2,0.5,96,local,175,0.000651041667,0.0,0.1285109791,0.001338656
support_growth_hessian,8,2,0.5,96,local,176,0.000651041667,0.0,0.0156769699,0.0001633018
support_growth_hessian,8,2,0.5,96,local,177,0.000651041667,0.0,0.1269365709,0.0013222559
support_growth_hessian,8,2,0.5,96,local,178,0.000651041667,0.0,0.1287733792,0.0013413894
support_growth_hessian,8,2,0.5,96,local,179,0.000651041667,0.0,0.015701981,0.0001635623
support_growth_hessian,8,2,0.5,96,local,180,0.000651041667,0.0,0.1270960269,0.0013239169
support_growth_hessian,8,2,0.5,96,local,181,0.000651041667,0.0,0.1290600109,0.0013443751
support_growth_hessian,8,2,0.5,96,local,182,0.000651041667,0.0,0.0157292977,0.0001638469
support_growth_hessian,8,2,0.5,96,local,183,0.000651041667,0.0,0.1272689447,0.0013257182
support_growth_hessian,8,2,0.5,96,local,184,0.000651041667,0.0,0.1293709733,0.0013476143
support_growth_hessian,8,2,0.5,96,local,185,0.000651041667,0.0,0.0157589285,0.0001641555
support_growth_hessian,8,2,0.5,96,local,186,0.000651041667,0.0,0.127455366,0.0013276601
support_growth_hessian,8,2,0.5,96,local,187,0.000651041667,0.0,0.1297063736,0.0013511081
support_growth_hessian,8,2,0.5,96,local,188,0.000651041667,0.0,0.0157908821,0.0001644884
support_growth_hessian,8,2,0.5,96,local,189,0.000651041667,0.0,0.1276553361,0.0013297431
support_growth_hessian,8,2,0.5,96,local,190,0.000651041667,0.0,0.1300663274,0.0013548576
support_growth_hessian,8,2,0.5,96,local,191,0.000651041667,0.0,0.0158251686,0.0001648455
support_growth_hessian,8,2,0.5,96,local,192,0.000651041667,0.0,0.1278689035,0.0013319677
support_growth_hessian,8,2,0.5,96,local,193,0.000651041667,0.0,0.1304509593,0.0013588642
support_growth_hessian,8,2,0.5,96,local,194,0.000651041667,0.0,0.0158617984,0.0001652271
support_growth_hessian,8,2,0.5,96,local,195,0.000651041667,0.0,0.1280961199,0.0013343346
support_growth_hessian,8,2,0.5,96,local,196,0.000651041667,0.0,0.1308604021,0.0013631292
support_growth_hessian,8,2,0.5,96,local,197,0.000651041667,0.0,0.0159007827,0.0001656332
support_growth_hessian,8,2,0.5,96,local,198,0.000651041667,0.0,0.1283370405,0.0013368442
support_growth_hessian,8,2,0.5,96,local,199,0.000651041667,0.0,0.1312947974,0.0013676541
support_growth_hessian,8,2,0.5,96,local,200,0.000651041667,0.0,0.0159421335,0.0001660639
support_growth_hessian,8,2,0.5,96,local,201,0.000651041667,0.0,0.1285917238,0.0013394971
support_growth_hessian,8,2,0.5,96,local,202,0.000651041667,0.0,0.1317542958,0.0013724406
support_growth_hessian,8,2,0.5,96,local,203,0.000651041667,0.0,0.0159858633,0.0001665194
support_growth_hessian,8,2,0.5,96,local,204,0.000651041667,0.0,0.1288602318,0.0013422941
support_growth_hessian,8,2,0.5,96,local,205,0.000651041667,0.0,0.1322390562,0.0013774902
support_growth_hessian,8,2,0.5,96,local,206,0.000651041667,0.0,0.0160319858,0.0001669999
support_growth_hessian,8,2,0.5,96,local,207,0.000651041667,0.0,0.1291426299,0.0013452357
support_growth_hessian,8,2,0.5,96,local,208,0.000651041667,0.0,0.1327492466,0.0013828047
support_growth_hessian,8,2,0.5,96,local,209,0.000651041667,0.0,0.0160805151,0.0001675054
support_growth_hessian,8,2,0.5,96,local,210,0.000651041667,0.0,0.1294389865,0.0013483228
support_growth_hessian,8,2,0.5,96,local,211,0.000651041667,0.0,0.1332850441,0.0013883859
support_growth_hessian,8,2,0.5,96,local,212,0.000651041667,0.0,0.016131466,0.0001680361
support_growth_hessian,8,2,0.5,96,local,213,0.000651041667,0.0,0.1297493742,0.001351556
support_growth_hessian,8,2,0.5,96,local,214,0.000651041667,0.0,0.1338466347,0.0013942358
support_growth_hessian,8,2,0.5,96,local,215,0.000651041667,0.0,0.0161848543,0.0001685922
support_growth_hessian,8,2,0.5,96,local,216,0.000651041667,0.0,0.1300738684,0.0013549361
support_growth_hessian,8,2,0.5,96,local,217,0.000651041667,0.0,0.1344342134,0.0014003564
support_growth_hessian,8,2,0.5,96,local,218,0.000651041667,0.0,0.0162406964,0.0001691739
support_growth_hessian,8,2,0.5,96,local,219,0.000651041667,0.0,0.1304125485,0.001358464
support_growth_hessian,8,2,0.5,96,local,220,0.000651041667,0.0,0.1350479846,0.0014067498
support_growth_hessian,8,2,0.5,96,local,221,0.000651041667,0.0,0.0162990095,0.0001697813
support_growth_hessian,8,2,0.5,96,local,222,0.000651041667,0.0,0.1307654973,0.0013621406
support_growth_hessian,8,2,0.5,96,local,223,0.000651041667,0.0,0.1356881619,0.0014134184
support_growth_hessian,8,2,0.5,96,local,224,0.000651041667,0.0,0.0163598118,0.0001704147
support_growth_hessian,8,2,0.5,96,local,225,0.000651041667,0.0,0.1311328009,0.0013659667
support_growth_hessian,8,2,0.5,96,local,226,0.000651041667,0.0,0.1363549684,0.0014203643
support_growth_hessian,8,2,0.5,96,local,227,0.000651041667,0.0,0.0164231218,0.0001710742
support_growth_hessian,8,2,0.5,96,local,228,0.000651041667,0.0,0.1315145494,0.0013699432
support_growth_hessian,8,2,0.5,96,local,229,0.000651041667,0.0,0.1370486366,0.00142759
support_growth_hessian,8,2,0.5,96,local,230,0.000651041667,0.0,0.0164889592,0.00017176
support_growth_hessian,8,2,0.5,96,local,231,0.000651041667,0.0,0.1319108363,0.0013740712
support_growth_hessian,8,2,0.5,96,local,232,0.000651041667,0.0,0.1377694086,0.001435098
support_growth_hessian,8,2,0.5,96,local,233,0.000651041667,0.0,0.0165573445,0.0001724723
support_growth_hessian,8,2,0.5,96,local,234,0.000651041667,0.0,0.1323217587,0.0013783517
support_growth_hessian,8,2,0.5,96,local,235,0.000651041667,0.0,0.1385175364,0.001442891
support_growth_hessian,8,2,0.5,96,local,236,0.000651041667,0.0,0.0166282987,0.0001732114
support_growth_hessian,8,2,0.5,96,local,237,0.000651041667,0.0,0.1327474177,0.0013827856
support_growth_hessian,8,2,0.5,96,local,238,0.000651041667,0.0,0.1392932816,0.0014509717
support_growth_hessian,8,2,0.5,96,local,239,0.000651041667,0.0,0.016701844,0.0001739775
support_growth_hessian,8,2,0.5,96,local,240,0.000651041667,0.0,0.133187918,0.0013873741
support_growth_hessian,8,2,0.5,96,local,241,0.000651041667,0.0,0.140096916,0.0014593429
support_growth_hessian,8,2,0.5,96,local,242,0.000651041667,0.0,0.0167780032,0.0001747709
support_growth_hessian,8,2,0.5,96,local,243,0.000651041667,0.0,0.133643368,0.0013921184
support_growth_hessian,8,2,0.5,96,local,244,0.000651041667,0.0,0.1409287212,0.0014680075
support_growth_hessian,8,2,0.5,96,local,245,0.000651041667,0.0,0.0168567999,0.0001755917
support_growth_hessian,8,2,0.5,96,local,246,0.000651041667,0.0,0.1341138799,0.0013970196
support_growth_hessian,8,2,0.5,96,local,247,0.000651041667,0.0,0.1417889894,0.0014769686
support_growth_hessian,8,2,0.5,96,local,248,0.000651041667,0.0,0.0169382587,0.0001764402
support_growth_hessian,8,2,0.5,96,local,249,0.000651041667,0.0,0.1345995699,0.0014020789
support_growth_hessian,8,2,0.5,96,local,250,0.000651041667,0.0,0.1426780229,0.0014862294
support_growth_hessian,8,2,0.5,96,local,251,0.000651041667,0.0,0.0170224052,0.0001773167
support_growth_hessian,8,2,0.5,96,local,252,0.000651041667,0.0,0.1351005579,0.0014072975
support_growth_hessian,8,2,0.5,96,local,253,0.000651041667,0.0,0.1435961345,0.0014957931
support_growth_hessian,8,2,0.5,96,local,254,0.000651041667,0.0,0.0171092655,0.0001782215
support_growth_hessian,8,2,0.5,96,local,255,0.000651041667,0.0,0.1356169682,0.0014126768
support_growth_hessian,8,2,0.5,96,local,256,0.000651041667,0.0,0.1445436479,0.001505663
support_growth_hessian,8,2,0.5,96,local,257,0.000651041667,0.0,0.0171988668,0.0001791549
support_growth_hessian,8,2,0.5,96,local,258,0.000651041667,0.0,0.1361489285,0.001418218
support_growth_hessian,8,2,0.5,96,local,259,0.000651041667,0.0,0.1455208972,0.0015158427
support_growth_hessian,8,2,0.5,96,local,260,0.000651041667,0.0,0.0172912371,0.0001801171
support_growth_hessian,8,2,0.5,96,local,261,0.000651041667,0.0,0.1366965708,0.0014239226
support_growth_hessian,8,2,0.5,96,local,262,0.000651041667,0.0,0.1465282279,0.0015263357
support_growth_hessian,8,2,0.5,96,local,263,0.000651041667,0.0,0.0173864057,0.0001811084
support_growth_hessian,8,2,0.5,96,local,264,0.000651041667,0.0,0.1372600313,0.001429792
support_growth_hessian,8,2,0.5,96,local,265,0.000651041667,0.0,0.1475659961,0.0015371458
support_growth_hessian,8,2,0.5,96,local,266,0.000651041667,0.0,0.0174844021,0.0001821292
support_growth_hessian,8,2,0.5,96,local,267,0.000651041667,0.0,0.1378394504,0.0014358276
support_growth_hessian,8,2,0.5,96,local,268,0.000651041667,0.0,0.1486345698,0.0015482768
support_growth_hessian,8,2,0.5,96,local,269,0.000651041667,0.0,0.0175852574,0.0001831798
support_growth_hessian,8,2,0.5,96,local,270,0.000651041667,0.0,0.1384349722,0.001442031
support_growth_hessian,8,2,0.5,96,local,271,0.000651041667,0.0,0.1497343279,0.0015597326
support_growth_hessian,8,2,0.5,96,local,272,0.000651041667,0.0,0.0176890033,0.0001842605
support_growth_hessian,8,2,0.5,96,local,273,0.000651041667,0.0,0.1390467456,0.0014484036
support_growth_hessian,8,2,0.5,96,local,274,0.000651041667,0.0,0.1508656614,0.0015715173
support_growth_hessian,8,2,0.5,96,local,275,0.000651041667,0.0,0.0177956726,0.0001853716
support_growth_hessian,8,2,0.5,96,local,276,0.000651041667,0.0,0.1396749234,0.0014549471
support_growth_hessian,8,2,0.5,96,local,277,0.000651041667,0.0,0.1520289728,0.0015836351
support_growth_hessian,8,2,0.5,96,local,278,0.000651041667,0.0,0.017905299,0.0001865135
support_growth_hessian,8,2,0.5,96,local,279,0.000651041667,0.0,0.1403196631,0.0014616632
support_growth_hessian,8,2,0.5,96,local,280,0.000651041667,0.0,0.1532246767,0.0015960904
support_growth_hessian,8,2,0.5,96,local,281,0.000651041667,0.0,0.0180179172,0.0001876866
support_growth_hessian,8,2,0.5,96,local,282,0.000651041667,0.0,0.1409811264,0.0014685534
support_growth_hessian,8,2,0.5,96,local,283,0.000651041667,0.0,0.1544532,0.0016088875
support_growth_hessian,8,2,0.5,96,local,284,0.000651041667,0.0,0.018133563,0.0001888913
support_growth_hessian,8,2,0.5,96,local,285,0.000651041667,0.0,0.1416594794,0.0014756196
support_growth_hessian,8,2,0.5,96,local,286,0.000651041667,0.0,0.155714982,0.0016220311
support_growth_hessian,8,2,0.5,96,local,287,0.000651041667,0.0,0.0182522731,0.0001901278
support_growth_hessian,8,2,0.5,96,collective,0,0.000651041667,0.0,12.0939664902,0.1259788176
support_growth_hessian,8,2,0.5,96,collective,1,0.000651041667,0.0,12.0925241383,0.1259637931
support_growth_hessian,8,2,0.5,96,collective,2,0.000651041667,0.0,1.4831662862,0.0154496488
support_growth_hessian,12,2,0.1,24,local,0,0.002604166667,0.0,0.2121228478,0.008838452
support_growth_hessian,12,2,0.1,24,local,1,0.002604166667,0.0,0.2343814231,0.0097658926
support_growth_hessian,12,2,0.1,24,local,2,0.002604166667,0.0,0.1084399665,0.0045183319
support_growth_hessian,12,2,0.1,24,local,3,0.002604166667,0.0,0.2004820165,0.0083534174
support_growth_hessian,12,2,0.1,24,local,4,0.002604166667,0.0,0.2207335427,0.0091972309
support_growth_hessian,12,2,0.1,24,local,5,0.002604166667,0.0,0.1012479074,0.0042186628
support_growth_hessian,12,2,0.1,24,local,6,0.002604166667,0.0,0.1904945712,0.0079372738
support_growth_hessian,12,2,0.1,24,local,7,0.002604166667,0.0,0.2093316938,0.0087221539
support_growth_hessian,12,2,0.1,24,local,8,0.002604166667,0.0,0.0951265152,0.0039636048
support_growth_hessian,12,2,0.1,24,local,9,0.002604166667,0.0,0.1819650397,0.0075818767
support_growth_hessian,12,2,0.1,24,local,10,0.002604166667,0.0,0.1998421877,0.0083267578
support_growth_hessian,12,2,0.1,24,local,11,0.002604166667,0.0,0.0899378843,0.0037474118
support_growth_hessian,12,2,0.1,24,local,12,0.002604166667,0.0,0.1747310798,0.0072804617
support_growth_hessian,12,2,0.1,24,local,13,0.002604166667,0.0,0.1919897563,0.0079995732
support_growth_hessian,12,2,0.1,24,local,14,0.002604166667,0.0,0.085567981,0.0035653325
support_growth_hessian,12,2,0.1,24,local,15,0.002604166667,0.0,0.168658529,0.0070274387
support_growth_hessian,12,2,0.1,24,local,16,0.002604166667,0.0,0.1855482448,0.0077311769
support_growth_hessian,12,2,0.1,24,local,17,0.002604166667,0.0,0.0819229417,0.0034134559
support_growth_hessian,12,2,0.1,24,local,18,0.002604166667,0.0,0.1636373958,0.0068182248
support_growth_hessian,12,2,0.1,24,local,19,0.002604166667,0.0,0.1803331678,0.007513882
support_growth_hessian,12,2,0.1,24,local,20,0.002604166667,0.0,0.0789260897,0.0032885871
support_growth_hessian,12,2,0.1,24,local,21,0.002604166667,0.0,0.1595786333,0.0066491097
support_growth_hessian,12,2,0.1,24,local,22,0.002604166667,0.0,0.1761957906,0.0073414913
support_growth_hessian,12,2,0.1,24,local,23,0.002604166667,0.0,0.0765155453,0.0031881477
support_growth_hessian,12,2,0.1,24,local,24,0.002604166667,0.0,0.15641157,0.0065171488
support_growth_hessian,12,2,0.1,24,local,25,0.002604166667,0.0,0.1730184691,0.0072091029
support_growth_hessian,12,2,0.1,24,local,26,0.002604166667,0.0,0.074642332,0.0031100972
support_growth_hessian,12,2,0.1,24,local,27,0.002604166667,0.0,0.154081901,0.0064200792
support_growth_hessian,12,2,0.1,24,local,28,0.002604166667,0.0,0.1707110431,0.0071129601
support_growth_hessian,12,2,0.1,24,local,29,0.002604166667,0.0,0.0732689007,0.0030528709
support_growth_hessian,12,2,0.1,24,local,30,0.002604166667,0.0,0.152550163,0.0063562568
support_growth_hessian,12,2,0.1,24,local,31,0.002604166667,0.0,0.1692081225,0.0070503384
support_growth_hessian,12,2,0.1,24,local,32,0.002604166667,0.0,0.0723680119,0.0030153338
support_growth_hessian,12,2,0.1,24,local,33,0.002604166667,0.0,0.1517906366,0.0063246099
support_growth_hessian,12,2,0.1,24,local,34,0.002604166667,0.0,0.1684671491,0.0070194645
support_growth_hessian,12,2,0.1,24,local,35,0.002604166667,0.0,0.0719219364,0.0029967473
support_growth_hessian,12,2,0.1,24,local,36,0.002604166667,0.0,0.1517906366,0.0063246099
support_growth_hessian,12,2,0.1,24,local,37,0.002604166667,0.0,0.1684671491,0.0070194645
support_growth_hessian,12,2,0.1,24,local,38,0.002604166667,0.0,0.0719219364,0.0029967473
support_growth_hessian,12,2,0.1,24,local,39,0.002604166667,0.0,0.152550163,0.0063562568
support_growth_hessian,12,2,0.1,24,local,40,0.002604166667,0.0,0.1692081225,0.0070503384
support_growth_hessian,12,2,0.1,24,local,41,0.002604166667,0.0,0.0723680119,0.0030153338
support_growth_hessian,12,2,0.1,24,local,42,0.002604166667,0.0,0.154081901,0.0064200792
support_growth_hessian,12,2,0.1,24,local,43,0.002604166667,0.0,0.1707110431,0.0071129601
support_growth_hessian,12,2,0.1,24,local,44,0.002604166667,0.0,0.0732689007,0.0030528709
support_growth_hessian,12,2,0.1,24,local,45,0.002604166667,0.0,0.15641157,0.0065171488
support_growth_hessian,12,2,0.1,24,local,46,0.002604166667,0.0,0.1730184691,0.0072091029
support_growth_hessian,12,2,0.1,24,local,47,0.002604166667,0.0,0.074642332,0.0031100972
support_growth_hessian,12,2,0.1,24,local,48,0.002604166667,0.0,0.1595786333,0.0066491097
support_growth_hessian,12,2,0.1,24,local,49,0.002604166667,0.0,0.1761957906,0.0073414913
support_growth_hessian,12,2,0.1,24,local,50,0.002604166667,0.0,0.0765155453,0.0031881477
support_growth_hessian,12,2,0.1,24,local,51,0.002604166667,0.0,0.1636373958,0.0068182248
support_growth_hessian,12,2,0.1,24,local,52,0.002604166667,0.0,0.1803331678,0.007513882
support_growth_hessian,12,2,0.1,24,local,53,0.002604166667,0.0,0.0789260897,0.0032885871
support_growth_hessian,12,2,0.1,24,local,54,0.002604166667,0.0,0.168658529,0.0070274387
support_growth_hessian,12,2,0.1,24,local,55,0.002604166667,0.0,0.1855482448,0.0077311769
support_growth_hessian,12,2,0.1,24,local,56,0.002604166667,0.0,0.0819229417,0.0034134559
support_growth_hessian,12,2,0.1,24,local,57,0.002604166667,0.0,0.1747310798,0.0072804617
support_growth_hessian,12,2,0.1,24,local,58,0.002604166667,0.0,0.1919897563,0.0079995732
support_growth_hessian,12,2,0.1,24,local,59,0.002604166667,0.0,0.085567981,0.0035653325
support_growth_hessian,12,2,0.1,24,local,60,0.002604166667,0.0,0.1819650397,0.0075818767
support_growth_hessian,12,2,0.1,24,local,61,0.002604166667,0.0,0.1998421877,0.0083267578
support_growth_hessian,12,2,0.1,24,local,62,0.002604166667,0.0,0.0899378843,0.0037474118
support_growth_hessian,12,2,0.1,24,local,63,0.002604166667,0.0,0.1904945712,0.0079372738
support_growth_hessian,12,2,0.1,24,local,64,0.002604166667,0.0,0.2093316938,0.0087221539
support_growth_hessian,12,2,0.1,24,local,65,0.002604166667,0.0,0.0951265152,0.0039636048
support_growth_hessian,12,2,0.1,24,local,66,0.002604166667,0.0,0.2004820165,0.0083534174
support_growth_hessian,12,2,0.1,24,local,67,0.002604166667,0.0,0.2207335427,0.0091972309
support_growth_hessian,12,2,0.1,24,local,68,0.002604166667,0.0,0.1012479074,0.0042186628
support_growth_hessian,12,2,0.1,24,local,69,0.002604166667,0.0,0.2121228478,0.008838452
support_growth_hessian,12,2,0.1,24,local,70,0.002604166667,0.0,0.2343814231,0.0097658926
support_growth_hessian,12,2,0.1,24,local,71,0.002604166667,0.0,0.1084399665,0.0045183319
support_growth_hessian,12,2,0.1,24,collective,0,0.002604166667,0.0,3.6053030584,0.1502209608
support_growth_hessian,12,2,0.1,24,collective,1,0.002604166667,0.0,3.4186489622,0.1424437068
support_growth_hessian,12,2,0.1,24,collective,2,0.002604166667,0.0,1.5003173844,0.0625132243
support_growth_hessian,12,2,0.1,48,local,0,0.001302083333,0.0,0.2126174025,0.0044295292
support_growth_hessian,12,2,0.1,48,local,1,0.001302083333,0.0,0.2345075678,0.0048855743
support_growth_hessian,12,2,0.1,48,local,2,0.001302083333,0.0,0.108782507,0.0022663022
support_growth_hessian,12,2,0.1,48,local,3,0.001302083333,0.0,0.2066347764,0.0043048912
support_growth_hessian,12,2,0.1,48,local,4,0.001302083333,0.0,0.227418338,0.004737882
support_growth_hessian,12,2,0.1,48,local,5,0.001302083333,0.0,0.1050733967,0.0021890291
support_growth_hessian,12,2,0.1,48,local,6,0.001302083333,0.0,0.2010806826,0.0041891809
support_growth_hessian,12,2,0.1,48,local,7,0.001302083333,0.0,0.2209233126,0.004602569
support_growth_hessian,12,2,0.1,48,local,8,0.001302083333,0.0,0.1016438159,0.0021175795
support_growth_hessian,12,2,0.1,48,local,9,0.001302083333,0.0,0.1959283548,0.0040818407
support_growth_hessian,12,2,0.1,48,local,10,0.001302083333,0.0,0.2149764325,0.0044786757
support_growth_hessian,12,2,0.1,48,local,11,0.001302083333,0.0,0.0984747982,0.0020515583
support_growth_hessian,12,2,0.1,48,local,12,0.001302083333,0.0,0.1911533206,0.0039823608
support_growth_hessian,12,2,0.1,48,local,13,0.001302083333,0.0,0.2095357403,0.0043653279
support_growth_hessian,12,2,0.1,48,local,14,0.001302083333,0.0,0.0955490425,0.0019906051
support_growth_hessian,12,2,0.1,48,local,15,0.001302083333,0.0,0.186733217,0.0038902754
support_growth_hessian,12,2,0.1,48,local,16,0.001302083333,0.0,0.2045630284,0.0042617298
support_growth_hessian,12,2,0.1,48,local,17,0.001302083333,0.0,0.0928507747,0.0019343911
support_growth_hessian,12,2,0.1,48,local,18,0.001302083333,0.0,0.1826476248,0.0038051588
support_growth_hessian,12,2,0.1,48,local,19,0.001302083333,0.0,0.2000235235,0.0041671567
support_growth_hessian,12,2,0.1,48,local,20,0.001302083333,0.0,0.0903656224,0.0018826171
support_growth_hessian,12,2,0.1,48,local,21,0.001302083333,0.0,0.1788779175,0.0037266233
support_growth_hessian,12,2,0.1,48,local,22,0.001302083333,0.0,0.1958856024,0.00408095
support_growth_hessian,12,2,0.1,48,local,23,0.001302083333,0.0,0.0880805027,0.0018350105
support_growth_hessian,12,2,0.1,48,local,24,0.001302083333,0.0,0.1754071266,0.0036543151
support_growth_hessian,12,2,0.1,48,local,25,0.001302083333,0.0,0.1921205377,0.0040025112
support_growth_hessian,12,2,0.1,48,local,26,0.001302083333,0.0,0.08598352,0.0017913233
support_growth_hessian,12,2,0.1,48,local,27,0.001302083333,0.0,0.1722198182,0.0035879129
support_growth_hessian,12,2,0.1,48,local,28,0.001302083333,0.0,0.1887022694,0.0039312973
support_growth_hessian,12,2,0.1,48,local,29,0.001302083333,0.0,0.0840638755,0.0017513307
support_growth_hessian,12,2,0.1,48,local,30,0.001302083333,0.0,0.1693019834,0.0035271247
support_growth_hessian,12,2,0.1,48,local,31,0.001302083333,0.0,0.1856072008,0.0038668167
support_growth_hessian,12,2,0.1,48,local,32,0.001302083333,0.0,0.0823117848,0.0017148289
support_growth_hessian,12,2,0.1,48,local,33,0.001302083333,0.0,0.1666409389,0.0034716862
support_growth_hessian,12,2,0.1,48,local,34,0.001302083333,0.0,0.1828140151,0.0038086253
support_growth_hessian,12,2,0.1,48,local,35,0.001302083333,0.0,0.0807184041,0.0016816334
support_growth_hessian,12,2,0.1,48,local,36,0.001302083333,0.0,0.1642252381,0.0034213591
support_growth_hessian,12,2,0.1,48,local,37,0.001302083333,0.0,0.1803035132,0.0037563232
support_growth_hessian,12,2,0.1,48,local,38,0.001302083333,0.0,0.0792757647,0.0016515784
support_growth_hessian,12,2,0.1,48,local,39,0.001302083333,0.0,0.1620445911,0.003375929
support_growth_hessian,12,2,0.1,48,local,40,0.001302083333,0.0,0.1780584677,0.0037095514
support_growth_hessian,12,2,0.1,48,local,41,0.001302083333,0.0,0.0779767145,0.0016245149
support_growth_hessian,12,2,0.1,48,local,42,0.001302083333,0.0,0.1600897939,0.003335204
support_growth_hessian,12,2,0.1,48,local,43,0.001302083333,0.0,0.1760634948,0.0036679895
support_growth_hessian,12,2,0.1,48,local,44,0.001302083333,0.0,0.0768148622,0.0016003096
support_growth_hessian,12,2,0.1,48,local,45,0.001302083333,0.0,0.1583526654,0.0032990139
support_growth_hessian,12,2,0.1,48,local,46,0.001302083333,0.0,0.17430494,0.0036313529
support_growth_hessian,12,2,0.1,48,local,47,0.001302083333,0.0,0.0757845367,0.0015788445
support_growth_hessian,12,2,0.1,48,local,48,0.001302083333,0.0,0.1568259914,0.0032672082
support_growth_hessian,12,2,0.1,48,local,49,0.001302083333,0.0,0.1727707785,0.0035993912
support_growth_hessian,12,2,0.1,48,local,50,0.001302083333,0.0,0.074880742,0.0015600155
support_growth_hessian,12,2,0.1,48,local,51,0.001302083333,0.0,0.1555034758,0.0032396557
support_growth_hessian,12,2,0.1,48,local,52,0.001302083333,0.0,0.1714505276,0.003571886
support_growth_hessian,12,2,0.1,48,local,53,0.001302083333,0.0,0.0740991221,0.0015437317
support_growth_hessian,12,2,0.1,48,local,54,0.001302083333,0.0,0.1543796983,0.0032162437
support_growth_hessian,12,2,0.1,48,local,55,0.001302083333,0.0,0.170335172,0.0035486494
support_growth_hessian,12,2,0.1,48,local,56,0.001302083333,0.0,0.0734359313,0.0015299152
support_growth_hessian,12,2,0.1,48,local,57,0.001302083333,0.0,0.1534500781,0.0031968766
support_growth_hessian,12,2,0.1,48,local,58,0.001302083333,0.0,0.1694170987,0.0035295229
support_growth_hessian,12,2,0.1,48,local,59,0.001302083333,0.0,0.0728880055,0.0015185001
support_growth_hessian,12,2,0.1,48,local,60,0.001302083333,0.0,0.1527108434,0.0031814759
support_growth_hessian,12,2,0.1,48,local,61,0.001302083333,0.0,0.1686900434,0.0035143759
support_growth_hessian,12,2,0.1,48,local,62,0.001302083333,0.0,0.0724527416,0.0015094321
support_growth_hessian,12,2,0.1,48,local,63,0.001302083333,0.0,0.1521590063,0.0031699793
support_growth_hessian,12,2,0.1,48,local,64,0.001302083333,0.0,0.1681490468,0.0035031051
support_growth_hessian,12,2,0.1,48,local,65,0.001302083333,0.0,0.0721280784,0.0015026683
support_growth_hessian,12,2,0.1,48,local,66,0.001302083333,0.0,0.1517923428,0.0031623405
support_growth_hessian,12,2,0.1,48,local,67,0.001302083333,0.0,0.167790419,0.0034956337
support_growth_hessian,12,2,0.1,48,local,68,0.001302083333,0.0,0.0719124826,0.0014981767
support_growth_hessian,12,2,0.1,48,local,69,0.001302083333,0.0,0.1516093784,0.0031585287
support_growth_hessian,12,2,0.1,48,local,70,0.001302083333,0.0,0.1676117144,0.0034919107
support_growth_hessian,12,2,0.1,48,local,71,0.001302083333,0.0,0.0718049379,0.0014959362
support_growth_hessian,12,2,0.1,48,local,72,0.001302083333,0.0,0.1516093784,0.0031585287
support_growth_hessian,12,2,0.1,48,local,73,0.001302083333,0.0,0.1676117144,0.0034919107
support_growth_hessian,12,2,0.1,48,local,74,0.001302083333,0.0,0.0718049379,0.0014959362
support_growth_hessian,12,2,0.1,48,local,75,0.001302083333,0.0,0.1517923428,0.0031623405
support_growth_hessian,12,2,0.1,48,local,76,0.001302083333,0.0,0.167790419,0.0034956337
support_growth_hessian,12,2,0.1,48,local,77,0.001302083333,0.0,0.0719124826,0.0014981767
support_growth_hessian,12,2,0.1,48,local,78,0.001302083333,0.0,0.1521590063,0.0031699793
support_growth_hessian,12,2,0.1,48,local,79,0.001302083333,0.0,0.1681490468,0.0035031051
support_growth_hessian,12,2,0.1,48,local,80,0.001302083333,0.0,0.0721280784,0.0015026683
support_growth_hessian,12,2,0.1,48,local,81,0.001302083333,0.0,0.1527108434,0.0031814759
support_growth_hessian,12,2,0.1,48,local,82,0.001302083333,0.0,0.1686900435,0.0035143759
support_growth_hessian,12,2,0.1,48,local,83,0.001302083333,0.0,0.0724527416,0.0015094321
support_growth_hessian,12,2,0.1,48,local,84,0.001302083333,0.0,0.1534500781,0.0031968766
support_growth_hessian,12,2,0.1,48,local,85,0.001302083333,0.0,0.1694170987,0.0035295229
support_growth_hessian,12,2,0.1,48,local,86,0.001302083333,0.0,0.0728880055,0.0015185001
support_growth_hessian,12,2,0.1,48,local,87,0.001302083333,0.0,0.1543796983,0.0032162437
support_growth_hessian,12,2,0.1,48,local,88,0.001302083333,0.0,0.170335172,0.0035486494
support_growth_hessian,12,2,0.1,48,local,89,0.001302083333,0.0,0.0734359313,0.0015299152
support_growth_hessian,12,2,0.1,48,local,90,0.001302083333,0.0,0.1555034758,0.0032396557
support_growth_hessian,12,2,0.1,48,local,91,0.001302083333,0.0,0.1714505276,0.003571886
support_growth_hessian,12,2,0.1,48,local,92,0.001302083333,0.0,0.0740991221,0.0015437317
support_growth_hessian,12,2,0.1,48,local,93,0.001302083333,0.0,0.1568259914,0.0032672082
support_growth_hessian,12,2,0.1,48,local,94,0.001302083333,0.0,0.1727707785,0.0035993912
support_growth_hessian,12,2,0.1,48,local,95,0.001302083333,0.0,0.074880742,0.0015600155
support_growth_hessian,12,2,0.1,48,local,96,0.001302083333,0.0,0.1583526655,0.0032990139
support_growth_hessian,12,2,0.1,48,local,97,0.001302083333,0.0,0.17430494,0.0036313529
support_growth_hessian,12,2,0.1,48,local,98,0.001302083333,0.0,0.0757845367,0.0015788445
support_growth_hessian,12,2,0.1,48,local,99,0.001302083333,0.0,0.1600897939,0.003335204
support_growth_hessian,12,2,0.1,48,local,100,0.001302083333,0.0,0.1760634948,0.0036679895
support_growth_hessian,12,2,0.1,48,local,101,0.001302083333,0.0,0.0768148622,0.0016003096
support_growth_hessian,12,2,0.1,48,local,102,0.001302083333,0.0,0.1620445911,0.003375929
support_growth_hessian,12,2,0.1,48,local,103,0.001302083333,0.0,0.1780584677,0.0037095514
support_growth_hessian,12,2,0.1,48,local,104,0.001302083333,0.0,0.0779767145,0.0016245149
support_growth_hessian,12,2,0.1,48,local,105,0.001302083333,0.0,0.1642252381,0.0034213591
support_growth_hessian,12,2,0.1,48,local,106,0.001302083333,0.0,0.1803035132,0.0037563232
support_growth_hessian,12,2,0.1,48,local,107,0.001302083333,0.0,0.0792757647,0.0016515784
support_growth_hessian,12,2,0.1,48,local,108,0.001302083333,0.0,0.1666409389,0.0034716862
support_growth_hessian,12,2,0.1,48,local,109,0.001302083333,0.0,0.1828140151,0.0038086253
support_growth_hessian,12,2,0.1,48,local,110,0.001302083333,0.0,0.0807184042,0.0016816334
support_growth_hessian,12,2,0.1,48,local,111,0.001302083333,0.0,0.1693019834,0.0035271247
support_growth_hessian,12,2,0.1,48,local,112,0.001302083333,0.0,0.1856072008,0.0038668167
support_growth_hessian,12,2,0.1,48,local,113,0.001302083333,0.0,0.0823117848,0.0017148289
support_growth_hessian,12,2,0.1,48,local,114,0.001302083333,0.0,0.1722198182,0.0035879129
support_growth_hessian,12,2,0.1,48,local,115,0.001302083333,0.0,0.1887022694,0.0039312973
support_growth_hessian,12,2,0.1,48,local,116,0.001302083333,0.0,0.0840638755,0.0017513307
support_growth_hessian,12,2,0.1,48,local,117,0.001302083333,0.0,0.1754071266,0.0036543151
support_growth_hessian,12,2,0.1,48,local,118,0.001302083333,0.0,0.1921205377,0.0040025112
support_growth_hessian,12,2,0.1,48,local,119,0.001302083333,0.0,0.08598352,0.0017913233
support_growth_hessian,12,2,0.1,48,local,120,0.001302083333,0.0,0.1788779175,0.0037266233
support_growth_hessian,12,2,0.1,48,local,121,0.001302083333,0.0,0.1958856024,0.00408095
support_growth_hessian,12,2,0.1,48,local,122,0.001302083333,0.0,0.0880805027,0.0018350105
support_growth_hessian,12,2,0.1,48,local,123,0.001302083333,0.0,0.1826476248,0.0038051588
support_growth_hessian,12,2,0.1,48,local,124,0.001302083333,0.0,0.2000235235,0.0041671567
support_growth_hessian,12,2,0.1,48,local,125,0.001302083333,0.0,0.0903656224,0.0018826171
support_growth_hessian,12,2,0.1,48,local,126,0.001302083333,0.0,0.186733217,0.0038902754
support_growth_hessian,12,2,0.1,48,local,127,0.001302083333,0.0,0.2045630284,0.0042617298
support_growth_hessian,12,2,0.1,48,local,128,0.001302083333,0.0,0.0928507747,0.0019343911
support_growth_hessian,12,2,0.1,48,local,129,0.001302083333,0.0,0.1911533206,0.0039823608
support_growth_hessian,12,2,0.1,48,local,130,0.001302083333,0.0,0.2095357403,0.0043653279
support_growth_hessian,12,2,0.1,48,local,131,0.001302083333,0.0,0.0955490425,0.0019906051
support_growth_hessian,12,2,0.1,48,local,132,0.001302083333,0.0,0.1959283548,0.0040818407
support_growth_hessian,12,2,0.1,48,local,133,0.001302083333,0.0,0.2149764325,0.0044786757
support_growth_hessian,12,2,0.1,48,local,134,0.001302083333,0.0,0.0984747982,0.0020515583
support_growth_hessian,12,2,0.1,48,local,135,0.001302083333,0.0,0.2010806826,0.0041891809
support_growth_hessian,12,2,0.1,48,local,136,0.001302083333,0.0,0.2209233126,0.004602569
support_growth_hessian,12,2,0.1,48,local,137,0.001302083333,0.0,0.1016438159,0.0021175795
support_growth_hessian,12,2,0.1,48,local,138,0.001302083333,0.0,0.2066347764,0.0043048912
support_growth_hessian,12,2,0.1,48,local,139,0.001302083333,0.0,0.2274183379,0.004737882
support_growth_hessian,12,2,0.1,48,local,140,0.001302083333,0.0,0.1050733967,0.0021890291
support_growth_hessian,12,2,0.1,48,local,141,0.001302083333,0.0,0.2126174025,0.0044295292
support_growth_hessian,12,2,0.1,48,local,142,0.001302083333,0.0,0.2345075678,0.0048855743
support_growth_hessian,12,2,0.1,48,local,143,0.001302083333,0.0,0.108782507,0.0022663022
support_growth_hessian,12,2,0.1,48,collective,0,0.001302083333,0.0,7.2105640638,0.1502200847
support_growth_hessian,12,2,0.1,48,collective,1,0.001302083333,0.0,6.8505085495,0.1427189281
support_growth_hessian,12,2,0.1,48,collective,2,0.001302083333,0.0,3.0158235188,0.0628296566
support_growth_hessian,12,2,0.1,96,local,0,0.000651041667,0.0,0.2128621304,0.0022173139
support_growth_hessian,12,2,0.1,96,local,1,0.000651041667,0.0,0.2345784254,0.0024435253
support_growth_hessian,12,2,0.1,96,local,2,0.000651041667,0.0,0.1089516735,0.0011349133
support_growth_hessian,12,2,0.1,96,local,3,0.000651041667,0.0,0.2098306173,0.0021857356
support_growth_hessian,12,2,0.1,96,local,4,0.000651041667,0.0,0.230967157,0.0024059079
support_growth_hessian,12,2,0.1,96,local,5,0.000651041667,0.0,0.1070689667,0.0011153017
support_growth_hessian,12,2,0.1,96,local,6,0.000651041667,0.0,0.2069082265,0.002155294
support_growth_hessian,12,2,0.1,96,local,7,0.000651041667,0.0,0.2275086898,0.0023698822
support_growth_hessian,12,2,0.1,96,local,8,0.000651041667,0.0,0.1052576913,0.0010964343
support_growth_hessian,12,2,0.1,96,local,9,0.000651041667,0.0,0.2040914608,0.0021259527
support_growth_hessian,12,2,0.1,96,local,10,0.000651041667,0.0,0.2241969811,0.0023353852
support_growth_hessian,12,2,0.1,96,local,11,0.000651041667,0.0,0.1035153636,0.001078285
support_growth_hessian,12,2,0.1,96,local,12,0.000651041667,0.0,0.201376974,0.0020976768
support_growth_hessian,12,2,0.1,96,local,13,0.000651041667,0.0,0.2210262604,0.0023023569
support_growth_hessian,12,2,0.1,96,local,14,0.000651041667,0.0,0.1018396101,0.0010608293
support_growth_hessian,12,2,0.1,96,local,15,0.000651041667,0.0,0.1987615651,0.002070433
support_growth_hessian,12,2,0.1,96,local,16,0.000651041667,0.0,0.2179910172,0.0022707398
support_growth_hessian,12,2,0.1,96,local,17,0.000651041667,0.0,0.1002281626,0.0010440434
support_growth_hessian,12,2,0.1,96,local,18,0.000651041667,0.0,0.1962421716,0.0020441893
support_growth_hessian,12,2,0.1,96,local,19,0.000651041667,0.0,0.2150859896,0.0022404791
support_growth_hessian,12,2,0.1,96,local,20,0.000651041667,0.0,0.0986788541,0.0010279047
support_growth_hessian,12,2,0.1,96,local,21,0.000651041667,0.0,0.1938158646,0.0020189153
support_growth_hessian,12,2,0.1,96,local,22,0.000651041667,0.0,0.2123061535,0.0022115224
support_growth_hessian,12,2,0.1,96,local,23,0.000651041667,0.0,0.0971896139,0.0010123918
support_growth_hessian,12,2,0.1,96,local,24,0.000651041667,0.0,0.1914798427,0.0019945817
support_growth_hessian,12,2,0.1,96,local,25,0.000651041667,0.0,0.2096467126,0.0021838199
support_growth_hessian,12,2,0.1,96,local,26,0.000651041667,0.0,0.0957584641,0.000997484
support_growth_hessian,12,2,0.1,96,local,27,0.000651041667,0.0,0.1892314275,0.0019711607
support_growth_hessian,12,2,0.1,96,local,28,0.000651041667,0.0,0.2071030879,0.0021573238
support_growth_hessian,12,2,0.1,96,local,29,0.000651041667,0.0,0.0943835155,0.0009831616
support_growth_hessian,12,2,0.1,96,local,30,0.000651041667,0.0,0.1870680583,0.0019486256
support_growth_hessian,12,2,0.1,96,local,31,0.000651041667,0.0,0.2046709093,0.0021319886
support_growth_hessian,12,2,0.1,96,local,32,0.000651041667,0.0,0.0930629638,0.0009694059
support_growth_hessian,12,2,0.1,96,local,33,0.000651041667,0.0,0.1849872877,0.0019269509
support_growth_hessian,12,2,0.1,96,local,34,0.000651041667,0.0,0.2023460061,0.0021077709
support_growth_hessian,12,2,0.1,96,local,35,0.000651041667,0.0,0.0917950864,0.0009561988
support_growth_hessian,12,2,0.1,96,local,36,0.000651041667,0.0,0.1829867771,0.0019061123
support_growth_hessian,12,2,0.1,96,local,37,0.000651041667,0.0,0.2001243993,0.0020846292
support_growth_hessian,12,2,0.1,96,local,38,0.000651041667,0.0,0.0905782391,0.0009435233
support_growth_hessian,12,2,0.1,96,local,39,0.000651041667,0.0,0.1810642925,0.0018860864
support_growth_hessian,12,2,0.1,96,local,40,0.000651041667,0.0,0.1980022933,0.0020625239
support_growth_hessian,12,2,0.1,96,local,41,0.000651041667,0.0,0.0894108526,0.000931363
support_growth_hessian,12,2,0.1,96,local,42,0.000651041667,0.0,0.1792177005,0.001866851
support_growth_hessian,12,2,0.1,96,local,43,0.000651041667,0.0,0.1959760686,0.0020414174
support_growth_hessian,12,2,0.1,96,local,44,0.000651041667,0.0,0.088291428,0.0009197024
support_growth_hessian,12,2,0.1,96,local,45,0.000651041667,0.0,0.1774449646,0.001848385
support_growth_hessian,12,2,0.1,96,local,46,0.000651041667,0.0,0.1940422746,0.0020212737
support_growth_hessian,12,2,0.1,96,local,47,0.000651041667,0.0,0.0872185415,0.0009085265
support_growth_hessian,12,2,0.1,96,local,48,0.000651041667,0.0,0.1757441416,0.0018306681
support_growth_hessian,12,2,0.1,96,local,49,0.000651041667,0.0,0.192197623,0.0020020586
support_growth_hessian,12,2,0.1,96,local,50,0.000651041667,0.0,0.08619083,0.0008978211
support_growth_hessian,12,2,0.1,96,local,51,0.000651041667,0.0,0.1741133781,0.001813681
support_growth_hessian,12,2,0.1,96,local,52,0.000651041667,0.0,0.1904389816,0.0019837394
support_growth_hessian,12,2,0.1,96,local,53,0.000651041667,0.0,0.0852069967,0.0008875729
support_growth_hessian,12,2,0.1,96,local,54,0.000651041667,0.0,0.1725509072,0.0017974053
support_growth_hessian,12,2,0.1,96,local,55,0.000651041667,0.0,0.1887633681,0.0019662851
support_growth_hessian,12,2,0.1,96,local,56,0.000651041667,0.0,0.0842658064,0.0008777688
support_growth_hessian,12,2,0.1,96,local,57,0.000651041667,0.0,0.1710550457,0.0017818234
support_growth_hessian,12,2,0.1,96,local,58,0.000651041667,0.0,0.1871679441,0.0019496661
support_growth_hessian,12,2,0.1,96,local,59,0.000651041667,0.0,0.0833660831,0.0008683967
support_growth_hessian,12,2,0.1,96,local,60,0.000651041667,0.0,0.169624191,0.0017669187
support_growth_hessian,12,2,0.1,96,local,61,0.000651041667,0.0,0.1856500107,0.0019338543
support_growth_hessian,12,2,0.1,96,local,62,0.000651041667,0.0,0.0825067084,0.0008594449
support_growth_hessian,12,2,0.1,96,local,63,0.000651041667,0.0,0.1682568182,0.0017526752
support_growth_hessian,12,2,0.1,96,local,64,0.000651041667,0.0,0.1842070022,0.0019188229
support_growth_hessian,12,2,0.1,96,local,65,0.000651041667,0.0,0.0816866189,0.0008509023
support_growth_hessian,12,2,0.1,96,local,66,0.000651041667,0.0,0.1669514777,0.0017390779
support_growth_hessian,12,2,0.1,96,local,67,0.000651041667,0.0,0.1828364822,0.0019045467
support_growth_hessian,12,2,0.1,96,local,68,0.000651041667,0.0,0.0809048044,0.0008427584
support_growth_hessian,12,2,0.1,96,local,69,0.000651041667,0.0,0.1657067926,0.0017261124
support_growth_hessian,12,2,0.1,96,local,70,0.000651041667,0.0,0.1815361389,0.0018910014
support_growth_hessian,12,2,0.1,96,local,71,0.000651041667,0.0,0.0801603064,0.0008350032
support_growth_hessian,12,2,0.1,96,local,72,0.000651041667,0.0,0.1645214566,0.0017137652
support_growth_hessian,12,2,0.1,96,local,73,0.000651041667,0.0,0.1803037804,0.0018781644
support_growth_hessian,12,2,0.1,96,local,74,0.000651041667,0.0,0.0794522157,0.0008276272
support_growth_hessian,12,2,0.1,96,local,75,0.000651041667,0.0,0.1633942311,0.0017020232
support_growth_hessian,12,2,0.1,96,local,76,0.000651041667,0.0,0.179137331,0.0018660139
support_growth_hessian,12,2,0.1,96,local,77,0.000651041667,0.0,0.0787796715,0.0008206216
support_growth_hessian,12,2,0.1,96,local,78,0.000651041667,0.0,0.1623239442,0.0016908744
support_growth_hessian,12,2,0.1,96,local,79,0.000651041667,0.0,0.1780348274,0.0018545295
support_growth_hessian,12,2,0.1,96,local,80,0.000651041667,0.0,0.0781418592,0.0008139777
support_growth_hessian,12,2,0.1,96,local,81,0.000651041667,0.0,0.1613094876,0.0016803072
support_growth_hessian,12,2,0.1,96,local,82,0.000651041667,0.0,0.1769944154,0.0018436918
support_growth_hessian,12,2,0.1,96,local,83,0.000651041667,0.0,0.0775380094,0.0008076876
support_growth_hessian,12,2,0.1,96,local,84,0.000651041667,0.0,0.1603498154,0.0016703106
support_growth_hessian,12,2,0.1,96,local,85,0.000651041667,0.0,0.1760143457,0.0018334828
support_growth_hessian,12,2,0.1,96,local,86,0.000651041667,0.0,0.0769673964,0.0008017437
support_growth_hessian,12,2,0.1,96,local,87,0.000651041667,0.0,0.1594439423,0.0016608744
support_growth_hessian,12,2,0.1,96,local,88,0.000651041667,0.0,0.1750929715,0.0018238851
support_growth_hessian,12,2,0.1,96,local,89,0.000651041667,0.0,0.0764293369,0.0007961389
support_growth_hessian,12,2,0.1,96,local,90,0.000651041667,0.0,0.1585909417,0.001651989
support_growth_hessian,12,2,0.1,96,local,91,0.000651041667,0.0,0.1742287457,0.0018148828
support_growth_hessian,12,2,0.1,96,local,92,0.000651041667,0.0,0.0759231886,0.0007908665
support_growth_hessian,12,2,0.1,96,local,93,0.000651041667,0.0,0.1577899444,0.0016436453
support_growth_hessian,12,2,0.1,96,local,94,0.000651041667,0.0,0.1734202171,0.0018064606
support_growth_hessian,12,2,0.1,96,local,95,0.000651041667,0.0,0.0754483495,0.0007859203
support_growth_hessian,12,2,0.1,96,local,96,0.000651041667,0.0,0.1570401369,0.0016358348
support_growth_hessian,12,2,0.1,96,local,97,0.000651041667,0.0,0.1726660292,0.0017986045
support_growth_hessian,12,2,0.1,96,local,98,0.000651041667,0.0,0.0750042563,0.0007812943
support_growth_hessian,12,2,0.1,96,local,99,0.000651041667,0.0,0.1563407604,0.0016285496
support_growth_hessian,12,2,0.1,96,local,100,0.000651041667,0.0,0.1719649165,0.0017913012
support_growth_hessian,12,2,0.1,96,local,101,0.000651041667,0.0,0.0745903839,0.0007769832
support_growth_hessian,12,2,0.1,96,local,102,0.000651041667,0.0,0.1556911094,0.0016217824
support_growth_hessian,12,2,0.1,96,local,103,0.000651041667,0.0,0.1713157033,0.0017845386
support_growth_hessian,12,2,0.1,96,local,104,0.000651041667,0.0,0.0742062444,0.0007729817
support_growth_hessian,12,2,0.1,96,local,105,0.000651041667,0.0,0.1550905302,0.0016155264
support_growth_hessian,12,2,0.1,96,local,106,0.000651041667,0.0,0.1707173011,0.0017783052
support_growth_hessian,12,2,0.1,96,local,107,0.000651041667,0.0,0.0738513857,0.0007692853
support_growth_hessian,12,2,0.1,96,local,108,0.000651041667,0.0,0.1545384204,0.0016097752
support_growth_hessian,12,2,0.1,96,local,109,0.000651041667,0.0,0.1701687067,0.0017725907
support_growth_hessian,12,2,0.1,96,local,110,0.000651041667,0.0,0.0735253916,0.0007658895
support_growth_hessian,12,2,0.1,96,local,111,0.000651041667,0.0,0.1540342276,0.0016045232
support_growth_hessian,12,2,0.1,96,local,112,0.000651041667,0.0,0.1696690006,0.0017673854
support_growth_hessian,12,2,0.1,96,local,113,0.000651041667,0.0,0.0732278805,0.0007627904
support_growth_hessian,12,2,0.1,96,local,114,0.000651041667,0.0,0.1535774484,0.0015997651
support_growth_hessian,12,2,0.1,96,local,115,0.000651041667,0.0,0.1692173456,0.0017626807
support_growth_hessian,12,2,0.1,96,local,116,0.000651041667,0.0,0.0729585046,0.0007599844
support_growth_hessian,12,2,0.1,96,local,117,0.000651041667,0.0,0.153167628,0.0015954961
support_growth_hessian,12,2,0.1,96,local,118,0.000651041667,0.0,0.1688129848,0.0017584686
support_growth_hessian,12,2,0.1,96,local,119,0.000651041667,0.0,0.0727169499,0.0007574682
support_growth_hessian,12,2,0.1,96,local,120,0.000651041667,0.0,0.1528043588,0.0015917121
support_growth_hessian,12,2,0.1,96,local,121,0.000651041667,0.0,0.1684552409,0.0017547421
support_growth_hessian,12,2,0.1,96,local,122,0.000651041667,0.0,0.0725029353,0.0007552389
support_growth_hessian,12,2,0.1,96,local,123,0.000651041667,0.0,0.1524872803,0.0015884092
support_growth_hessian,12,2,0.1,96,local,124,0.000651041667,0.0,0.1681435145,0.0017514949
support_growth_hessian,12,2,0.1,96,local,125,0.000651041667,0.0,0.072316212,0.0007532939
support_growth_hessian,12,2,0.1,96,local,126,0.000651041667,0.0,0.1522160786,0.0015855842
support_growth_hessian,12,2,0.1,96,local,127,0.000651041667,0.0,0.1678772837,0.0017487217
support_growth_hessian,12,2,0.1,96,local,128,0.000651041667,0.0,0.0721565631,0.0007516309
support_growth_hessian,12,2,0.1,96,local,129,0.000651041667,0.0,0.151990485,0.0015832342
support_growth_hessian,12,2,0.1,96,local,130,0.000651041667,0.0,0.1676561023,0.0017464177
support_growth_hessian,12,2,0.1,96,local,131,0.000651041667,0.0,0.0720238037,0.000750248
support_growth_hessian,12,2,0.1,96,local,132,0.000651041667,0.0,0.1518102768,0.0015813571
support_growth_hessian,12,2,0.1,96,local,133,0.000651041667,0.0,0.1674796001,0.0017445792
support_growth_hessian,12,2,0.1,96,local,134,0.000651041667,0.0,0.07191778,0.0007491435
support_growth_hessian,12,2,0.1,96,local,135,0.000651041667,0.0,0.151675276,0.0015799508
support_growth_hessian,12,2,0.1,96,local,136,0.000651041667,0.0,0.1673474814,0.0017432029
support_growth_hessian,12,2,0.1,96,local,137,0.000651041667,0.0,0.0718383693,0.0007483163
support_growth_hessian,12,2,0.1,96,local,138,0.000651041667,0.0,0.1515853493,0.0015790141
support_growth_hessian,12,2,0.1,96,local,139,0.000651041667,0.0,0.167259525,0.0017422867
support_growth_hessian,12,2,0.1,96,local,140,0.000651041667,0.0,0.0717854799,0.0007477654
support_growth_hessian,12,2,0.1,96,local,141,0.000651041667,0.0,0.1515404081,0.0015785459
support_growth_hessian,12,2,0.1,96,local,142,0.000651041667,0.0,0.1672155836,0.001741829
support_growth_hessian,12,2,0.1,96,local,143,0.000651041667,0.0,0.0717590849,0.0007474905
support_growth_hessian,12,2,0.1,96,local,144,0.000651041667,0.0,0.1515404081,0.0015785459
support_growth_hessian,12,2,0.1,96,local,145,0.000651041667,0.0,0.1672155836,0.001741829
support_growth_hessian,12,2,0.1,96,local,146,0.000651041667,0.0,0.0717590849,0.0007474905
support_growth_hessian,12,2,0.1,96,local,147,0.000651041667,0.0,0.1515853493,0.0015790141
support_growth_hessian,12,2,0.1,96,local,148,0.000651041667,0.0,0.167259525,0.0017422867
support_growth_hessian,12,2,0.1,96,local,149,0.000651041667,0.0,0.0717854798,0.0007477654
support_growth_hessian,12,2,0.1,96,local,150,0.000651041667,0.0,0.151675276,0.0015799508
support_growth_hessian,12,2,0.1,96,local,151,0.000651041667,0.0,0.1673474814,0.0017432029
support_growth_hessian,12,2,0.1,96,local,152,0.000651041667,0.0,0.0718383693,0.0007483163
support_growth_hessian,12,2,0.1,96,local,153,0.000651041667,0.0,0.1518102768,0.0015813571
support_growth_hessian,12,2,0.1,96,local,154,0.000651041667,0.0,0.1674796001,0.0017445792
support_growth_hessian,12,2,0.1,96,local,155,0.000651041667,0.0,0.0719177801,0.0007491435
support_growth_hessian,12,2,0.1,96,local,156,0.000651041667,0.0,0.151990485,0.0015832342
support_growth_hessian,12,2,0.1,96,local,157,0.000651041667,0.0,0.1676561023,0.0017464177
support_growth_hessian,12,2,0.1,96,local,158,0.000651041667,0.0,0.0720238038,0.000750248
support_growth_hessian,12,2,0.1,96,local,159,0.000651041667,0.0,0.1522160786,0.0015855842
support_growth_hessian,12,2,0.1,96,local,160,0.000651041667,0.0,0.1678772837,0.0017487217
support_growth_hessian,12,2,0.1,96,local,161,0.000651041667,0.0,0.0721565631,0.0007516309
support_growth_hessian,12,2,0.1,96,local,162,0.000651041667,0.0,0.1524872803,0.0015884092
support_growth_hessian,12,2,0.1,96,local,163,0.000651041667,0.0,0.1681435146,0.0017514949
support_growth_hessian,12,2,0.1,96,local,164,0.000651041667,0.0,0.0723162119,0.0007532939
support_growth_hessian,12,2,0.1,96,local,165,0.000651041667,0.0,0.1528043588,0.0015917121
support_growth_hessian,12,2,0.1,96,local,166,0.000651041667,0.0,0.1684552409,0.0017547421
support_growth_hessian,12,2,0.1,96,local,167,0.000651041667,0.0,0.0725029353,0.0007552389
support_growth_hessian,12,2,0.1,96,local,168,0.000651041667,0.0,0.153167628,0.0015954961
support_growth_hessian,12,2,0.1,96,local,169,0.000651041667,0.0,0.1688129848,0.0017584686
support_growth_hessian,12,2,0.1,96,local,170,0.000651041667,0.0,0.07271695,0.0007574682
support_growth_hessian,12,2,0.1,96,local,171,0.000651041667,0.0,0.1535774484,0.0015997651
support_growth_hessian,12,2,0.1,96,local,172,0.000651041667,0.0,0.1692173456,0.0017626807
support_growth_hessian,12,2,0.1,96,local,173,0.000651041667,0.0,0.0729585046,0.0007599844
support_growth_hessian,12,2,0.1,96,local,174,0.000651041667,0.0,0.1540342276,0.0016045232
support_growth_hessian,12,2,0.1,96,local,175,0.000651041667,0.0,0.1696690006,0.0017673854
support_growth_hessian,12,2,0.1,96,local,176,0.000651041667,0.0,0.0732278805,0.0007627904
support_growth_hessian,12,2,0.1,96,local,177,0.000651041667,0.0,0.1545384204,0.0016097752
support_growth_hessian,12,2,0.1,96,local,178,0.000651041667,0.0,0.1701687067,0.0017725907
support_growth_hessian,12,2,0.1,96,local,179,0.000651041667,0.0,0.0735253917,0.0007658895
support_growth_hessian,12,2,0.1,96,local,180,0.000651041667,0.0,0.1550905302,0.0016155264
support_growth_hessian,12,2,0.1,96,local,181,0.000651041667,0.0,0.1707173011,0.0017783052
support_growth_hessian,12,2,0.1,96,local,182,0.000651041667,0.0,0.0738513858,0.0007692853
support_growth_hessian,12,2,0.1,96,local,183,0.000651041667,0.0,0.1556911093,0.0016217824
support_growth_hessian,12,2,0.1,96,local,184,0.000651041667,0.0,0.1713157033,0.0017845386
support_growth_hessian,12,2,0.1,96,local,185,0.000651041667,0.0,0.0742062444,0.0007729817
support_growth_hessian,12,2,0.1,96,local,186,0.000651041667,0.0,0.1563407604,0.0016285496
support_growth_hessian,12,2,0.1,96,local,187,0.000651041667,0.0,0.1719649165,0.0017913012
support_growth_hessian,12,2,0.1,96,local,188,0.000651041667,0.0,0.0745903839,0.0007769832
support_growth_hessian,12,2,0.1,96,local,189,0.000651041667,0.0,0.1570401369,0.0016358348
support_growth_hessian,12,2,0.1,96,local,190,0.000651041667,0.0,0.1726660292,0.0017986045
support_growth_hessian,12,2,0.1,96,local,191,0.000651041667,0.0,0.0750042563,0.0007812943
support_growth_hessian,12,2,0.1,96,local,192,0.000651041667,0.0,0.1577899444,0.0016436453
support_growth_hessian,12,2,0.1,96,local,193,0.000651041667,0.0,0.1734202172,0.0018064606
support_growth_hessian,12,2,0.1,96,local,194,0.000651041667,0.0,0.0754483495,0.0007859203
support_growth_hessian,12,2,0.1,96,local,195,0.000651041667,0.0,0.1585909417,0.001651989
support_growth_hessian,12,2,0.1,96,local,196,0.000651041667,0.0,0.1742287456,0.0018148828
support_growth_hessian,12,2,0.1,96,local,197,0.000651041667,0.0,0.0759231886,0.0007908665
support_growth_hessian,12,2,0.1,96,local,198,0.000651041667,0.0,0.1594439423,0.0016608744
support_growth_hessian,12,2,0.1,96,local,199,0.000651041667,0.0,0.1750929715,0.0018238851
support_growth_hessian,12,2,0.1,96,local,200,0.000651041667,0.0,0.0764293369,0.0007961389
support_growth_hessian,12,2,0.1,96,local,201,0.000651041667,0.0,0.1603498154,0.0016703106
support_growth_hessian,12,2,0.1,96,local,202,0.000651041667,0.0,0.1760143456,0.0018334828
support_growth_hessian,12,2,0.1,96,local,203,0.000651041667,0.0,0.0769673964,0.0008017437
support_growth_hessian,12,2,0.1,96,local,204,0.000651041667,0.0,0.1613094876,0.0016803072
support_growth_hessian,12,2,0.1,96,local,205,0.000651041667,0.0,0.1769944153,0.0018436918
support_growth_hessian,12,2,0.1,96,local,206,0.000651041667,0.0,0.0775380094,0.0008076876
support_growth_hessian,12,2,0.1,96,local,207,0.000651041667,0.0,0.1623239442,0.0016908744
support_growth_hessian,12,2,0.1,96,local,208,0.000651041667,0.0,0.1780348274,0.0018545295
support_growth_hessian,12,2,0.1,96,local,209,0.000651041667,0.0,0.0781418592,0.0008139777
support_growth_hessian,12,2,0.1,96,local,210,0.000651041667,0.0,0.1633942311,0.0017020232
support_growth_hessian,12,2,0.1,96,local,211,0.000651041667,0.0,0.179137331,0.0018660139
support_growth_hessian,12,2,0.1,96,local,212,0.000651041667,0.0,0.0787796715,0.0008206216
support_growth_hessian,12,2,0.1,96,local,213,0.000651041667,0.0,0.1645214566,0.0017137652
support_growth_hessian,12,2,0.1,96,local,214,0.000651041667,0.0,0.1803037803,0.0018781644
support_growth_hessian,12,2,0.1,96,local,215,0.000651041667,0.0,0.0794522157,0.0008276272
support_growth_hessian,12,2,0.1,96,local,216,0.000651041667,0.0,0.1657067926,0.0017261124
support_growth_hessian,12,2,0.1,96,local,217,0.000651041667,0.0,0.1815361389,0.0018910014
support_growth_hessian,12,2,0.1,96,local,218,0.000651041667,0.0,0.0801603064,0.0008350032
support_growth_hessian,12,2,0.1,96,local,219,0.000651041667,0.0,0.1669514777,0.0017390779
support_growth_hessian,12,2,0.1,96,local,220,0.000651041667,0.0,0.1828364822,0.0019045467
support_growth_hessian,12,2,0.1,96,local,221,0.000651041667,0.0,0.0809048044,0.0008427584
support_growth_hessian,12,2,0.1,96,local,222,0.000651041667,0.0,0.1682568182,0.0017526752
support_growth_hessian,12,2,0.1,96,local,223,0.000651041667,0.0,0.1842070022,0.0019188229
support_growth_hessian,12,2,0.1,96,local,224,0.000651041667,0.0,0.0816866189,0.0008509023
support_growth_hessian,12,2,0.1,96,local,225,0.000651041667,0.0,0.169624191,0.0017669187
support_growth_hessian,12,2,0.1,96,local,226,0.000651041667,0.0,0.1856500107,0.0019338543
support_growth_hessian,12,2,0.1,96,local,227,0.000651041667,0.0,0.0825067084,0.0008594449
support_growth_hessian,12,2,0.1,96,local,228,0.000651041667,0.0,0.1710550457,0.0017818234
support_growth_hessian,12,2,0.1,96,local,229,0.000651041667,0.0,0.1871679441,0.0019496661
support_growth_hessian,12,2,0.1,96,local,230,0.000651041667,0.0,0.0833660831,0.0008683967
support_growth_hessian,12,2,0.1,96,local,231,0.000651041667,0.0,0.1725509072,0.0017974053
support_growth_hessian,12,2,0.1,96,local,232,0.000651041667,0.0,0.1887633681,0.0019662851
support_growth_hessian,12,2,0.1,96,local,233,0.000651041667,0.0,0.0842658064,0.0008777688
support_growth_hessian,12,2,0.1,96,local,234,0.000651041667,0.0,0.174113378,0.001813681
support_growth_hessian,12,2,0.1,96,local,235,0.000651041667,0.0,0.1904389816,0.0019837394
support_growth_hessian,12,2,0.1,96,local,236,0.000651041667,0.0,0.0852069967,0.0008875729
support_growth_hessian,12,2,0.1,96,local,237,0.000651041667,0.0,0.1757441416,0.0018306681
support_growth_hessian,12,2,0.1,96,local,238,0.000651041667,0.0,0.192197623,0.0020020586
support_growth_hessian,12,2,0.1,96,local,239,0.000651041667,0.0,0.0861908301,0.0008978211
support_growth_hessian,12,2,0.1,96,local,240,0.000651041667,0.0,0.1774449646,0.001848385
support_growth_hessian,12,2,0.1,96,local,241,0.000651041667,0.0,0.1940422746,0.0020212737
support_growth_hessian,12,2,0.1,96,local,242,0.000651041667,0.0,0.0872185415,0.0009085265
support_growth_hessian,12,2,0.1,96,local,243,0.000651041667,0.0,0.1792177005,0.001866851
support_growth_hessian,12,2,0.1,96,local,244,0.000651041667,0.0,0.1959760686,0.0020414174
support_growth_hessian,12,2,0.1,96,local,245,0.000651041667,0.0,0.088291428,0.0009197024
support_growth_hessian,12,2,0.1,96,local,246,0.000651041667,0.0,0.1810642924,0.0018860864
support_growth_hessian,12,2,0.1,96,local,247,0.000651041667,0.0,0.1980022933,0.0020625239
support_growth_hessian,12,2,0.1,96,local,248,0.000651041667,0.0,0.0894108525,0.000931363
support_growth_hessian,12,2,0.1,96,local,249,0.000651041667,0.0,0.1829867771,0.0019061123
support_growth_hessian,12,2,0.1,96,local,250,0.000651041667,0.0,0.2001243993,0.0020846292
support_growth_hessian,12,2,0.1,96,local,251,0.000651041667,0.0,0.0905782391,0.0009435233
support_growth_hessian,12,2,0.1,96,local,252,0.000651041667,0.0,0.1849872877,0.0019269509
support_growth_hessian,12,2,0.1,96,local,253,0.000651041667,0.0,0.2023460061,0.0021077709
support_growth_hessian,12,2,0.1,96,local,254,0.000651041667,0.0,0.0917950864,0.0009561988
support_growth_hessian,12,2,0.1,96,local,255,0.000651041667,0.0,0.1870680583,0.0019486256
support_growth_hessian,12,2,0.1,96,local,256,0.000651041667,0.0,0.2046709093,0.0021319886
support_growth_hessian,12,2,0.1,96,local,257,0.000651041667,0.0,0.0930629638,0.0009694059
support_growth_hessian,12,2,0.1,96,local,258,0.000651041667,0.0,0.1892314275,0.0019711607
support_growth_hessian,12,2,0.1,96,local,259,0.000651041667,0.0,0.2071030879,0.0021573238
support_growth_hessian,12,2,0.1,96,local,260,0.000651041667,0.0,0.0943835155,0.0009831616
support_growth_hessian,12,2,0.1,96,local,261,0.000651041667,0.0,0.1914798427,0.0019945817
support_growth_hessian,12,2,0.1,96,local,262,0.000651041667,0.0,0.2096467126,0.0021838199
support_growth_hessian,12,2,0.1,96,local,263,0.000651041667,0.0,0.0957584641,0.000997484
support_growth_hessian,12,2,0.1,96,local,264,0.000651041667,0.0,0.1938158646,0.0020189153
support_growth_hessian,12,2,0.1,96,local,265,0.000651041667,0.0,0.2123061535,0.0022115224
support_growth_hessian,12,2,0.1,96,local,266,0.000651041667,0.0,0.0971896139,0.0010123918
support_growth_hessian,12,2,0.1,96,local,267,0.000651041667,0.0,0.1962421717,0.0020441893
support_growth_hessian,12,2,0.1,96,local,268,0.000651041667,0.0,0.2150859896,0.0022404791
support_growth_hessian,12,2,0.1,96,local,269,0.000651041667,0.0,0.0986788541,0.0010279047
support_growth_hessian,12,2,0.1,96,local,270,0.000651041667,0.0,0.1987615651,0.002070433
support_growth_hessian,12,2,0.1,96,local,271,0.000651041667,0.0,0.2179910172,0.0022707398
support_growth_hessian,12,2,0.1,96,local,272,0.000651041667,0.0,0.1002281626,0.0010440434
support_growth_hessian,12,2,0.1,96,local,273,0.000651041667,0.0,0.201376974,0.0020976768
support_growth_hessian,12,2,0.1,96,local,274,0.000651041667,0.0,0.2210262604,0.0023023569
support_growth_hessian,12,2,0.1,96,local,275,0.000651041667,0.0,0.1018396101,0.0010608293
support_growth_hessian,12,2,0.1,96,local,276,0.000651041667,0.0,0.2040914607,0.0021259527
support_growth_hessian,12,2,0.1,96,local,277,0.000651041667,0.0,0.2241969812,0.0023353852
support_growth_hessian,12,2,0.1,96,local,278,0.000651041667,0.0,0.1035153636,0.001078285
support_growth_hessian,12,2,0.1,96,local,279,0.000651041667,0.0,0.2069082265,0.002155294
support_growth_hessian,12,2,0.1,96,local,280,0.000651041667,0.0,0.2275086898,0.0023698822
support_growth_hessian,12,2,0.1,96,local,281,0.000651041667,0.0,0.1052576913,0.0010964343
support_growth_hessian,12,2,0.1,96,local,282,0.000651041667,0.0,0.2098306173,0.0021857356
support_growth_hessian,12,2,0.1,96,local,283,0.000651041667,0.0,0.230967157,0.0024059079
support_growth_hessian,12,2,0.1,96,local,284,0.000651041667,0.0,0.1070689667,0.0011153017
support_growth_hessian,12,2,0.1,96,local,285,0.000651041667,0.0,0.2128621304,0.0022173139
support_growth_hessian,12,2,0.1,96,local,286,0.000651041667,0.0,0.2345784253,0.0024435253
support_growth_hessian,12,2,0.1,96,local,287,0.000651041667,0.0,0.1089516735,0.0011349133
support_growth_hessian,12,2,0.1,96,collective,0,0.000651041667,0.0,14.4210861571,0.1502196475
support_growth_hessian,12,2,0.1,96,collective,1,0.000651041667,0.0,13.7139177403,0.1428533098
support_growth_hessian,12,2,0.1,96,collective,2,0.000651041667,0.0,6.0463823044,0.062983149
support_growth_hessian,12,2,0.2,24,local,0,0.002604166667,0.0,0.1681779186,0.0070074133
support_growth_hessian,12,2,0.2,24,local,1,0.002604166667,0.0,0.1954130699,0.0081422112
support_growth_hessian,12,2,0.2,24,local,2,0.002604166667,0.0,0.0519737685,0.0021655737
support_growth_hessian,12,2,0.2,24,local,3,0.002604166667,0.0,0.1615649291,0.006731872
support_growth_hessian,12,2,0.2,24,local,4,0.002604166667,0.0,0.184790376,0.007699599
support_growth_hessian,12,2,0.2,24,local,5,0.002604166667,0.0,0.0494118313,0.0020588263
support_growth_hessian,12,2,0.2,24,local,6,0.002604166667,0.0,0.1557483231,0.0064895135
support_growth_hessian,12,2,0.2,24,local,7,0.002604166667,0.0,0.1755500373,0.0073145849
support_growth_hessian,12,2,0.2,24,local,8,0.002604166667,0.0,0.0471713349,0.0019654723
support_growth_hessian,12,2,0.2,24,local,9,0.002604166667,0.0,0.1506678213,0.0062778259
support_growth_hessian,12,2,0.2,24,local,10,0.002604166667,0.0,0.1675614295,0.0069817262
support_growth_hessian,12,2,0.2,24,local,11,0.002604166667,0.0,0.0452246751,0.0018843615
support_growth_hessian,12,2,0.2,24,local,12,0.002604166667,0.0,0.1462715085,0.0060946462
support_growth_hessian,12,2,0.2,24,local,13,0.002604166667,0.0,0.160713025,0.006696376
support_growth_hessian,12,2,0.2,24,local,14,0.002604166667,0.0,0.0435482086,0.0018145087
support_growth_hessian,12,2,0.2,24,local,15,0.002604166667,0.0,0.1425150338,0.0059381264
support_growth_hessian,12,2,0.2,24,local,16,0.002604166667,0.0,0.154910304,0.006454596
support_growth_hessian,12,2,0.2,24,local,17,0.002604166667,0.0,0.0421218388,0.0017550766
support_growth_hessian,12,2,0.2,24,local,18,0.002604166667,0.0,0.1393609351,0.0058067056
support_growth_hessian,12,2,0.2,24,local,19,0.002604166667,0.0,0.1500740015,0.0062530834
support_growth_hessian,12,2,0.2,24,local,20,0.002604166667,0.0,0.0409286679,0.0017053612
support_growth_hessian,12,2,0.2,24,local,21,0.002604166667,0.0,0.1367780756,0.0056990865
support_growth_hessian,12,2,0.2,24,local,22,0.002604166667,0.0,0.1461386557,0.0060891107
support_growth_hessian,12,2,0.2,24,local,23,0.002604166667,0.0,0.0399547076,0.0016647795
support_growth_hessian,12,2,0.2,24,local,24,0.002604166667,0.0,0.1347411781,0.0056142158
support_growth_hessian,12,2,0.2,24,local,25,0.002604166667,0.0,0.1430514171,0.0059604757
support_growth_hessian,12,2,0.2,24,local,26,0.002604166667,0.0,0.0391886417,0.0016328601
support_growth_hessian,12,2,0.2,24,local,27,0.002604166667,0.0,0.1332304519,0.0055512688
support_growth_hessian,12,2,0.2,24,local,28,0.002604166667,0.0,0.1407710955,0.0058654623
support_growth_hessian,12,2,0.2,24,local,29,0.002604166667,0.0,0.0386216353,0.0016092348
support_growth_hessian,12,2,0.2,24,local,30,0.002604166667,0.0,0.1322313012,0.0055096375
support_growth_hessian,12,2,0.2,24,local,31,0.002604166667,0.0,0.1392674231,0.0058028093
support_growth_hessian,12,2,0.2,24,local,32,0.002604166667,0.0,0.0382471877,0.0015936328
support_growth_hessian,12,2,0.2,24,local,33,0.002604166667,0.0,0.131734112,0.0054889213
support_growth_hessian,12,2,0.2,24,local,34,0.002604166667,0.0,0.1385205145,0.0057716881
support_growth_hessian,12,2,0.2,24,local,35,0.002604166667,0.0,0.038061024,0.001585876
support_growth_hessian,12,2,0.2,24,local,36,0.002604166667,0.0,0.131734112,0.0054889213
support_growth_hessian,12,2,0.2,24,local,37,0.002604166667,0.0,0.1385205145,0.0057716881
support_growth_hessian,12,2,0.2,24,local,38,0.002604166667,0.0,0.038061024,0.001585876
support_growth_hessian,12,2,0.2,24,local,39,0.002604166667,0.0,0.1322313012,0.0055096375
support_growth_hessian,12,2,0.2,24,local,40,0.002604166667,0.0,0.1392674231,0.0058028093
support_growth_hessian,12,2,0.2,24,local,41,0.002604166667,0.0,0.0382471877,0.0015936328
support_growth_hessian,12,2,0.2,24,local,42,0.002604166667,0.0,0.1332304519,0.0055512688
support_growth_hessian,12,2,0.2,24,local,43,0.002604166667,0.0,0.1407710955,0.0058654623
support_growth_hessian,12,2,0.2,24,local,44,0.002604166667,0.0,0.0386216353,0.0016092348
support_growth_hessian,12,2,0.2,24,local,45,0.002604166667,0.0,0.1347411781,0.0056142158
support_growth_hessian,12,2,0.2,24,local,46,0.002604166667,0.0,0.1430514171,0.0059604757
support_growth_hessian,12,2,0.2,24,local,47,0.002604166667,0.0,0.0391886417,0.0016328601
support_growth_hessian,12,2,0.2,24,local,48,0.002604166667,0.0,0.1367780756,0.0056990865
support_growth_hessian,12,2,0.2,24,local,49,0.002604166667,0.0,0.1461386557,0.0060891107
support_growth_hessian,12,2,0.2,24,local,50,0.002604166667,0.0,0.0399547076,0.0016647795
support_growth_hessian,12,2,0.2,24,local,51,0.002604166667,0.0,0.1393609351,0.0058067056
support_growth_hessian,12,2,0.2,24,local,52,0.002604166667,0.0,0.1500740015,0.0062530834
support_growth_hessian,12,2,0.2,24,local,53,0.002604166667,0.0,0.0409286679,0.0017053612
support_growth_hessian,12,2,0.2,24,local,54,0.002604166667,0.0,0.1425150338,0.0059381264
support_growth_hessian,12,2,0.2,24,local,55,0.002604166667,0.0,0.154910304,0.006454596
support_growth_hessian,12,2,0.2,24,local,56,0.002604166667,0.0,0.0421218388,0.0017550766
support_growth_hessian,12,2,0.2,24,local,57,0.002604166667,0.0,0.1462715085,0.0060946462
support_growth_hessian,12,2,0.2,24,local,58,0.002604166667,0.0,0.160713025,0.006696376
support_growth_hessian,12,2,0.2,24,local,59,0.002604166667,0.0,0.0435482086,0.0018145087
support_growth_hessian,12,2,0.2,24,local,60,0.002604166667,0.0,0.1506678213,0.0062778259
support_growth_hessian,12,2,0.2,24,local,61,0.002604166667,0.0,0.1675614295,0.0069817262
support_growth_hessian,12,2,0.2,24,local,62,0.002604166667,0.0,0.0452246751,0.0018843615
support_growth_hessian,12,2,0.2,24,local,63,0.002604166667,0.0,0.1557483231,0.0064895135
support_growth_hessian,12,2,0.2,24,local,64,0.002604166667,0.0,0.1755500373,0.0073145849
support_growth_hessian,12,2,0.2,24,local,65,0.002604166667,0.0,0.0471713349,0.0019654723
support_growth_hessian,12,2,0.2,24,local,66,0.002604166667,0.0,0.1615649291,0.006731872
support_growth_hessian,12,2,0.2,24,local,67,0.002604166667,0.0,0.184790376,0.007699599
support_growth_hessian,12,2,0.2,24,local,68,0.002604166667,0.0,0.0494118313,0.0020588263
support_growth_hessian,12,2,0.2,24,local,69,0.002604166667,0.0,0.1681779186,0.0070074133
support_growth_hessian,12,2,0.2,24,local,70,0.002604166667,0.0,0.1954130699,0.0081422112
support_growth_hessian,12,2,0.2,24,local,71,0.002604166667,0.0,0.0519737685,0.0021655737
support_growth_hessian,12,2,0.2,24,collective,0,0.002604166667,0.0,3.1478307566,0.1311596149
support_growth_hessian,12,2,0.2,24,collective,1,0.002604166667,0.0,3.1336451461,0.1305685478
support_growth_hessian,12,2,0.2,24,collective,2,0.002604166667,0.0,0.8752831056,0.0364701294
support_growth_hessian,12,2,0.2,48,local,0,0.001302083333,0.0,0.1683144426,0.0035065509
support_growth_hessian,12,2,0.2,48,local,1,0.001302083333,0.0,0.1954559402,0.0040719988
support_growth_hessian,12,2,0.2,48,local,2,0.001302083333,0.0,0.0520427207,0.0010842233
support_growth_hessian,12,2,0.2,48,local,3,0.001302083333,0.0,0.1649574257,0.003436613
support_growth_hessian,12,2,0.2,48,local,4,0.001302083333,0.0,0.1900374009,0.0039591125
support_growth_hessian,12,2,0.2,48,local,5,0.001302083333,0.0,0.0507390709,0.001057064
support_growth_hessian,12,2,0.2,48,local,6,0.001302083333,0.0,0.1618003873,0.0033708414
support_growth_hessian,12,2,0.2,48,local,7,0.001302083333,0.0,0.1849703044,0.003853548
support_growth_hessian,12,2,0.2,48,local,8,0.001302083333,0.0,0.0495166755,0.0010315974
support_growth_hessian,12,2,0.2,48,local,9,0.001302083333,0.0,0.1588353826,0.0033090705
support_growth_hessian,12,2,0.2,48,local,10,0.001302083333,0.0,0.1802372884,0.0037549435
support_growth_hessian,12,2,0.2,48,local,11,0.001302083333,0.0,0.0483718771,0.0010077474
support_growth_hessian,12,2,0.2,48,local,12,0.001302083333,0.0,0.1560550056,0.0032511459
support_growth_hessian,12,2,0.2,48,local,13,0.001302083333,0.0,0.1758222418,0.0036629634
support_growth_hessian,12,2,0.2,48,local,14,0.001302083333,0.0,0.0473012757,0.0009854432
support_growth_hessian,12,2,0.2,48,local,15,0.001302083333,0.0,0.1534523611,0.0031969242
support_growth_hessian,12,2,0.2,48,local,16,0.001302083333,0.0,0.1717102312,0.0035772965
support_growth_hessian,12,2,0.2,48,local,17,0.001302083333,0.0,0.0463017153,0.0009646191
support_growth_hessian,12,2,0.2,48,local,18,0.001302083333,0.0,0.1510210391,0.0031462716
support_growth_hessian,12,2,0.2,48,local,19,0.001302083333,0.0,0.1678874331,0.0034976549
support_growth_hessian,12,2,0.2,48,local,20,0.001302083333,0.0,0.0453702695,0.0009452139
support_growth_hessian,12,2,0.2,48,local,21,0.001302083333,0.0,0.1487550913,0.0030990644
support_growth_hessian,12,2,0.2,48,local,22,0.001302083333,0.0,0.1643410719,0.0034237723
support_growth_hessian,12,2,0.2,48,local,23,0.001302083333,0.0,0.04450423,0.0009271715
support_growth_hessian,12,2,0.2,48,local,24,0.001302083333,0.0,0.1466490086,0.0030551877
support_growth_hessian,12,2,0.2,48,local,25,0.001302083333,0.0,0.161059362,0.0033554034
support_growth_hessian,12,2,0.2,48,local,26,0.001302083333,0.0,0.0437010946,0.0009104395
support_growth_hessian,12,2,0.2,48,local,27,0.001302083333,0.0,0.1446977015,0.0030145354
support_growth_hessian,12,2,0.2,48,local,28,0.001302083333,0.0,0.1580314563,0.003292322
support_growth_hessian,12,2,0.2,48,local,29,0.001302083333,0.0,0.0429585572,0.0008949699
support_growth_hessian,12,2,0.2,48,local,30,0.001302083333,0.0,0.1428964814,0.00297701
support_growth_hessian,12,2,0.2,48,local,31,0.001302083333,0.0,0.155247397,0.0032343208
support_growth_hessian,12,2,0.2,48,local,32,0.001302083333,0.0,0.0422744981,0.0008807187
support_growth_hessian,12,2,0.2,48,local,33,0.001302083333,0.0,0.1412410432,0.0029425217
support_growth_hessian,12,2,0.2,48,local,34,0.001302083333,0.0,0.1526980728,0.0031812099
support_growth_hessian,12,2,0.2,48,local,35,0.001302083333,0.0,0.0416469753,0.0008676453
support_growth_hessian,12,2,0.2,48,local,36,0.001302083333,0.0,0.1397274504,0.0029109885
support_growth_hessian,12,2,0.2,48,local,37,0.001302083333,0.0,0.150375178,0.0031328162
support_growth_hessian,12,2,0.2,48,local,38,0.001302083333,0.0,0.0410742165,0.0008557128
support_growth_hessian,12,2,0.2,48,local,39,0.001302083333,0.0,0.1383521206,0.0028823358
support_growth_hessian,12,2,0.2,48,local,40,0.001302083333,0.0,0.1482711767,0.0030889828
support_growth_hessian,12,2,0.2,48,local,41,0.001302083333,0.0,0.0405546118,0.0008448877
support_growth_hessian,12,2,0.2,48,local,42,0.001302083333,0.0,0.1371118128,0.0028564961
support_growth_hessian,12,2,0.2,48,local,43,0.001302083333,0.0,0.1463792698,0.0030495681
support_growth_hessian,12,2,0.2,48,local,44,0.001302083333,0.0,0.0400867074,0.0008351397
support_growth_hessian,12,2,0.2,48,local,45,0.001302083333,0.0,0.1360036157,0.0028334087
support_growth_hessian,12,2,0.2,48,local,46,0.001302083333,0.0,0.144693366,0.0030144451
support_growth_hessian,12,2,0.2,48,local,47,0.001302083333,0.0,0.0396691994,0.0008264417
support_growth_hessian,12,2,0.2,48,local,48,0.001302083333,0.0,0.1350249378,0.0028130195
support_growth_hessian,12,2,0.2,48,local,49,0.001302083333,0.0,0.1432080546,0.0029835011
support_growth_hessian,12,2,0.2,48,local,50,0.001302083333,0.0,0.0393009288,0.0008187693
support_growth_hessian,12,2,0.2,48,local,51,0.001302083333,0.0,0.1341734978,0.0027952812
support_growth_hessian,12,2,0.2,48,local,52,0.001302083333,0.0,0.1419185833,0.0029566372
support_growth_hessian,12,2,0.2,48,local,53,0.001302083333,0.0,0.0389808767,0.0008121016
support_growth_hessian,12,2,0.2,48,local,54,0.001302083333,0.0,0.1334473167,0.0027801524
support_growth_hessian,12,2,0.2,48,local,55,0.001302083333,0.0,0.1408208369,0.0029337674
support_growth_hessian,12,2,0.2,48,local,56,0.001302083333,0.0,0.038708161,0.00080642
support_growth_hessian,12,2,0.2,48,local,57,0.001302083333,0.0,0.132844711,0.0027675981
support_growth_hessian,12,2,0.2,48,local,58,0.001302083333,0.0,0.1399113203,0.0029148192
support_growth_hessian,12,2,0.2,48,local,59,0.001302083333,0.0,0.0384820299,0.000801709
support_growth_hessian,12,2,0.2,48,local,60,0.001302083333,0.0,0.1323642866,0.0027575893
support_growth_hessian,12,2,0.2,48,local,61,0.001302083333,0.0,0.1391871431,0.0028997321
support_growth_hessian,12,2,0.2,48,local,62,0.001302083333,0.0,0.0383018635,0.0007979555
support_growth_hessian,12,2,0.2,48,local,63,0.001302083333,0.0,0.1320049341,0.0027501028
support_growth_hessian,12,2,0.2,48,local,64,0.001302083333,0.0,0.138646008,0.0028884585
support_growth_hessian,12,2,0.2,48,local,65,0.001302083333,0.0,0.0381671678,0.0007951493
support_growth_hessian,12,2,0.2,48,local,66,0.001302083333,0.0,0.1317658246,0.0027451213
support_growth_hessian,12,2,0.2,48,local,67,0.001302083333,0.0,0.1382862001,0.0028809625
support_growth_hessian,12,2,0.2,48,local,68,0.001302083333,0.0,0.0380775749,0.0007932828
support_growth_hessian,12,2,0.2,48,local,69,0.001302083333,0.0,0.1316464074,0.0027426335
support_growth_hessian,12,2,0.2,48,local,70,0.001302083333,0.0,0.1381065803,0.0028772204
support_growth_hessian,12,2,0.2,48,local,71,0.001302083333,0.0,0.0380328395,0.0007923508
support_growth_hessian,12,2,0.2,48,local,72,0.001302083333,0.0,0.1316464074,0.0027426335
support_growth_hessian,12,2,0.2,48,local,73,0.001302083333,0.0,0.1381065803,0.0028772204
support_growth_hessian,12,2,0.2,48,local,74,0.001302083333,0.0,0.0380328395,0.0007923508
support_growth_hessian,12,2,0.2,48,local,75,0.001302083333,0.0,0.1317658246,0.0027451213
support_growth_hessian,12,2,0.2,48,local,76,0.001302083333,0.0,0.1382862,0.0028809625
support_growth_hessian,12,2,0.2,48,local,77,0.001302083333,0.0,0.0380775749,0.0007932828
support_growth_hessian,12,2,0.2,48,local,78,0.001302083333,0.0,0.1320049341,0.0027501028
support_growth_hessian,12,2,0.2,48,local,79,0.001302083333,0.0,0.138646008,0.0028884585
support_growth_hessian,12,2,0.2,48,local,80,0.001302083333,0.0,0.0381671678,0.0007951493
support_growth_hessian,12,2,0.2,48,local,81,0.001302083333,0.0,0.1323642866,0.0027575893
support_growth_hessian,12,2,0.2,48,local,82,0.001302083333,0.0,0.1391871431,0.0028997321
support_growth_hessian,12,2,0.2,48,local,83,0.001302083333,0.0,0.0383018635,0.0007979555
support_growth_hessian,12,2,0.2,48,local,84,0.001302083333,0.0,0.132844711,0.0027675981
support_growth_hessian,12,2,0.2,48,local,85,0.001302083333,0.0,0.1399113203,0.0029148192
support_growth_hessian,12,2,0.2,48,local,86,0.001302083333,0.0,0.0384820299,0.000801709
support_growth_hessian,12,2,0.2,48,local,87,0.001302083333,0.0,0.1334473167,0.0027801524
support_growth_hessian,12,2,0.2,48,local,88,0.001302083333,0.0,0.1408208369,0.0029337674
support_growth_hessian,12,2,0.2,48,local,89,0.001302083333,0.0,0.038708161,0.00080642
support_growth_hessian,12,2,0.2,48,local,90,0.001302083333,0.0,0.1341734978,0.0027952812
support_growth_hessian,12,2,0.2,48,local,91,0.001302083333,0.0,0.1419185833,0.0029566372
support_growth_hessian,12,2,0.2,48,local,92,0.001302083333,0.0,0.0389808767,0.0008121016
support_growth_hessian,12,2,0.2,48,local,93,0.001302083333,0.0,0.1350249378,0.0028130195
support_growth_hessian,12,2,0.2,48,local,94,0.001302083333,0.0,0.1432080546,0.0029835011
support_growth_hessian,12,2,0.2,48,local,95,0.001302083333,0.0,0.0393009288,0.0008187693
support_growth_hessian,12,2,0.2,48,local,96,0.001302083333,0.0,0.1360036157,0.0028334087
support_growth_hessian,12,2,0.2,48,local,97,0.001302083333,0.0,0.144693366,0.0030144451
support_growth_hessian,12,2,0.2,48,local,98,0.001302083333,0.0,0.0396691994,0.0008264417
support_growth_hessian,12,2,0.2,48,local,99,0.001302083333,0.0,0.1371118128,0.0028564961
support_growth_hessian,12,2,0.2,48,local,100,0.001302083333,0.0,0.1463792699,0.0030495681
support_growth_hessian,12,2,0.2,48,local,101,0.001302083333,0.0,0.0400867074,0.0008351397
support_growth_hessian,12,2,0.2,48,local,102,0.001302083333,0.0,0.1383521206,0.0028823358
support_growth_hessian,12,2,0.2,48,local,103,0.001302083333,0.0,0.1482711767,0.0030889828
support_growth_hessian,12,2,0.2,48,local,104,0.001302083333,0.0,0.0405546118,0.0008448877
support_growth_hessian,12,2,0.2,48,local,105,0.001302083333,0.0,0.1397274504,0.0029109886
support_growth_hessian,12,2,0.2,48,local,106,0.001302083333,0.0,0.150375178,0.0031328162
support_growth_hessian,12,2,0.2,48,local,107,0.001302083333,0.0,0.0410742165,0.0008557128
support_growth_hessian,12,2,0.2,48,local,108,0.001302083333,0.0,0.1412410432,0.0029425217
support_growth_hessian,12,2,0.2,48,local,109,0.001302083333,0.0,0.1526980728,0.0031812098
support_growth_hessian,12,2,0.2,48,local,110,0.001302083333,0.0,0.0416469753,0.0008676453
support_growth_hessian,12,2,0.2,48,local,111,0.001302083333,0.0,0.1428964814,0.00297701
support_growth_hessian,12,2,0.2,48,local,112,0.001302083333,0.0,0.155247397,0.0032343208
support_growth_hessian,12,2,0.2,48,local,113,0.001302083333,0.0,0.0422744981,0.0008807187
support_growth_hessian,12,2,0.2,48,local,114,0.001302083333,0.0,0.1446977015,0.0030145354
support_growth_hessian,12,2,0.2,48,local,115,0.001302083333,0.0,0.1580314562,0.003292322
support_growth_hessian,12,2,0.2,48,local,116,0.001302083333,0.0,0.0429585572,0.0008949699
support_growth_hessian,12,2,0.2,48,local,117,0.001302083333,0.0,0.1466490086,0.0030551877
support_growth_hessian,12,2,0.2,48,local,118,0.001302083333,0.0,0.161059362,0.0033554034
support_growth_hessian,12,2,0.2,48,local,119,0.001302083333,0.0,0.0437010946,0.0009104395
support_growth_hessian,12,2,0.2,48,local,120,0.001302083333,0.0,0.1487550913,0.0030990644
support_growth_hessian,12,2,0.2,48,local,121,0.001302083333,0.0,0.1643410719,0.0034237723
support_growth_hessian,12,2,0.2,48,local,122,0.001302083333,0.0,0.04450423,0.0009271715
support_growth_hessian,12,2,0.2,48,local,123,0.001302083333,0.0,0.1510210391,0.0031462716
support_growth_hessian,12,2,0.2,48,local,124,0.001302083333,0.0,0.1678874331,0.0034976549
support_growth_hessian,12,2,0.2,48,local,125,0.001302083333,0.0,0.0453702695,0.0009452139
support_growth_hessian,12,2,0.2,48,local,126,0.001302083333,0.0,0.1534523611,0.0031969242
support_growth_hessian,12,2,0.2,48,local,127,0.001302083333,0.0,0.1717102312,0.0035772965
support_growth_hessian,12,2,0.2,48,local,128,0.001302083333,0.0,0.0463017153,0.0009646191
support_growth_hessian,12,2,0.2,48,local,129,0.001302083333,0.0,0.1560550056,0.0032511459
support_growth_hessian,12,2,0.2,48,local,130,0.001302083333,0.0,0.1758222418,0.0036629634
support_growth_hessian,12,2,0.2,48,local,131,0.001302083333,0.0,0.0473012757,0.0009854432
support_growth_hessian,12,2,0.2,48,local,132,0.001302083333,0.0,0.1588353826,0.0033090705
support_growth_hessian,12,2,0.2,48,local,133,0.001302083333,0.0,0.1802372884,0.0037549435
support_growth_hessian,12,2,0.2,48,local,134,0.001302083333,0.0,0.0483718771,0.0010077474
support_growth_hessian,12,2,0.2,48,local,135,0.001302083333,0.0,0.1618003873,0.0033708414
support_growth_hessian,12,2,0.2,48,local,136,0.001302083333,0.0,0.1849703044,0.003853548
support_growth_hessian,12,2,0.2,48,local,137,0.001302083333,0.0,0.0495166755,0.0010315974
support_growth_hessian,12,2,0.2,48,local,138,0.001302083333,0.0,0.1649574257,0.003436613
support_growth_hessian,12,2,0.2,48,local,139,0.001302083333,0.0,0.1900374009,0.0039591125
support_growth_hessian,12,2,0.2,48,local,140,0.001302083333,0.0,0.0507390709,0.001057064
support_growth_hessian,12,2,0.2,48,local,141,0.001302083333,0.0,0.1683144426,0.0035065509
support_growth_hessian,12,2,0.2,48,local,142,0.001302083333,0.0,0.1954559402,0.0040719988
support_growth_hessian,12,2,0.2,48,local,143,0.001302083333,0.0,0.0520427207,0.0010842233
support_growth_hessian,12,2,0.2,48,collective,0,0.001302083333,0.0,6.295511103,0.1311564813
support_growth_hessian,12,2,0.2,48,collective,1,0.001302083333,0.0,6.2683779786,0.1305912079
support_growth_hessian,12,2,0.2,48,collective,2,0.001302083333,0.0,1.7535803183,0.0365329233
support_growth_hessian,12,2,0.2,96,local,0,0.000651041667,0.0,0.1683816727,0.0017539758
support_growth_hessian,12,2,0.2,96,local,1,0.000651041667,0.0,0.1954793996,0.0020362437
support_growth_hessian,12,2,0.2,96,local,2,0.000651041667,0.0,0.052076449,0.000542463
support_growth_hessian,12,2,0.2,96,local,3,0.000651041667,0.0,0.1666910895,0.0017363655
support_growth_hessian,12,2,0.2,96,local,4,0.000651041667,0.0,0.1927441203,0.0020077513
support_growth_hessian,12,2,0.2,96,local,5,0.000651041667,0.0,0.0514191575,0.0005356162
support_growth_hessian,12,2,0.2,96,local,6,0.000651041667,0.0,0.1650506275,0.0017192774
support_growth_hessian,12,2,0.2,96,local,7,0.000651041667,0.0,0.1900974604,0.0019801819
support_growth_hessian,12,2,0.2,96,local,8,0.000651041667,0.0,0.0507822978,0.0005289823
support_growth_hessian,12,2,0.2,96,local,9,0.000651041667,0.0,0.1634592689,0.0017027007
support_growth_hessian,12,2,0.2,96,local,10,0.000651041667,0.0,0.1875371857,0.0019535124
support_growth_hessian,12,2,0.2,96,local,11,0.000651041667,0.0,0.0501654001,0.0005225563
support_growth_hessian,12,2,0.2,96,local,12,0.000651041667,0.0,0.16191603,0.0016866253
support_growth_hessian,12,2,0.2,96,local,13,0.000651041667,0.0,0.1850611427,0.0019277202
support_growth_hessian,12,2,0.2,96,local,14,0.000651041667,0.0,0.0495680109,0.0005163334
support_growth_hessian,12,2,0.2,96,local,15,0.000651041667,0.0,0.1604199607,0.0016710413
support_growth_hessian,12,2,0.2,96,local,16,0.000651041667,0.0,0.1826672552,0.0019027839
support_growth_hessian,12,2,0.2,96,local,17,0.000651041667,0.0,0.0489896929,0.0005103093
support_growth_hessian,12,2,0.2,96,local,18,0.000651041667,0.0,0.1589701429,0.001655939
support_growth_hessian,12,2,0.2,96,local,19,0.000651041667,0.0,0.1803535225,0.0018786825
support_growth_hessian,12,2,0.2,96,local,20,0.000651041667,0.0,0.0484300242,0.0005044794
support_growth_hessian,12,2,0.2,96,local,21,0.000651041667,0.0,0.1575656906,0.0016413093
support_growth_hessian,12,2,0.2,96,local,22,0.000651041667,0.0,0.1781180174,0.001855396
support_growth_hessian,12,2,0.2,96,local,23,0.000651041667,0.0,0.047888598,0.0004988396
support_growth_hessian,12,2,0.2,96,local,24,0.000651041667,0.0,0.1562057483,0.0016271432
support_growth_hessian,12,2,0.2,96,local,25,0.000651041667,0.0,0.1759588833,0.001832905
support_growth_hessian,12,2,0.2,96,local,26,0.000651041667,0.0,0.0473650225,0.0004933857
support_growth_hessian,12,2,0.2,96,local,27,0.000651041667,0.0,0.1548894904,0.0016134322
support_growth_hessian,12,2,0.2,96,local,28,0.000651041667,0.0,0.1738743328,0.001811191
support_growth_hessian,12,2,0.2,96,local,29,0.000651041667,0.0,0.0468589196,0.0004881137
support_growth_hessian,12,2,0.2,96,local,30,0.000651041667,0.0,0.1536161208,0.0016001679
support_growth_hessian,12,2,0.2,96,local,31,0.000651041667,0.0,0.1718626454,0.0017902359
support_growth_hessian,12,2,0.2,96,local,32,0.000651041667,0.0,0.0463699256,0.0004830201
support_growth_hessian,12,2,0.2,96,local,33,0.000651041667,0.0,0.1523848719,0.0015873424
support_growth_hessian,12,2,0.2,96,local,34,0.000651041667,0.0,0.1699221657,0.0017700226
support_growth_hessian,12,2,0.2,96,local,35,0.000651041667,0.0,0.0458976899,0.0004781009
support_growth_hessian,12,2,0.2,96,local,36,0.000651041667,0.0,0.1511950038,0.001574948
support_growth_hessian,12,2,0.2,96,local,37,0.000651041667,0.0,0.1680513016,0.0017505344
support_growth_hessian,12,2,0.2,96,local,38,0.000651041667,0.0,0.0454418754,0.0004733529
support_growth_hessian,12,2,0.2,96,local,39,0.000651041667,0.0,0.1500458038,0.0015629771
support_growth_hessian,12,2,0.2,96,local,40,0.000651041667,0.0,0.1662485224,0.0017317554
support_growth_hessian,12,2,0.2,96,local,41,0.000651041667,0.0,0.0450021576,0.0004687725
support_growth_hessian,12,2,0.2,96,local,42,0.000651041667,0.0,0.1489365857,0.0015514228
support_growth_hessian,12,2,0.2,96,local,43,0.000651041667,0.0,0.1645123573,0.0017136704
support_growth_hessian,12,2,0.2,96,local,44,0.000651041667,0.0,0.0445782244,0.0004643565
support_growth_hessian,12,2,0.2,96,local,45,0.000651041667,0.0,0.1478666892,0.001540278
support_growth_hessian,12,2,0.2,96,local,46,0.000651041667,0.0,0.1628413936,0.0016962645
support_growth_hessian,12,2,0.2,96,local,47,0.000651041667,0.0,0.0441697758,0.0004601018
support_growth_hessian,12,2,0.2,96,local,48,0.000651041667,0.0,0.1468354794,0.0015295362
support_growth_hessian,12,2,0.2,96,local,49,0.000651041667,0.0,0.1612342754,0.0016795237
support_growth_hessian,12,2,0.2,96,local,50,0.000651041667,0.0,0.043776524,0.0004560055
support_growth_hessian,12,2,0.2,96,local,51,0.000651041667,0.0,0.145842346,0.0015191911
support_growth_hessian,12,2,0.2,96,local,52,0.000651041667,0.0,0.159689702,0.0016634344
support_growth_hessian,12,2,0.2,96,local,53,0.000651041667,0.0,0.0433981924,0.0004520645
support_growth_hessian,12,2,0.2,96,local,54,0.000651041667,0.0,0.1448867031,0.0015092365
support_growth_hessian,12,2,0.2,96,local,55,0.000651041667,0.0,0.1582064265,0.0016479836
support_growth_hessian,12,2,0.2,96,local,56,0.000651041667,0.0,0.0430345157,0.0004482762
support_growth_hessian,12,2,0.2,96,local,57,0.000651041667,0.0,0.1439679882,0.0014996665
support_growth_hessian,12,2,0.2,96,local,58,0.000651041667,0.0,0.1567832542,0.0016331589
support_growth_hessian,12,2,0.2,96,local,59,0.000651041667,0.0,0.0426852396,0.0004446379
support_growth_hessian,12,2,0.2,96,local,60,0.000651041667,0.0,0.1430856622,0.0014904756
support_growth_hessian,12,2,0.2,96,local,61,0.000651041667,0.0,0.1554190419,0.0016189484
support_growth_hessian,12,2,0.2,96,local,62,0.000651041667,0.0,0.0423501208,0.0004411471
support_growth_hessian,12,2,0.2,96,local,63,0.000651041667,0.0,0.1422392085,0.0014816584
support_growth_hessian,12,2,0.2,96,local,64,0.000651041667,0.0,0.154112696,0.0016053406
support_growth_hessian,12,2,0.2,96,local,65,0.000651041667,0.0,0.0420289261,0.0004378013
support_growth_hessian,12,2,0.2,96,local,66,0.000651041667,0.0,0.141428133,0.0014732097
support_growth_hessian,12,2,0.2,96,local,67,0.000651041667,0.0,0.152863172,0.0015923247
support_growth_hessian,12,2,0.2,96,local,68,0.000651041667,0.0,0.0417214327,0.0004345983
support_growth_hessian,12,2,0.2,96,local,69,0.000651041667,0.0,0.1406519632,0.0014651246
support_growth_hessian,12,2,0.2,96,local,70,0.000651041667,0.0,0.1516694726,0.0015798903
support_growth_hessian,12,2,0.2,96,local,71,0.000651041667,0.0,0.0414274281,0.0004315357
support_growth_hessian,12,2,0.2,96,local,72,0.000651041667,0.0,0.139910248,0.0014573984
support_growth_hessian,12,2,0.2,96,local,73,0.000651041667,0.0,0.1505306475,0.0015680276
support_growth_hessian,12,2,0.2,96,local,74,0.000651041667,0.0,0.0411467118,0.0004286116
support_growth_hessian,12,2,0.2,96,local,75,0.000651041667,0.0,0.1392025574,0.0014500266
support_growth_hessian,12,2,0.2,96,local,76,0.000651041667,0.0,0.1494457915,0.001556727
support_growth_hessian,12,2,0.2,96,local,77,0.000651041667,0.0,0.0408790852,0.0004258238
support_growth_hessian,12,2,0.2,96,local,78,0.000651041667,0.0,0.138528482,0.001443005
support_growth_hessian,12,2,0.2,96,local,79,0.000651041667,0.0,0.1484140443,0.0015459796
support_growth_hessian,12,2,0.2,96,local,80,0.000651041667,0.0,0.0406243673,0.0004231705
support_growth_hessian,12,2,0.2,96,local,81,0.000651041667,0.0,0.1378876325,0.0014363295
support_growth_hessian,12,2,0.2,96,local,82,0.000651041667,0.0,0.1474345891,0.001535777
support_growth_hessian,12,2,0.2,96,local,83,0.000651041667,0.0,0.0403823833,0.0004206498
support_growth_hessian,12,2,0.2,96,local,84,0.000651041667,0.0,0.1372796399,0.0014299962
support_growth_hessian,12,2,0.2,96,local,85,0.000651041667,0.0,0.1465066521,0.001526111
support_growth_hessian,12,2,0.2,96,local,86,0.000651041667,0.0,0.0401529679,0.0004182601
support_growth_hessian,12,2,0.2,96,local,87,0.000651041667,0.0,0.1367041543,0.0014240016
support_growth_hessian,12,2,0.2,96,local,88,0.000651041667,0.0,0.1456295012,0.001516974
support_growth_hessian,12,2,0.2,96,local,89,0.000651041667,0.0,0.0399359642,0.0004159996
support_growth_hessian,12,2,0.2,96,local,90,0.000651041667,0.0,0.1361608455,0.0014183421
support_growth_hessian,12,2,0.2,96,local,91,0.000651041667,0.0,0.1448024458,0.0015083588
support_growth_hessian,12,2,0.2,96,local,92,0.000651041667,0.0,0.0397312233,0.0004138669
support_growth_hessian,12,2,0.2,96,local,93,0.000651041667,0.0,0.1356494021,0.0014130146
support_growth_hessian,12,2,0.2,96,local,94,0.000651041667,0.0,0.1440248354,0.0015002587
support_growth_hessian,12,2,0.2,96,local,95,0.000651041667,0.0,0.0395386083,0.0004118605
support_growth_hessian,12,2,0.2,96,local,96,0.000651041667,0.0,0.1351695316,0.001408016
support_growth_hessian,12,2,0.2,96,local,97,0.000651041667,0.0,0.1432960596,0.0014926673
support_growth_hessian,12,2,0.2,96,local,98,0.000651041667,0.0,0.0393579871,0.000409979
support_growth_hessian,12,2,0.2,96,local,99,0.000651041667,0.0,0.1347209598,0.0014033433
support_growth_hessian,12,2,0.2,96,local,100,0.000651041667,0.0,0.1426155471,0.0014855786
support_growth_hessian,12,2,0.2,96,local,101,0.000651041667,0.0,0.0391892374,0.0004082212
support_growth_hessian,12,2,0.2,96,local,102,0.000651041667,0.0,0.1343034309,0.0013989941
support_growth_hessian,12,2,0.2,96,local,103,0.000651041667,0.0,0.1419827651,0.0014789871
support_growth_hessian,12,2,0.2,96,local,104,0.000651041667,0.0,0.0390322449,0.0004065859
support_growth_hessian,12,2,0.2,96,local,105,0.000651041667,0.0,0.1339167071,0.0013949657
support_growth_hessian,12,2,0.2,96,local,106,0.000651041667,0.0,0.1413972187,0.0014728877
support_growth_hessian,12,2,0.2,96,local,107,0.000651041667,0.0,0.0388869033,0.0004050719
support_growth_hessian,12,2,0.2,96,local,108,0.000651041667,0.0,0.1335605683,0.0013912559
support_growth_hessian,12,2,0.2,96,local,109,0.000651041667,0.0,0.1408584507,0.0014672755
support_growth_hessian,12,2,0.2,96,local,110,0.000651041667,0.0,0.0387531147,0.0004036783
support_growth_hessian,12,2,0.2,96,local,111,0.000651041667,0.0,0.1332348123,0.0013878626
support_growth_hessian,12,2,0.2,96,local,112,0.000651041667,0.0,0.1403660406,0.0014621463
support_growth_hessian,12,2,0.2,96,local,113,0.000651041667,0.0,0.0386307889,0.0004024041
support_growth_hessian,12,2,0.2,96,local,114,0.000651041667,0.0,0.1329392542,0.0013847839
support_growth_hessian,12,2,0.2,96,local,115,0.000651041667,0.0,0.1399196047,0.0014574959
support_growth_hessian,12,2,0.2,96,local,116,0.000651041667,0.0,0.0385198434,0.0004012484
support_growth_hessian,12,2,0.2,96,local,117,0.000651041667,0.0,0.1326737263,0.001382018
support_growth_hessian,12,2,0.2,96,local,118,0.000651041667,0.0,0.1395187953,0.0014533208
support_growth_hessian,12,2,0.2,96,local,119,0.000651041667,0.0,0.0384202037,0.0004002105
support_growth_hessian,12,2,0.2,96,local,120,0.000651041667,0.0,0.1324380784,0.0013795633
support_growth_hessian,12,2,0.2,96,local,121,0.000651041667,0.0,0.1391633005,0.0014496177
support_growth_hessian,12,2,0.2,96,local,122,0.000651041667,0.0,0.0383318026,0.0003992896
support_growth_hessian,12,2,0.2,96,local,123,0.000651041667,0.0,0.1322321769,0.0013774185
support_growth_hessian,12,2,0.2,96,local,124,0.000651041667,0.0,0.1388528441,0.0014463838
support_growth_hessian,12,2,0.2,96,local,125,0.000651041667,0.0,0.0382545809,0.0003984852
support_growth_hessian,12,2,0.2,96,local,126,0.000651041667,0.0,0.1320559055,0.0013755823
support_growth_hessian,12,2,0.2,96,local,127,0.000651041667,0.0,0.1385871847,0.0014436165
support_growth_hessian,12,2,0.2,96,local,128,0.000651041667,0.0,0.0381884868,0.0003977967
support_growth_hessian,12,2,0.2,96,local,129,0.000651041667,0.0,0.1319091645,0.0013740538
support_growth_hessian,12,2,0.2,96,local,130,0.000651041667,0.0,0.138366116,0.0014413137
support_growth_hessian,12,2,0.2,96,local,131,0.000651041667,0.0,0.0381334758,0.0003972237
support_growth_hessian,12,2,0.2,96,local,132,0.000651041667,0.0,0.1317918709,0.001372832
support_growth_hessian,12,2,0.2,96,local,133,0.000651041667,0.0,0.1381894665,0.0014394736
support_growth_hessian,12,2,0.2,96,local,134,0.000651041667,0.0,0.0380895112,0.0003967657
support_growth_hessian,12,2,0.2,96,local,135,0.000651041667,0.0,0.1317039586,0.0013719162
support_growth_hessian,12,2,0.2,96,local,136,0.000651041667,0.0,0.1380570992,0.0014380948
support_growth_hessian,12,2,0.2,96,local,137,0.000651041667,0.0,0.0380565635,0.0003964225
support_growth_hessian,12,2,0.2,96,local,138,0.000651041667,0.0,0.131645378,0.001371306
support_growth_hessian,12,2,0.2,96,local,139,0.000651041667,0.0,0.1379689112,0.0014371762
support_growth_hessian,12,2,0.2,96,local,140,0.000651041667,0.0,0.0380346106,0.0003961939
support_growth_hessian,12,2,0.2,96,local,141,0.000651041667,0.0,0.1316160959,0.001371001
support_growth_hessian,12,2,0.2,96,local,142,0.000651041667,0.0,0.1379248343,0.001436717
support_growth_hessian,12,2,0.2,96,local,143,0.000651041667,0.0,0.0380236378,0.0003960796
support_growth_hessian,12,2,0.2,96,local,144,0.000651041667,0.0,0.1316160959,0.001371001
support_growth_hessian,12,2,0.2,96,local,145,0.000651041667,0.0,0.1379248343,0.001436717
support_growth_hessian,12,2,0.2,96,local,146,0.000651041667,0.0,0.0380236378,0.0003960796
support_growth_hessian,12,2,0.2,96,local,147,0.000651041667,0.0,0.131645378,0.001371306
support_growth_hessian,12,2,0.2,96,local,148,0.000651041667,0.0,0.1379689112,0.0014371762
support_growth_hessian,12,2,0.2,96,local,149,0.000651041667,0.0,0.0380346106,0.0003961939
support_growth_hessian,12,2,0.2,96,local,150,0.000651041667,0.0,0.1317039586,0.0013719162
support_growth_hessian,12,2,0.2,96,local,151,0.000651041667,0.0,0.1380570992,0.0014380948
support_growth_hessian,12,2,0.2,96,local,152,0.000651041667,0.0,0.0380565635,0.0003964225
support_growth_hessian,12,2,0.2,96,local,153,0.000651041667,0.0,0.1317918709,0.001372832
support_growth_hessian,12,2,0.2,96,local,154,0.000651041667,0.0,0.1381894665,0.0014394736
support_growth_hessian,12,2,0.2,96,local,155,0.000651041667,0.0,0.0380895112,0.0003967657
support_growth_hessian,12,2,0.2,96,local,156,0.000651041667,0.0,0.1319091644,0.0013740538
support_growth_hessian,12,2,0.2,96,local,157,0.000651041667,0.0,0.138366116,0.0014413137
support_growth_hessian,12,2,0.2,96,local,158,0.000651041667,0.0,0.0381334758,0.0003972237
support_growth_hessian,12,2,0.2,96,local,159,0.000651041667,0.0,0.1320559055,0.0013755823
support_growth_hessian,12,2,0.2,96,local,160,0.000651041667,0.0,0.1385871847,0.0014436165
support_growth_hessian,12,2,0.2,96,local,161,0.000651041667,0.0,0.0381884867,0.0003977967
support_growth_hessian,12,2,0.2,96,local,162,0.000651041667,0.0,0.1322321768,0.0013774185
support_growth_hessian,12,2,0.2,96,local,163,0.000651041667,0.0,0.1388528441,0.0014463838
support_growth_hessian,12,2,0.2,96,local,164,0.000651041667,0.0,0.0382545809,0.0003984852
support_growth_hessian,12,2,0.2,96,local,165,0.000651041667,0.0,0.1324380784,0.0013795633
support_growth_hessian,12,2,0.2,96,local,166,0.000651041667,0.0,0.1391633005,0.0014496177
support_growth_hessian,12,2,0.2,96,local,167,0.000651041667,0.0,0.0383318026,0.0003992896
support_growth_hessian,12,2,0.2,96,local,168,0.000651041667,0.0,0.1326737263,0.001382018
support_growth_hessian,12,2,0.2,96,local,169,0.000651041667,0.0,0.1395187953,0.0014533208
support_growth_hessian,12,2,0.2,96,local,170,0.000651041667,0.0,0.0384202037,0.0004002105
support_growth_hessian,12,2,0.2,96,local,171,0.000651041667,0.0,0.1329392542,0.0013847839
support_growth_hessian,12,2,0.2,96,local,172,0.000651041667,0.0,0.1399196047,0.0014574959
support_growth_hessian,12,2,0.2,96,local,173,0.000651041667,0.0,0.0385198435,0.0004012484
support_growth_hessian,12,2,0.2,96,local,174,0.000651041667,0.0,0.1332348123,0.0013878626
support_growth_hessian,12,2,0.2,96,local,175,0.000651041667,0.0,0.1403660406,0.0014621463
support_growth_hessian,12,2,0.2,96,local,176,0.000651041667,0.0,0.0386307889,0.0004024041
support_growth_hessian,12,2,0.2,96,local,177,0.000651041667,0.0,0.1335605683,0.0013912559
support_growth_hessian,12,2,0.2,96,local,178,0.000651041667,0.0,0.1408584506,0.0014672755
support_growth_hessian,12,2,0.2,96,local,179,0.000651041667,0.0,0.0387531147,0.0004036783
support_growth_hessian,12,2,0.2,96,local,180,0.000651041667,0.0,0.1339167071,0.0013949657
support_growth_hessian,12,2,0.2,96,local,181,0.000651041667,0.0,0.1413972187,0.0014728877
support_growth_hessian,12,2,0.2,96,local,182,0.000651041667,0.0,0.0388869033,0.0004050719
support_growth_hessian,12,2,0.2,96,local,183,0.000651041667,0.0,0.1343034309,0.0013989941
support_growth_hessian,12,2,0.2,96,local,184,0.000651041667,0.0,0.1419827651,0.0014789871
support_growth_hessian,12,2,0.2,96,local,185,0.000651041667,0.0,0.0390322448,0.0004065859
support_growth_hessian,12,2,0.2,96,local,186,0.000651041667,0.0,0.1347209598,0.0014033433
support_growth_hessian,12,2,0.2,96,local,187,0.000651041667,0.0,0.1426155471,0.0014855786
support_growth_hessian,12,2,0.2,96,local,188,0.000651041667,0.0,0.0391892374,0.0004082212
support_growth_hessian,12,2,0.2,96,local,189,0.000651041667,0.0,0.1351695316,0.001408016
support_growth_hessian,12,2,0.2,96,local,190,0.000651041667,0.0,0.1432960596,0.0014926673
support_growth_hessian,12,2,0.2,96,local,191,0.000651041667,0.0,0.0393579871,0.000409979
support_growth_hessian,12,2,0.2,96,local,192,0.000651041667,0.0,0.1356494021,0.0014130146
support_growth_hessian,12,2,0.2,96,local,193,0.000651041667,0.0,0.1440248354,0.0015002587
support_growth_hessian,12,2,0.2,96,local,194,0.000651041667,0.0,0.0395386082,0.0004118605
support_growth_hessian,12,2,0.2,96,local,195,0.000651041667,0.0,0.1361608455,0.0014183421
support_growth_hessian,12,2,0.2,96,local,196,0.000651041667,0.0,0.1448024457,0.0015083588
support_growth_hessian,12,2,0.2,96,local,197,0.000651041667,0.0,0.0397312232,0.0004138669
support_growth_hessian,12,2,0.2,96,local,198,0.000651041667,0.0,0.1367041543,0.0014240016
support_growth_hessian,12,2,0.2,96,local,199,0.000651041667,0.0,0.1456295012,0.001516974
support_growth_hessian,12,2,0.2,96,local,200,0.000651041667,0.0,0.0399359641,0.0004159996
support_growth_hessian,12,2,0.2,96,local,201,0.000651041667,0.0,0.1372796398,0.0014299962
support_growth_hessian,12,2,0.2,96,local,202,0.000651041667,0.0,0.1465066521,0.001526111
support_growth_hessian,12,2,0.2,96,local,203,0.000651041667,0.0,0.0401529678,0.0004182601
support_growth_hessian,12,2,0.2,96,local,204,0.000651041667,0.0,0.1378876326,0.0014363295
support_growth_hessian,12,2,0.2,96,local,205,0.000651041667,0.0,0.1474345891,0.001535777
support_growth_hessian,12,2,0.2,96,local,206,0.000651041667,0.0,0.0403823833,0.0004206498
support_growth_hessian,12,2,0.2,96,local,207,0.000651041667,0.0,0.138528482,0.001443005
support_growth_hessian,12,2,0.2,96,local,208,0.000651041667,0.0,0.1484140443,0.0015459796
support_growth_hessian,12,2,0.2,96,local,209,0.000651041667,0.0,0.0406243673,0.0004231705
support_growth_hessian,12,2,0.2,96,local,210,0.000651041667,0.0,0.1392025574,0.0014500266
support_growth_hessian,12,2,0.2,96,local,211,0.000651041667,0.0,0.1494457915,0.001556727
support_growth_hessian,12,2,0.2,96,local,212,0.000651041667,0.0,0.0408790852,0.0004258238
support_growth_hessian,12,2,0.2,96,local,213,0.000651041667,0.0,0.139910248,0.0014573984
support_growth_hessian,12,2,0.2,96,local,214,0.000651041667,0.0,0.1505306474,0.0015680276
support_growth_hessian,12,2,0.2,96,local,215,0.000651041667,0.0,0.0411467118,0.0004286116
support_growth_hessian,12,2,0.2,96,local,216,0.000651041667,0.0,0.1406519632,0.0014651246
support_growth_hessian,12,2,0.2,96,local,217,0.000651041667,0.0,0.1516694726,0.0015798903
support_growth_hessian,12,2,0.2,96,local,218,0.000651041667,0.0,0.0414274281,0.0004315357
support_growth_hessian,12,2,0.2,96,local,219,0.000651041667,0.0,0.141428133,0.0014732097
support_growth_hessian,12,2,0.2,96,local,220,0.000651041667,0.0,0.152863172,0.0015923247
support_growth_hessian,12,2,0.2,96,local,221,0.000651041667,0.0,0.0417214327,0.0004345983
support_growth_hessian,12,2,0.2,96,local,222,0.000651041667,0.0,0.1422392085,0.0014816584
support_growth_hessian,12,2,0.2,96,local,223,0.000651041667,0.0,0.154112696,0.0016053406
support_growth_hessian,12,2,0.2,96,local,224,0.000651041667,0.0,0.0420289261,0.0004378013
support_growth_hessian,12,2,0.2,96,local,225,0.000651041667,0.0,0.1430856622,0.0014904756
support_growth_hessian,12,2,0.2,96,local,226,0.000651041667,0.0,0.1554190419,0.0016189484
support_growth_hessian,12,2,0.2,96,local,227,0.000651041667,0.0,0.0423501208,0.0004411471
support_growth_hessian,12,2,0.2,96,local,228,0.000651041667,0.0,0.1439679882,0.0014996665
support_growth_hessian,12,2,0.2,96,local,229,0.000651041667,0.0,0.1567832542,0.0016331589
support_growth_hessian,12,2,0.2,96,local,230,0.000651041667,0.0,0.0426852396,0.0004446379
support_growth_hessian,12,2,0.2,96,local,231,0.000651041667,0.0,0.1448867031,0.0015092365
support_growth_hessian,12,2,0.2,96,local,232,0.000651041667,0.0,0.1582064265,0.0016479836
support_growth_hessian,12,2,0.2,96,local,233,0.000651041667,0.0,0.0430345157,0.0004482762
support_growth_hessian,12,2,0.2,96,local,234,0.000651041667,0.0,0.145842346,0.0015191911
support_growth_hessian,12,2,0.2,96,local,235,0.000651041667,0.0,0.159689702,0.0016634344
support_growth_hessian,12,2,0.2,96,local,236,0.000651041667,0.0,0.0433981924,0.0004520645
support_growth_hessian,12,2,0.2,96,local,237,0.000651041667,0.0,0.1468354794,0.0015295362
support_growth_hessian,12,2,0.2,96,local,238,0.000651041667,0.0,0.1612342754,0.0016795237
support_growth_hessian,12,2,0.2,96,local,239,0.000651041667,0.0,0.043776524,0.0004560055
support_growth_hessian,12,2,0.2,96,local,240,0.000651041667,0.0,0.1478666893,0.001540278
support_growth_hessian,12,2,0.2,96,local,241,0.000651041667,0.0,0.1628413936,0.0016962645
support_growth_hessian,12,2,0.2,96,local,242,0.000651041667,0.0,0.0441697759,0.0004601018
support_growth_hessian,12,2,0.2,96,local,243,0.000651041667,0.0,0.1489365857,0.0015514228
support_growth_hessian,12,2,0.2,96,local,244,0.000651041667,0.0,0.1645123573,0.0017136704
support_growth_hessian,12,2,0.2,96,local,245,0.000651041667,0.0,0.0445782244,0.0004643565
support_growth_hessian,12,2,0.2,96,local,246,0.000651041667,0.0,0.1500458038,0.0015629771
support_growth_hessian,12,2,0.2,96,local,247,0.000651041667,0.0,0.1662485224,0.0017317554
support_growth_hessian,12,2,0.2,96,local,248,0.000651041667,0.0,0.0450021576,0.0004687725
support_growth_hessian,12,2,0.2,96,local,249,0.000651041667,0.0,0.1511950038,0.001574948
support_growth_hessian,12,2,0.2,96,local,250,0.000651041667,0.0,0.1680513016,0.0017505344
support_growth_hessian,12,2,0.2,96,local,251,0.000651041667,0.0,0.0454418755,0.0004733529
support_growth_hessian,12,2,0.2,96,local,252,0.000651041667,0.0,0.1523848719,0.0015873424
support_growth_hessian,12,2,0.2,96,local,253,0.000651041667,0.0,0.1699221657,0.0017700226
support_growth_hessian,12,2,0.2,96,local,254,0.000651041667,0.0,0.04589769,0.0004781009
support_growth_hessian,12,2,0.2,96,local,255,0.000651041667,0.0,0.1536161208,0.0016001679
support_growth_hessian,12,2,0.2,96,local,256,0.000651041667,0.0,0.1718626454,0.0017902359
support_growth_hessian,12,2,0.2,96,local,257,0.000651041667,0.0,0.0463699256,0.0004830201
support_growth_hessian,12,2,0.2,96,local,258,0.000651041667,0.0,0.1548894904,0.0016134322
support_growth_hessian,12,2,0.2,96,local,259,0.000651041667,0.0,0.1738743328,0.001811191
support_growth_hessian,12,2,0.2,96,local,260,0.000651041667,0.0,0.0468589196,0.0004881137
support_growth_hessian,12,2,0.2,96,local,261,0.000651041667,0.0,0.1562057483,0.0016271432
support_growth_hessian,12,2,0.2,96,local,262,0.000651041667,0.0,0.1759588833,0.001832905
support_growth_hessian,12,2,0.2,96,local,263,0.000651041667,0.0,0.0473650225,0.0004933857
support_growth_hessian,12,2,0.2,96,local,264,0.000651041667,0.0,0.1575656906,0.0016413093
support_growth_hessian,12,2,0.2,96,local,265,0.000651041667,0.0,0.1781180174,0.001855396
support_growth_hessian,12,2,0.2,96,local,266,0.000651041667,0.0,0.047888598,0.0004988396
support_growth_hessian,12,2,0.2,96,local,267,0.000651041667,0.0,0.1589701429,0.001655939
support_growth_hessian,12,2,0.2,96,local,268,0.000651041667,0.0,0.1803535225,0.0018786825
support_growth_hessian,12,2,0.2,96,local,269,0.000651041667,0.0,0.0484300241,0.0005044794
support_growth_hessian,12,2,0.2,96,local,270,0.000651041667,0.0,0.1604199607,0.0016710413
support_growth_hessian,12,2,0.2,96,local,271,0.000651041667,0.0,0.1826672552,0.0019027839
support_growth_hessian,12,2,0.2,96,local,272,0.000651041667,0.0,0.0489896929,0.0005103093
support_growth_hessian,12,2,0.2,96,local,273,0.000651041667,0.0,0.16191603,0.0016866253
support_growth_hessian,12,2,0.2,96,local,274,0.000651041667,0.0,0.1850611427,0.0019277202
support_growth_hessian,12,2,0.2,96,local,275,0.000651041667,0.0,0.0495680109,0.0005163334
support_growth_hessian,12,2,0.2,96,local,276,0.000651041667,0.0,0.1634592689,0.0017027007
support_growth_hessian,12,2,0.2,96,local,277,0.000651041667,0.0,0.1875371858,0.0019535124
support_growth_hessian,12,2,0.2,96,local,278,0.000651041667,0.0,0.0501654001,0.0005225563
support_growth_hessian,12,2,0.2,96,local,279,0.000651041667,0.0,0.1650506275,0.0017192774
support_growth_hessian,12,2,0.2,96,local,280,0.000651041667,0.0,0.1900974604,0.0019801819
support_growth_hessian,12,2,0.2,96,local,281,0.000651041667,0.0,0.0507822978,0.0005289823
support_growth_hessian,12,2,0.2,96,local,282,0.000651041667,0.0,0.1666910895,0.0017363655
support_growth_hessian,12,2,0.2,96,local,283,0.000651041667,0.0,0.1927441203,0.0020077513
support_growth_hessian,12,2,0.2,96,local,284,0.000651041667,0.0,0.0514191576,0.0005356162
support_growth_hessian,12,2,0.2,96,local,285,0.000651041667,0.0,0.1683816727,0.0017539758
support_growth_hessian,12,2,0.2,96,local,286,0.000651041667,0.0,0.1954793995,0.0020362437
support_growth_hessian,12,2,0.2,96,local,287,0.000651041667,0.0,0.052076449,0.000542463
support_growth_hessian,12,2,0.2,96,collective,0,0.000651041667,0.0,12.5908718102,0.1311549147
support_growth_hessian,12,2,0.2,96,collective,1,0.000651041667,0.0,12.5378003408,0.1306020869
support_growth_hessian,12,2,0.2,96,collective,2,0.000651041667,0.0,3.5100646853,0.0365631738
support_growth_hessian,12,2,0.3,24,local,0,0.002604166667,0.0,0.1533748752,0.0063906198
support_growth_hessian,12,2,0.3,24,local,1,0.002604166667,0.0,0.1746597158,0.0072774882
support_growth_hessian,12,2,0.3,24,local,2,0.002604166667,0.0,0.0326524971,0.0013605207
support_growth_hessian,12,2,0.3,24,local,3,0.002604166667,0.0,0.1488890658,0.0062037111
support_growth_hessian,12,2,0.3,24,local,4,0.002604166667,0.0,0.1668228977,0.0069509541
support_growth_hessian,12,2,0.3,24,local,5,0.002604166667,0.0,0.0314125168,0.0013088549
support_growth_hessian,12,2,0.3,24,local,6,0.002604166667,0.0,0.1449038049,0.0060376585
support_growth_hessian,12,2,0.3,24,local,7,0.002604166667,0.0,0.1599186484,0.006663277
support_growth_hessian,12,2,0.3,24,local,8,0.002604166667,0.0,0.0303162924,0.0012631789
support_growth_hessian,12,2,0.3,24,local,9,0.002604166667,0.0,0.1413911138,0.0058912964
support_growth_hessian,12,2,0.3,24,local,10,0.002604166667,0.0,0.1538797271,0.0064116553
support_growth_hessian,12,2,0.3,24,local,11,0.002604166667,0.0,0.0293543842,0.0012230993
support_growth_hessian,12,2,0.3,24,local,12,0.002604166667,0.0,0.1383265698,0.0057636071
support_growth_hessian,12,2,0.3,24,local,13,0.002604166667,0.0,0.1486478544,0.0061936606
support_growth_hessian,12,2,0.3,24,local,14,0.002604166667,0.0,0.0285185912,0.0011882746
support_growth_hessian,12,2,0.3,24,local,15,0.002604166667,0.0,0.1356890533,0.0056537106
support_growth_hessian,12,2,0.3,24,local,16,0.002604166667,0.0,0.1441729581,0.0060072066
support_growth_hessian,12,2,0.3,24,local,17,0.002604166667,0.0,0.0278018527,0.0011584105
support_growth_hessian,12,2,0.3,24,local,18,0.002604166667,0.0,0.1334605301,0.0055608554
support_growth_hessian,12,2,0.3,24,local,19,0.002604166667,0.0,0.1404125293,0.0058505221
support_growth_hessian,12,2,0.3,24,local,20,0.002604166667,0.0,0.0271981628,0.0011332568
support_growth_hessian,12,2,0.3,24,local,21,0.002604166667,0.0,0.1316258672,0.0054844111
support_growth_hessian,12,2,0.3,24,local,22,0.002604166667,0.0,0.1373310801,0.0057221283
support_growth_hessian,12,2,0.3,24,local,23,0.002604166667,0.0,0.0267024991,0.0011126041
support_growth_hessian,12,2,0.3,24,local,24,0.002604166667,0.0,0.1301726797,0.0054238617
support_growth_hessian,12,2,0.3,24,local,25,0.002604166667,0.0,0.1348996939,0.0056208206
support_growth_hessian,12,2,0.3,24,local,26,0.002604166667,0.0,0.0263107633,0.0010962818
support_growth_hessian,12,2,0.3,24,local,27,0.002604166667,0.0,0.1290912051,0.0053788002
support_growth_hessian,12,2,0.3,24,local,28,0.002604166667,0.0,0.1330956607,0.0055456525
support_growth_hessian,12,2,0.3,24,local,29,0.002604166667,0.0,0.0260197329,0.0010841555
support_growth_hessian,12,2,0.3,24,local,30,0.002604166667,0.0,0.1283742058,0.0053489252
support_growth_hessian,12,2,0.3,24,local,31,0.002604166667,0.0,0.1319021918,0.0054959247
support_growth_hessian,12,2,0.3,24,local,32,0.002604166667,0.0,0.0258270231,0.001076126
support_growth_hessian,12,2,0.3,24,local,33,0.002604166667,0.0,0.1280168966,0.0053340374
support_growth_hessian,12,2,0.3,24,local,34,0.002604166667,0.0,0.1313082095,0.0054711754
support_growth_hessian,12,2,0.3,24,local,35,0.002604166667,0.0,0.0257310596,0.0010721275
support_growth_hessian,12,2,0.3,24,local,36,0.002604166667,0.0,0.1280168966,0.0053340374
support_growth_hessian,12,2,0.3,24,local,37,0.002604166667,0.0,0.1313082095,0.0054711754
support_growth_hessian,12,2,0.3,24,local,38,0.002604166667,0.0,0.0257310596,0.0010721275
support_growth_hessian,12,2,0.3,24,local,39,0.002604166667,0.0,0.1283742058,0.0053489252
support_growth_hessian,12,2,0.3,24,local,40,0.002604166667,0.0,0.1319021918,0.0054959247
support_growth_hessian,12,2,0.3,24,local,41,0.002604166667,0.0,0.0258270231,0.001076126
support_growth_hessian,12,2,0.3,24,local,42,0.002604166667,0.0,0.1290912051,0.0053788002
support_growth_hessian,12,2,0.3,24,local,43,0.002604166667,0.0,0.1330956607,0.0055456525
support_growth_hessian,12,2,0.3,24,local,44,0.002604166667,0.0,0.0260197329,0.0010841555
support_growth_hessian,12,2,0.3,24,local,45,0.002604166667,0.0,0.1301726797,0.0054238617
support_growth_hessian,12,2,0.3,24,local,46,0.002604166667,0.0,0.1348996939,0.0056208206
support_growth_hessian,12,2,0.3,24,local,47,0.002604166667,0.0,0.0263107633,0.0010962818
support_growth_hessian,12,2,0.3,24,local,48,0.002604166667,0.0,0.1316258672,0.0054844111
support_growth_hessian,12,2,0.3,24,local,49,0.002604166667,0.0,0.1373310801,0.0057221283
support_growth_hessian,12,2,0.3,24,local,50,0.002604166667,0.0,0.0267024991,0.0011126041
support_growth_hessian,12,2,0.3,24,local,51,0.002604166667,0.0,0.1334605301,0.0055608554
support_growth_hessian,12,2,0.3,24,local,52,0.002604166667,0.0,0.1404125293,0.0058505221
support_growth_hessian,12,2,0.3,24,local,53,0.002604166667,0.0,0.0271981628,0.0011332568
support_growth_hessian,12,2,0.3,24,local,54,0.002604166667,0.0,0.1356890533,0.0056537106
support_growth_hessian,12,2,0.3,24,local,55,0.002604166667,0.0,0.1441729581,0.0060072066
support_growth_hessian,12,2,0.3,24,local,56,0.002604166667,0.0,0.0278018527,0.0011584105
support_growth_hessian,12,2,0.3,24,local,57,0.002604166667,0.0,0.1383265698,0.0057636071
support_growth_hessian,12,2,0.3,24,local,58,0.002604166667,0.0,0.1486478544,0.0061936606
support_growth_hessian,12,2,0.3,24,local,59,0.002604166667,0.0,0.0285185912,0.0011882746
support_growth_hessian,12,2,0.3,24,local,60,0.002604166667,0.0,0.1413911138,0.0058912964
support_growth_hessian,12,2,0.3,24,local,61,0.002604166667,0.0,0.1538797271,0.0064116553
support_growth_hessian,12,2,0.3,24,local,62,0.002604166667,0.0,0.0293543842,0.0012230993
support_growth_hessian,12,2,0.3,24,local,63,0.002604166667,0.0,0.1449038049,0.0060376585
support_growth_hessian,12,2,0.3,24,local,64,0.002604166667,0.0,0.1599186484,0.006663277
support_growth_hessian,12,2,0.3,24,local,65,0.002604166667,0.0,0.0303162924,0.0012631789
support_growth_hessian,12,2,0.3,24,local,66,0.002604166667,0.0,0.1488890658,0.0062037111
support_growth_hessian,12,2,0.3,24,local,67,0.002604166667,0.0,0.1668228977,0.0069509541
support_growth_hessian,12,2,0.3,24,local,68,0.002604166667,0.0,0.0314125168,0.0013088549
support_growth_hessian,12,2,0.3,24,local,69,0.002604166667,0.0,0.1533748752,0.0063906198
support_growth_hessian,12,2,0.3,24,local,70,0.002604166667,0.0,0.1746597158,0.0072774882
support_growth_hessian,12,2,0.3,24,local,71,0.002604166667,0.0,0.0326524971,0.0013605207
support_growth_hessian,12,2,0.3,24,collective,0,0.002604166667,0.0,3.0654705809,0.1277279409
support_growth_hessian,12,2,0.3,24,collective,1,0.002604166667,0.0,3.0625476532,0.1276061522
support_growth_hessian,12,2,0.3,24,collective,2,0.002604166667,0.0,0.6053952713,0.025224803
support_growth_hessian,12,2,0.3,48,local,0,0.001302083333,0.0,0.1534313762,0.003196487
support_growth_hessian,12,2,0.3,48,local,1,0.001302083333,0.0,0.1746739018,0.0036390396
support_growth_hessian,12,2,0.3,48,local,2,0.001302083333,0.0,0.0326746809,0.0006807225
support_growth_hessian,12,2,0.3,48,local,3,0.001302083333,0.0,0.1511646376,0.0031492633
support_growth_hessian,12,2,0.3,48,local,4,0.001302083333,0.0,0.1707002674,0.0035562556
support_growth_hessian,12,2,0.3,48,local,5,0.001302083333,0.0,0.0320468857,0.0006676435
support_growth_hessian,12,2,0.3,48,local,6,0.001302083333,0.0,0.1490219207,0.0031046233
support_growth_hessian,12,2,0.3,48,local,7,0.001302083333,0.0,0.1669600683,0.0034783348
support_growth_hessian,12,2,0.3,48,local,8,0.001302083333,0.0,0.0314549277,0.000655311
support_growth_hessian,12,2,0.3,48,local,9,0.001302083333,0.0,0.1469995888,0.0030624914
support_growth_hessian,12,2,0.3,48,local,10,0.001302083333,0.0,0.1634445047,0.0034050938
support_growth_hessian,12,2,0.3,48,local,11,0.001302083333,0.0,0.030897574,0.0006436995
support_growth_hessian,12,2,0.3,48,local,12,0.001302083333,0.0,0.1450942272,0.0030227964
support_growth_hessian,12,2,0.3,48,local,13,0.001302083333,0.0,0.1601453454,0.0033363614
support_growth_hessian,12,2,0.3,48,local,14,0.001302083333,0.0,0.0303736704,0.0006327848
support_growth_hessian,12,2,0.3,48,local,15,0.001302083333,0.0,0.1433026347,0.0029854716
support_growth_hessian,12,2,0.3,48,local,16,0.001302083333,0.0,0.1570549016,0.0032719771
support_growth_hessian,12,2,0.3,48,local,17,0.001302083333,0.0,0.0298821371,0.0006225445
support_growth_hessian,12,2,0.3,48,local,18,0.001302083333,0.0,0.1416218156,0.0029504545
support_growth_hessian,12,2,0.3,48,local,19,0.001302083333,0.0,0.1541660031,0.0032117917
support_growth_hessian,12,2,0.3,48,local,20,0.001302083333,0.0,0.0294219663,0.0006129576
support_growth_hessian,12,2,0.3,48,local,21,0.001302083333,0.0,0.1400489724,0.0029176869
support_growth_hessian,12,2,0.3,48,local,22,0.001302083333,0.0,0.1514719761,0.0031556662
support_growth_hessian,12,2,0.3,48,local,23,0.001302083333,0.0,0.0289922187,0.0006040046
support_growth_hessian,12,2,0.3,48,local,24,0.001302083333,0.0,0.1385814983,0.0028871145
support_growth_hessian,12,2,0.3,48,local,25,0.001302083333,0.0,0.1489666225,0.0031034713
support_growth_hessian,12,2,0.3,48,local,26,0.001302083333,0.0,0.0285920212,0.0005956671
support_growth_hessian,12,2,0.3,48,local,27,0.001302083333,0.0,0.1372169715,0.0028586869
support_growth_hessian,12,2,0.3,48,local,28,0.001302083333,0.0,0.1466442004,0.0030550875
support_growth_hessian,12,2,0.3,48,local,29,0.001302083333,0.0,0.0282205641,0.0005879284
support_growth_hessian,12,2,0.3,48,local,30,0.001302083333,0.0,0.1359531486,0.0028323573
support_growth_hessian,12,2,0.3,48,local,31,0.001302083333,0.0,0.144499407,0.0030104043
support_growth_hessian,12,2,0.3,48,local,32,0.001302083333,0.0,0.027877099,0.0005807729
support_growth_hessian,12,2,0.3,48,local,33,0.001302083333,0.0,0.1347879595,0.0028080825
support_growth_hessian,12,2,0.3,48,local,34,0.001302083333,0.0,0.1425273621,0.00296932
support_growth_hessian,12,2,0.3,48,local,35,0.001302083333,0.0,0.0275609363,0.0005741862
support_growth_hessian,12,2,0.3,48,local,36,0.001302083333,0.0,0.1337195022,0.002785823
support_growth_hessian,12,2,0.3,48,local,37,0.001302083333,0.0,0.140723593,0.0029317415
support_growth_hessian,12,2,0.3,48,local,38,0.001302083333,0.0,0.0272714437,0.0005681551
support_growth_hessian,12,2,0.3,48,local,39,0.001302083333,0.0,0.132746038,0.0027655425
support_growth_hessian,12,2,0.3,48,local,40,0.001302083333,0.0,0.1390840213,0.0028975838
support_growth_hessian,12,2,0.3,48,local,41,0.001302083333,0.0,0.027008044,0.0005626676
support_growth_hessian,12,2,0.3,48,local,42,0.001302083333,0.0,0.1318659877,0.0027472081
support_growth_hessian,12,2,0.3,48,local,43,0.001302083333,0.0,0.1376049501,0.0028667698
support_growth_hessian,12,2,0.3,48,local,44,0.001302083333,0.0,0.0267702138,0.0005577128
support_growth_hessian,12,2,0.3,48,local,45,0.001302083333,0.0,0.1310779274,0.0027307902
support_growth_hessian,12,2,0.3,48,local,46,0.001302083333,0.0,0.1362830533,0.0028392303
support_growth_hessian,12,2,0.3,48,local,47,0.001302083333,0.0,0.0265574818,0.0005532809
support_growth_hessian,12,2,0.3,48,local,48,0.001302083333,0.0,0.130380585,0.0027162622
support_growth_hessian,12,2,0.3,48,local,49,0.001302083333,0.0,0.1351153648,0.0028149034
support_growth_hessian,12,2,0.3,48,local,50,0.001302083333,0.0,0.0263694274,0.0005493631
support_growth_hessian,12,2,0.3,48,local,51,0.001302083333,0.0,0.1297728374,0.0027036008
support_growth_hessian,12,2,0.3,48,local,52,0.001302083333,0.0,0.1340992704,0.0027937348
support_growth_hessian,12,2,0.3,48,local,53,0.001302083333,0.0,0.0262056796,0.0005459517
support_growth_hessian,12,2,0.3,48,local,54,0.001302083333,0.0,0.129253708,0.0026927856
support_growth_hessian,12,2,0.3,48,local,55,0.001302083333,0.0,0.1332324995,0.0027756771
support_growth_hessian,12,2,0.3,48,local,56,0.001302083333,0.0,0.0260659164,0.0005430399
support_growth_hessian,12,2,0.3,48,local,57,0.001302083333,0.0,0.1288223636,0.0026837992
support_growth_hessian,12,2,0.3,48,local,58,0.001302083333,0.0,0.1325131184,0.00276069
support_growth_hessian,12,2,0.3,48,local,59,0.001302083333,0.0,0.025949863,0.0005406221
support_growth_hessian,12,2,0.3,48,local,60,0.001302083333,0.0,0.1284781132,0.0026766274
support_growth_hessian,12,2,0.3,48,local,61,0.001302083333,0.0,0.1319395242,0.0027487401
support_growth_hessian,12,2,0.3,48,local,62,0.001302083333,0.0,0.0258572918,0.0005386936
support_growth_hessian,12,2,0.3,48,local,63,0.001302083333,0.0,0.1282204057,0.0026712585
support_growth_hessian,12,2,0.3,48,local,64,0.001302083333,0.0,0.1315104405,0.0027398008
support_growth_hessian,12,2,0.3,48,local,65,0.001302083333,0.0,0.0257880215,0.0005372504
support_growth_hessian,12,2,0.3,48,local,66,0.001302083333,0.0,0.1280488291,0.0026676839
support_growth_hessian,12,2,0.3,48,local,67,0.001302083333,0.0,0.1312249132,0.0027338524
support_growth_hessian,12,2,0.3,48,local,68,0.001302083333,0.0,0.0257419164,0.0005362899
support_growth_hessian,12,2,0.3,48,local,69,0.001302083333,0.0,0.1279631093,0.0026658981
support_growth_hessian,12,2,0.3,48,local,70,0.001302083333,0.0,0.131082308,0.0027308814
support_growth_hessian,12,2,0.3,48,local,71,0.001302083333,0.0,0.0257188863,0.0005358101
support_growth_hessian,12,2,0.3,48,local,72,0.001302083333,0.0,0.1279631093,0.0026658981
support_growth_hessian,12,2,0.3,48,local,73,0.001302083333,0.0,0.131082308,0.0027308814
support_growth_hessian,12,2,0.3,48,local,74,0.001302083333,0.0,0.0257188863,0.0005358101
support_growth_hessian,12,2,0.3,48,local,75,0.001302083333,0.0,0.1280488291,0.0026676839
support_growth_hessian,12,2,0.3,48,local,76,0.001302083333,0.0,0.1312249132,0.0027338524
support_growth_hessian,12,2,0.3,48,local,77,0.001302083333,0.0,0.0257419164,0.0005362899
support_growth_hessian,12,2,0.3,48,local,78,0.001302083333,0.0,0.1282204057,0.0026712585
support_growth_hessian,12,2,0.3,48,local,79,0.001302083333,0.0,0.1315104405,0.0027398008
support_growth_hessian,12,2,0.3,48,local,80,0.001302083333,0.0,0.0257880215,0.0005372504
support_growth_hessian,12,2,0.3,48,local,81,0.001302083333,0.0,0.1284781132,0.0026766274
support_growth_hessian,12,2,0.3,48,local,82,0.001302083333,0.0,0.1319395242,0.0027487401
support_growth_hessian,12,2,0.3,48,local,83,0.001302083333,0.0,0.0258572918,0.0005386936
support_growth_hessian,12,2,0.3,48,local,84,0.001302083333,0.0,0.1288223636,0.0026837992
support_growth_hessian,12,2,0.3,48,local,85,0.001302083333,0.0,0.1325131184,0.00276069
support_growth_hessian,12,2,0.3,48,local,86,0.001302083333,0.0,0.025949863,0.0005406221
support_growth_hessian,12,2,0.3,48,local,87,0.001302083333,0.0,0.129253708,0.0026927856
support_growth_hessian,12,2,0.3,48,local,88,0.001302083333,0.0,0.1332324995,0.0027756771
support_growth_hessian,12,2,0.3,48,local,89,0.001302083333,0.0,0.0260659164,0.0005430399
support_growth_hessian,12,2,0.3,48,local,90,0.001302083333,0.0,0.1297728375,0.0027036008
support_growth_hessian,12,2,0.3,48,local,91,0.001302083333,0.0,0.1340992704,0.0027937348
support_growth_hessian,12,2,0.3,48,local,92,0.001302083333,0.0,0.0262056796,0.0005459517
support_growth_hessian,12,2,0.3,48,local,93,0.001302083333,0.0,0.130380585,0.0027162622
support_growth_hessian,12,2,0.3,48,local,94,0.001302083333,0.0,0.1351153648,0.0028149034
support_growth_hessian,12,2,0.3,48,local,95,0.001302083333,0.0,0.0263694274,0.0005493631
support_growth_hessian,12,2,0.3,48,local,96,0.001302083333,0.0,0.1310779274,0.0027307902
support_growth_hessian,12,2,0.3,48,local,97,0.001302083333,0.0,0.1362830533,0.0028392303
support_growth_hessian,12,2,0.3,48,local,98,0.001302083333,0.0,0.0265574818,0.0005532809
support_growth_hessian,12,2,0.3,48,local,99,0.001302083333,0.0,0.1318659877,0.0027472081
support_growth_hessian,12,2,0.3,48,local,100,0.001302083333,0.0,0.1376049502,0.0028667698
support_growth_hessian,12,2,0.3,48,local,101,0.001302083333,0.0,0.0267702138,0.0005577128
support_growth_hessian,12,2,0.3,48,local,102,0.001302083333,0.0,0.132746038,0.0027655425
support_growth_hessian,12,2,0.3,48,local,103,0.001302083333,0.0,0.1390840213,0.0028975838
support_growth_hessian,12,2,0.3,48,local,104,0.001302083333,0.0,0.027008044,0.0005626676
support_growth_hessian,12,2,0.3,48,local,105,0.001302083333,0.0,0.1337195022,0.002785823
support_growth_hessian,12,2,0.3,48,local,106,0.001302083333,0.0,0.140723593,0.0029317415
support_growth_hessian,12,2,0.3,48,local,107,0.001302083333,0.0,0.0272714437,0.0005681551
support_growth_hessian,12,2,0.3,48,local,108,0.001302083333,0.0,0.1347879595,0.0028080825
support_growth_hessian,12,2,0.3,48,local,109,0.001302083333,0.0,0.1425273621,0.00296932
support_growth_hessian,12,2,0.3,48,local,110,0.001302083333,0.0,0.0275609363,0.0005741862
support_growth_hessian,12,2,0.3,48,local,111,0.001302083333,0.0,0.1359531486,0.0028323573
support_growth_hessian,12,2,0.3,48,local,112,0.001302083333,0.0,0.144499407,0.0030104043
support_growth_hessian,12,2,0.3,48,local,113,0.001302083333,0.0,0.0278770989,0.0005807729
support_growth_hessian,12,2,0.3,48,local,114,0.001302083333,0.0,0.1372169715,0.0028586869
support_growth_hessian,12,2,0.3,48,local,115,0.001302083333,0.0,0.1466442004,0.0030550875
support_growth_hessian,12,2,0.3,48,local,116,0.001302083333,0.0,0.0282205641,0.0005879284
support_growth_hessian,12,2,0.3,48,local,117,0.001302083333,0.0,0.1385814983,0.0028871145
support_growth_hessian,12,2,0.3,48,local,118,0.001302083333,0.0,0.1489666225,0.0031034713
support_growth_hessian,12,2,0.3,48,local,119,0.001302083333,0.0,0.0285920212,0.0005956671
support_growth_hessian,12,2,0.3,48,local,120,0.001302083333,0.0,0.1400489724,0.0029176869
support_growth_hessian,12,2,0.3,48,local,121,0.001302083333,0.0,0.1514719761,0.0031556662
support_growth_hessian,12,2,0.3,48,local,122,0.001302083333,0.0,0.0289922187,0.0006040046
support_growth_hessian,12,2,0.3,48,local,123,0.001302083333,0.0,0.1416218156,0.0029504545
support_growth_hessian,12,2,0.3,48,local,124,0.001302083333,0.0,0.1541660031,0.0032117917
support_growth_hessian,12,2,0.3,48,local,125,0.001302083333,0.0,0.0294219663,0.0006129576
support_growth_hessian,12,2,0.3,48,local,126,0.001302083333,0.0,0.1433026347,0.0029854716
support_growth_hessian,12,2,0.3,48,local,127,0.001302083333,0.0,0.1570549015,0.0032719771
support_growth_hessian,12,2,0.3,48,local,128,0.001302083333,0.0,0.0298821371,0.0006225445
support_growth_hessian,12,2,0.3,48,local,129,0.001302083333,0.0,0.1450942272,0.0030227964
support_growth_hessian,12,2,0.3,48,local,130,0.001302083333,0.0,0.1601453454,0.0033363614
support_growth_hessian,12,2,0.3,48,local,131,0.001302083333,0.0,0.0303736704,0.0006327848
support_growth_hessian,12,2,0.3,48,local,132,0.001302083333,0.0,0.1469995888,0.0030624914
support_growth_hessian,12,2,0.3,48,local,133,0.001302083333,0.0,0.1634445047,0.0034050938
support_growth_hessian,12,2,0.3,48,local,134,0.001302083333,0.0,0.030897574,0.0006436995
support_growth_hessian,12,2,0.3,48,local,135,0.001302083333,0.0,0.1490219207,0.0031046233
support_growth_hessian,12,2,0.3,48,local,136,0.001302083333,0.0,0.1669600683,0.0034783348
support_growth_hessian,12,2,0.3,48,local,137,0.001302083333,0.0,0.0314549277,0.000655311
support_growth_hessian,12,2,0.3,48,local,138,0.001302083333,0.0,0.1511646376,0.0031492633
support_growth_hessian,12,2,0.3,48,local,139,0.001302083333,0.0,0.1707002674,0.0035562556
support_growth_hessian,12,2,0.3,48,local,140,0.001302083333,0.0,0.0320468857,0.0006676435
support_growth_hessian,12,2,0.3,48,local,141,0.001302083333,0.0,0.1534313762,0.003196487
support_growth_hessian,12,2,0.3,48,local,142,0.001302083333,0.0,0.1746739018,0.0036390396
support_growth_hessian,12,2,0.3,48,local,143,0.001302083333,0.0,0.0326746809,0.0006807225
support_growth_hessian,12,2,0.3,48,collective,0,0.001302083333,0.0,6.130810556,0.1277252199
support_growth_hessian,12,2,0.3,48,collective,1,0.001302083333,0.0,6.1252323152,0.1276090066
support_growth_hessian,12,2,0.3,48,collective,2,0.001302083333,0.0,1.211781921,0.0252454567
support_growth_hessian,12,2,0.3,96,local,0,0.000651041667,0.0,0.1534592032,0.0015985334
support_growth_hessian,12,2,0.3,96,local,1,0.000651041667,0.0,0.1746819951,0.0018196041
support_growth_hessian,12,2,0.3,96,local,2,0.000651041667,0.0,0.0326855044,0.000340474
support_growth_hessian,12,2,0.3,96,local,3,0.000651041667,0.0,0.152320289,0.0015866697
support_growth_hessian,12,2,0.3,96,local,4,0.000651041667,0.0,0.1726820619,0.0017987715
support_growth_hessian,12,2,0.3,96,local,5,0.000651041667,0.0,0.0323697674,0.0003371851
support_growth_hessian,12,2,0.3,96,local,6,0.000651041667,0.0,0.1512122524,0.0015751276
support_growth_hessian,12,2,0.3,96,local,7,0.000651041667,0.0,0.1707405399,0.0017785473
support_growth_hessian,12,2,0.3,96,local,8,0.000651041667,0.0,0.0320629796,0.0003339894
support_growth_hessian,12,2,0.3,96,local,9,0.000651041667,0.0,0.1501346305,0.0015639024
support_growth_hessian,12,2,0.3,96,local,10,0.000651041667,0.0,0.1688563059,0.0017589199
support_growth_hessian,12,2,0.3,96,local,11,0.000651041667,0.0,0.0317649841,0.0003308853
support_growth_hessian,12,2,0.3,96,local,12,0.000651041667,0.0,0.1490869747,0.0015529893
support_growth_hessian,12,2,0.3,96,local,13,0.000651041667,0.0,0.1670282726,0.0017398778
support_growth_hessian,12,2,0.3,96,local,14,0.000651041667,0.0,0.0314756284,0.0003278711
support_growth_hessian,12,2,0.3,96,local,15,0.000651041667,0.0,0.14806885,0.0015423839
support_growth_hessian,12,2,0.3,96,local,16,0.000651041667,0.0,0.1652553874,0.0017214103
support_growth_hessian,12,2,0.3,96,local,17,0.000651041667,0.0,0.0311947652,0.0003249455
support_growth_hessian,12,2,0.3,96,local,18,0.000651041667,0.0,0.1470798346,0.0015320816
support_growth_hessian,12,2,0.3,96,local,19,0.000651041667,0.0,0.1635366322,0.0017035066
support_growth_hessian,12,2,0.3,96,local,20,0.000651041667,0.0,0.0309222517,0.0003221068
support_growth_hessian,12,2,0.3,96,local,21,0.000651041667,0.0,0.14611952,0.0015220783
support_growth_hessian,12,2,0.3,96,local,22,0.000651041667,0.0,0.1618710222,0.0016861565
support_growth_hessian,12,2,0.3,96,local,23,0.000651041667,0.0,0.0306579498,0.0003193536
support_growth_hessian,12,2,0.3,96,local,24,0.000651041667,0.0,0.1451875101,0.0015123699
support_growth_hessian,12,2,0.3,96,local,25,0.000651041667,0.0,0.1602576052,0.0016693501
support_growth_hessian,12,2,0.3,96,local,26,0.000651041667,0.0,0.0304017259,0.0003166846
support_growth_hessian,12,2,0.3,96,local,27,0.000651041667,0.0,0.1442834219,0.0015029523
support_growth_hessian,12,2,0.3,96,local,28,0.000651041667,0.0,0.158695461,0.0016530777
support_growth_hessian,12,2,0.3,96,local,29,0.000651041667,0.0,0.0301534507,0.0003140984
support_growth_hessian,12,2,0.3,96,local,30,0.000651041667,0.0,0.1434068845,0.0014938217
support_growth_hessian,12,2,0.3,96,local,31,0.000651041667,0.0,0.1571837005,0.0016373302
support_growth_hessian,12,2,0.3,96,local,32,0.000651041667,0.0,0.0299129994,0.0003115937
support_growth_hessian,12,2,0.3,96,local,33,0.000651041667,0.0,0.1425575391,0.0014849744
support_growth_hessian,12,2,0.3,96,local,34,0.000651041667,0.0,0.1557214653,0.0016220986
support_growth_hessian,12,2,0.3,96,local,35,0.000651041667,0.0,0.0296802512,0.0003091693
support_growth_hessian,12,2,0.3,96,local,36,0.000651041667,0.0,0.141735039,0.0014764067
support_growth_hessian,12,2,0.3,96,local,37,0.000651041667,0.0,0.1543079268,0.0016073742
support_growth_hessian,12,2,0.3,96,local,38,0.000651041667,0.0,0.0294550896,0.0003068238
support_growth_hessian,12,2,0.3,96,local,39,0.000651041667,0.0,0.140939049,0.0014681151
support_growth_hessian,12,2,0.3,96,local,40,0.000651041667,0.0,0.1529422857,0.0015931488
support_growth_hessian,12,2,0.3,96,local,41,0.000651041667,0.0,0.0292374021,0.0003045563
support_growth_hessian,12,2,0.3,96,local,42,0.000651041667,0.0,0.1401692455,0.0014600963
support_growth_hessian,12,2,0.3,96,local,43,0.000651041667,0.0,0.1516237711,0.0015794143
support_growth_hessian,12,2,0.3,96,local,44,0.000651041667,0.0,0.0290270803,0.0003023654
support_growth_hessian,12,2,0.3,96,local,45,0.000651041667,0.0,0.1394253164,0.001452347
support_growth_hessian,12,2,0.3,96,local,46,0.000651041667,0.0,0.1503516407,0.0015661629
support_growth_hessian,12,2,0.3,96,local,47,0.000651041667,0.0,0.0288240195,0.0003002502
support_growth_hessian,12,2,0.3,96,local,48,0.000651041667,0.0,0.1387069602,0.0014448642
support_growth_hessian,12,2,0.3,96,local,49,0.000651041667,0.0,0.1491251793,0.0015533873
support_growth_hessian,12,2,0.3,96,local,50,0.000651041667,0.0,0.0286281189,0.0002982096
support_growth_hessian,12,2,0.3,96,local,51,0.000651041667,0.0,0.1380138868,0.0014376447
support_growth_hessian,12,2,0.3,96,local,52,0.000651041667,0.0,0.1479436986,0.0015410802
support_growth_hessian,12,2,0.3,96,local,53,0.000651041667,0.0,0.0284392814,0.0002962425
support_growth_hessian,12,2,0.3,96,local,54,0.000651041667,0.0,0.1373458168,0.0014306856
support_growth_hessian,12,2,0.3,96,local,55,0.000651041667,0.0,0.1468065372,0.0015292348
support_growth_hessian,12,2,0.3,96,local,56,0.000651041667,0.0,0.0282574138,0.0002943481
support_growth_hessian,12,2,0.3,96,local,57,0.000651041667,0.0,0.136702481,0.0014239842
support_growth_hessian,12,2,0.3,96,local,58,0.000651041667,0.0,0.1457130591,0.0015178444
support_growth_hessian,12,2,0.3,96,local,59,0.000651041667,0.0,0.0280824262,0.0002925253
support_growth_hessian,12,2,0.3,96,local,60,0.000651041667,0.0,0.1360836213,0.0014175377
support_growth_hessian,12,2,0.3,96,local,61,0.000651041667,0.0,0.1446626543,0.0015069026
support_growth_hessian,12,2,0.3,96,local,62,0.000651041667,0.0,0.0279142326,0.0002907733
support_growth_hessian,12,2,0.3,96,local,63,0.000651041667,0.0,0.1354889892,0.0014113436
support_growth_hessian,12,2,0.3,96,local,64,0.000651041667,0.0,0.1436547375,0.0014964035
support_growth_hessian,12,2,0.3,96,local,65,0.000651041667,0.0,0.0277527503,0.0002890911
support_growth_hessian,12,2,0.3,96,local,66,0.000651041667,0.0,0.1349183467,0.0014053994
support_growth_hessian,12,2,0.3,96,local,67,0.000651041667,0.0,0.142688748,0.0014863411
support_growth_hessian,12,2,0.3,96,local,68,0.000651041667,0.0,0.0275979001,0.0002874781
support_growth_hessian,12,2,0.3,96,local,69,0.000651041667,0.0,0.1343714658,0.0013997028
support_growth_hessian,12,2,0.3,96,local,70,0.000651041667,0.0,0.1417641494,0.0014767099
support_growth_hessian,12,2,0.3,96,local,71,0.000651041667,0.0,0.027449606,0.0002859334
support_growth_hessian,12,2,0.3,96,local,72,0.000651041667,0.0,0.1338481281,0.0013942513
support_growth_hessian,12,2,0.3,96,local,73,0.000651041667,0.0,0.1408804289,0.0014675045
support_growth_hessian,12,2,0.3,96,local,74,0.000651041667,0.0,0.0273077955,0.0002844562
support_growth_hessian,12,2,0.3,96,local,75,0.000651041667,0.0,0.1333481252,0.001389043
support_growth_hessian,12,2,0.3,96,local,76,0.000651041667,0.0,0.1400370973,0.0014587198
support_growth_hessian,12,2,0.3,96,local,77,0.000651041667,0.0,0.0271723996,0.0002830458
support_growth_hessian,12,2,0.3,96,local,78,0.000651041667,0.0,0.1328712581,0.0013840756
support_growth_hessian,12,2,0.3,96,local,79,0.000651041667,0.0,0.1392336883,0.0014503509
support_growth_hessian,12,2,0.3,96,local,80,0.000651041667,0.0,0.027043352,0.0002817016
support_growth_hessian,12,2,0.3,96,local,81,0.000651041667,0.0,0.1324173372,0.0013793473
support_growth_hessian,12,2,0.3,96,local,82,0.000651041667,0.0,0.1384697582,0.0014423933
support_growth_hessian,12,2,0.3,96,local,83,0.000651041667,0.0,0.0269205901,0.0002804228
support_growth_hessian,12,2,0.3,96,local,84,0.000651041667,0.0,0.1319861827,0.0013748561
support_growth_hessian,12,2,0.3,96,local,85,0.000651041667,0.0,0.1377448857,0.0014348426
support_growth_hessian,12,2,0.3,96,local,86,0.000651041667,0.0,0.0268040542,0.0002792089
support_growth_hessian,12,2,0.3,96,local,87,0.000651041667,0.0,0.1315776233,0.0013706002
support_growth_hessian,12,2,0.3,96,local,88,0.000651041667,0.0,0.1370586717,0.0014276945
support_growth_hessian,12,2,0.3,96,local,89,0.000651041667,0.0,0.0266936876,0.0002780592
support_growth_hessian,12,2,0.3,96,local,90,0.000651041667,0.0,0.1311914977,0.0013665781
support_growth_hessian,12,2,0.3,96,local,91,0.000651041667,0.0,0.1364107384,0.0014209452
support_growth_hessian,12,2,0.3,96,local,92,0.000651041667,0.0,0.0265894369,0.0002769733
support_growth_hessian,12,2,0.3,96,local,93,0.000651041667,0.0,0.1308276531,0.0013627881
support_growth_hessian,12,2,0.3,96,local,94,0.000651041667,0.0,0.1358007301,0.0014145909
support_growth_hessian,12,2,0.3,96,local,95,0.000651041667,0.0,0.0264912517,0.0002759505
support_growth_hessian,12,2,0.3,96,local,96,0.000651041667,0.0,0.1304859458,0.0013592286
support_growth_hessian,12,2,0.3,96,local,97,0.000651041667,0.0,0.1352283118,0.0014086282
support_growth_hessian,12,2,0.3,96,local,98,0.000651041667,0.0,0.0263990843,0.0002749905
support_growth_hessian,12,2,0.3,96,local,99,0.000651041667,0.0,0.130166241,0.0013558983
support_growth_hessian,12,2,0.3,96,local,100,0.000651041667,0.0,0.1346931696,0.0014030538
support_growth_hessian,12,2,0.3,96,local,101,0.000651041667,0.0,0.0263128904,0.0002740926
support_growth_hessian,12,2,0.3,96,local,102,0.000651041667,0.0,0.1298684129,0.001352796
support_growth_hessian,12,2,0.3,96,local,103,0.000651041667,0.0,0.1341950103,0.0013978647
support_growth_hessian,12,2,0.3,96,local,104,0.000651041667,0.0,0.0262326283,0.0002732565
support_growth_hessian,12,2,0.3,96,local,105,0.000651041667,0.0,0.129592344,0.0013499202
support_growth_hessian,12,2,0.3,96,local,106,0.000651041667,0.0,0.1337335612,0.0013930579
support_growth_hessian,12,2,0.3,96,local,107,0.000651041667,0.0,0.0261582593,0.0002724819
support_growth_hessian,12,2,0.3,96,local,108,0.000651041667,0.0,0.1293379258,0.0013472701
support_growth_hessian,12,2,0.3,96,local,109,0.000651041667,0.0,0.1333085701,0.0013886309
support_growth_hessian,12,2,0.3,96,local,110,0.000651041667,0.0,0.0260897476,0.0002717682
support_growth_hessian,12,2,0.3,96,local,111,0.000651041667,0.0,0.1291050584,0.0013448444
support_growth_hessian,12,2,0.3,96,local,112,0.000651041667,0.0,0.1329198046,0.0013845813
support_growth_hessian,12,2,0.3,96,local,113,0.000651041667,0.0,0.0260270602,0.0002711152
support_growth_hessian,12,2,0.3,96,local,114,0.000651041667,0.0,0.1288936501,0.0013426422
support_growth_hessian,12,2,0.3,96,local,115,0.000651041667,0.0,0.1325670524,0.0013809068
support_growth_hessian,12,2,0.3,96,local,116,0.000651041667,0.0,0.0259701671,0.0002705226
support_growth_hessian,12,2,0.3,96,local,117,0.000651041667,0.0,0.128703618,0.0013406627
support_growth_hessian,12,2,0.3,96,local,118,0.000651041667,0.0,0.132250121,0.0013776054
support_growth_hessian,12,2,0.3,96,local,119,0.000651041667,0.0,0.0259190407,0.00026999
support_growth_hessian,12,2,0.3,96,local,120,0.000651041667,0.0,0.1285348878,0.0013389051
support_growth_hessian,12,2,0.3,96,local,121,0.000651041667,0.0,0.1319688376,0.0013746754
support_growth_hessian,12,2,0.3,96,local,122,0.000651041667,0.0,0.0258736566,0.0002695173
support_growth_hessian,12,2,0.3,96,local,123,0.000651041667,0.0,0.128387393,0.0013373687
support_growth_hessian,12,2,0.3,96,local,124,0.000651041667,0.0,0.1317230488,0.0013721151
support_growth_hessian,12,2,0.3,96,local,125,0.000651041667,0.0,0.025833993,0.0002691041
support_growth_hessian,12,2,0.3,96,local,126,0.000651041667,0.0,0.1282610761,0.0013360529
support_growth_hessian,12,2,0.3,96,local,127,0.000651041667,0.0,0.1315126207,0.0013699231
support_growth_hessian,12,2,0.3,96,local,128,0.000651041667,0.0,0.0258000309,0.0002687503
support_growth_hessian,12,2,0.3,96,local,129,0.000651041667,0.0,0.1281558874,0.0013349572
support_growth_hessian,12,2,0.3,96,local,130,0.000651041667,0.0,0.1313374386,0.0013680983
support_growth_hessian,12,2,0.3,96,local,131,0.000651041667,0.0,0.025771754,0.0002684558
support_growth_hessian,12,2,0.3,96,local,132,0.000651041667,0.0,0.1280717859,0.0013340811
support_growth_hessian,12,2,0.3,96,local,133,0.000651041667,0.0,0.1311974072,0.0013666397
support_growth_hessian,12,2,0.3,96,local,134,0.000651041667,0.0,0.0257491486,0.0002682203
support_growth_hessian,12,2,0.3,96,local,135,0.000651041667,0.0,0.1280087384,0.0013334244
support_growth_hessian,12,2,0.3,96,local,136,0.000651041667,0.0,0.1310924503,0.0013655464
support_growth_hessian,12,2,0.3,96,local,137,0.000651041667,0.0,0.0257322041,0.0002680438
support_growth_hessian,12,2,0.3,96,local,138,0.000651041667,0.0,0.1279667205,0.0013329867
support_growth_hessian,12,2,0.3,96,local,139,0.000651041667,0.0,0.1310225108,0.0013648178
support_growth_hessian,12,2,0.3,96,local,140,0.000651041667,0.0,0.0257209123,0.0002679262
support_growth_hessian,12,2,0.3,96,local,141,0.000651041667,0.0,0.1279457156,0.0013327679
support_growth_hessian,12,2,0.3,96,local,142,0.000651041667,0.0,0.1309875505,0.0013644537
support_growth_hessian,12,2,0.3,96,local,143,0.000651041667,0.0,0.0257152678,0.0002678674
support_growth_hessian,12,2,0.3,96,local,144,0.000651041667,0.0,0.1279457157,0.0013327679
support_growth_hessian,12,2,0.3,96,local,145,0.000651041667,0.0,0.1309875505,0.0013644537
support_growth_hessian,12,2,0.3,96,local,146,0.000651041667,0.0,0.0257152677,0.0002678674
support_growth_hessian,12,2,0.3,96,local,147,0.000651041667,0.0,0.1279667205,0.0013329867
support_growth_hessian,12,2,0.3,96,local,148,0.000651041667,0.0,0.1310225108,0.0013648178
support_growth_hessian,12,2,0.3,96,local,149,0.000651041667,0.0,0.0257209123,0.0002679262
support_growth_hessian,12,2,0.3,96,local,150,0.000651041667,0.0,0.1280087385,0.0013334244
support_growth_hessian,12,2,0.3,96,local,151,0.000651041667,0.0,0.1310924504,0.0013655464
support_growth_hessian,12,2,0.3,96,local,152,0.000651041667,0.0,0.0257322041,0.0002680438
support_growth_hessian,12,2,0.3,96,local,153,0.000651041667,0.0,0.1280717859,0.0013340811
support_growth_hessian,12,2,0.3,96,local,154,0.000651041667,0.0,0.1311974073,0.0013666397
support_growth_hessian,12,2,0.3,96,local,155,0.000651041667,0.0,0.0257491486,0.0002682203
support_growth_hessian,12,2,0.3,96,local,156,0.000651041667,0.0,0.1281558874,0.0013349572
support_growth_hessian,12,2,0.3,96,local,157,0.000651041667,0.0,0.1313374386,0.0013680983
support_growth_hessian,12,2,0.3,96,local,158,0.000651041667,0.0,0.025771754,0.0002684558
support_growth_hessian,12,2,0.3,96,local,159,0.000651041667,0.0,0.1282610761,0.0013360529
support_growth_hessian,12,2,0.3,96,local,160,0.000651041667,0.0,0.1315126207,0.0013699231
support_growth_hessian,12,2,0.3,96,local,161,0.000651041667,0.0,0.0258000309,0.0002687503
support_growth_hessian,12,2,0.3,96,local,162,0.000651041667,0.0,0.128387393,0.0013373687
support_growth_hessian,12,2,0.3,96,local,163,0.000651041667,0.0,0.1317230488,0.0013721151
support_growth_hessian,12,2,0.3,96,local,164,0.000651041667,0.0,0.025833993,0.0002691041
support_growth_hessian,12,2,0.3,96,local,165,0.000651041667,0.0,0.1285348878,0.0013389051
support_growth_hessian,12,2,0.3,96,local,166,0.000651041667,0.0,0.1319688376,0.0013746754
support_growth_hessian,12,2,0.3,96,local,167,0.000651041667,0.0,0.0258736566,0.0002695173
support_growth_hessian,12,2,0.3,96,local,168,0.000651041667,0.0,0.128703618,0.0013406627
support_growth_hessian,12,2,0.3,96,local,169,0.000651041667,0.0,0.132250121,0.0013776054
support_growth_hessian,12,2,0.3,96,local,170,0.000651041667,0.0,0.0259190407,0.00026999
support_growth_hessian,12,2,0.3,96,local,171,0.000651041667,0.0,0.1288936501,0.0013426422
support_growth_hessian,12,2,0.3,96,local,172,0.000651041667,0.0,0.1325670525,0.0013809068
support_growth_hessian,12,2,0.3,96,local,173,0.000651041667,0.0,0.0259701671,0.0002705226
support_growth_hessian,12,2,0.3,96,local,174,0.000651041667,0.0,0.1291050583,0.0013448444
support_growth_hessian,12,2,0.3,96,local,175,0.000651041667,0.0,0.1329198046,0.0013845813
support_growth_hessian,12,2,0.3,96,local,176,0.000651041667,0.0,0.0260270602,0.0002711152
support_growth_hessian,12,2,0.3,96,local,177,0.000651041667,0.0,0.1293379258,0.0013472701
support_growth_hessian,12,2,0.3,96,local,178,0.000651041667,0.0,0.1333085701,0.0013886309
support_growth_hessian,12,2,0.3,96,local,179,0.000651041667,0.0,0.0260897476,0.0002717682
support_growth_hessian,12,2,0.3,96,local,180,0.000651041667,0.0,0.129592344,0.0013499202
support_growth_hessian,12,2,0.3,96,local,181,0.000651041667,0.0,0.1337335613,0.0013930579
support_growth_hessian,12,2,0.3,96,local,182,0.000651041667,0.0,0.0261582593,0.0002724819
support_growth_hessian,12,2,0.3,96,local,183,0.000651041667,0.0,0.1298684129,0.001352796
support_growth_hessian,12,2,0.3,96,local,184,0.000651041667,0.0,0.1341950103,0.0013978647
support_growth_hessian,12,2,0.3,96,local,185,0.000651041667,0.0,0.0262326283,0.0002732565
support_growth_hessian,12,2,0.3,96,local,186,0.000651041667,0.0,0.1301662411,0.0013558983
support_growth_hessian,12,2,0.3,96,local,187,0.000651041667,0.0,0.1346931696,0.0014030538
support_growth_hessian,12,2,0.3,96,local,188,0.000651041667,0.0,0.0263128904,0.0002740926
support_growth_hessian,12,2,0.3,96,local,189,0.000651041667,0.0,0.1304859458,0.0013592286
support_growth_hessian,12,2,0.3,96,local,190,0.000651041667,0.0,0.1352283117,0.0014086282
support_growth_hessian,12,2,0.3,96,local,191,0.000651041667,0.0,0.0263990843,0.0002749905
support_growth_hessian,12,2,0.3,96,local,192,0.000651041667,0.0,0.1308276532,0.0013627881
support_growth_hessian,12,2,0.3,96,local,193,0.000651041667,0.0,0.1358007301,0.0014145909
support_growth_hessian,12,2,0.3,96,local,194,0.000651041667,0.0,0.0264912517,0.0002759505
support_growth_hessian,12,2,0.3,96,local,195,0.000651041667,0.0,0.1311914977,0.0013665781
support_growth_hessian,12,2,0.3,96,local,196,0.000651041667,0.0,0.1364107384,0.0014209452
support_growth_hessian,12,2,0.3,96,local,197,0.000651041667,0.0,0.0265894369,0.0002769733
support_growth_hessian,12,2,0.3,96,local,198,0.000651041667,0.0,0.1315776233,0.0013706002
support_growth_hessian,12,2,0.3,96,local,199,0.000651041667,0.0,0.1370586716,0.0014276945
support_growth_hessian,12,2,0.3,96,local,200,0.000651041667,0.0,0.0266936877,0.0002780592
support_growth_hessian,12,2,0.3,96,local,201,0.000651041667,0.0,0.1319861827,0.0013748561
support_growth_hessian,12,2,0.3,96,local,202,0.000651041667,0.0,0.1377448857,0.0014348426
support_growth_hessian,12,2,0.3,96,local,203,0.000651041667,0.0,0.0268040542,0.0002792089
support_growth_hessian,12,2,0.3,96,local,204,0.000651041667,0.0,0.1324173372,0.0013793473
support_growth_hessian,12,2,0.3,96,local,205,0.000651041667,0.0,0.1384697581,0.0014423933
support_growth_hessian,12,2,0.3,96,local,206,0.000651041667,0.0,0.0269205901,0.0002804228
support_growth_hessian,12,2,0.3,96,local,207,0.000651041667,0.0,0.1328712581,0.0013840756
support_growth_hessian,12,2,0.3,96,local,208,0.000651041667,0.0,0.1392336883,0.0014503509
support_growth_hessian,12,2,0.3,96,local,209,0.000651041667,0.0,0.027043352,0.0002817016
support_growth_hessian,12,2,0.3,96,local,210,0.000651041667,0.0,0.1333481252,0.001389043
support_growth_hessian,12,2,0.3,96,local,211,0.000651041667,0.0,0.1400370973,0.0014587198
support_growth_hessian,12,2,0.3,96,local,212,0.000651041667,0.0,0.0271723995,0.0002830458
support_growth_hessian,12,2,0.3,96,local,213,0.000651041667,0.0,0.1338481281,0.0013942513
support_growth_hessian,12,2,0.3,96,local,214,0.000651041667,0.0,0.1408804289,0.0014675045
support_growth_hessian,12,2,0.3,96,local,215,0.000651041667,0.0,0.0273077955,0.0002844562
support_growth_hessian,12,2,0.3,96,local,216,0.000651041667,0.0,0.1343714658,0.0013997028
support_growth_hessian,12,2,0.3,96,local,217,0.000651041667,0.0,0.1417641494,0.0014767099
support_growth_hessian,12,2,0.3,96,local,218,0.000651041667,0.0,0.027449606,0.0002859334
support_growth_hessian,12,2,0.3,96,local,219,0.000651041667,0.0,0.1349183467,0.0014053994
support_growth_hessian,12,2,0.3,96,local,220,0.000651041667,0.0,0.142688748,0.0014863411
support_growth_hessian,12,2,0.3,96,local,221,0.000651041667,0.0,0.0275979001,0.0002874781
support_growth_hessian,12,2,0.3,96,local,222,0.000651041667,0.0,0.1354889892,0.0014113436
support_growth_hessian,12,2,0.3,96,local,223,0.000651041667,0.0,0.1436547375,0.0014964035
support_growth_hessian,12,2,0.3,96,local,224,0.000651041667,0.0,0.0277527503,0.0002890911
support_growth_hessian,12,2,0.3,96,local,225,0.000651041667,0.0,0.1360836213,0.0014175377
support_growth_hessian,12,2,0.3,96,local,226,0.000651041667,0.0,0.1446626543,0.0015069026
support_growth_hessian,12,2,0.3,96,local,227,0.000651041667,0.0,0.0279142326,0.0002907733
support_growth_hessian,12,2,0.3,96,local,228,0.000651041667,0.0,0.136702481,0.0014239842
support_growth_hessian,12,2,0.3,96,local,229,0.000651041667,0.0,0.1457130591,0.0015178444
support_growth_hessian,12,2,0.3,96,local,230,0.000651041667,0.0,0.0280824262,0.0002925253
support_growth_hessian,12,2,0.3,96,local,231,0.000651041667,0.0,0.1373458167,0.0014306856
support_growth_hessian,12,2,0.3,96,local,232,0.000651041667,0.0,0.1468065372,0.0015292348
support_growth_hessian,12,2,0.3,96,local,233,0.000651041667,0.0,0.0282574138,0.0002943481
support_growth_hessian,12,2,0.3,96,local,234,0.000651041667,0.0,0.1380138868,0.0014376447
support_growth_hessian,12,2,0.3,96,local,235,0.000651041667,0.0,0.1479436986,0.0015410802
support_growth_hessian,12,2,0.3,96,local,236,0.000651041667,0.0,0.0284392814,0.0002962425
support_growth_hessian,12,2,0.3,96,local,237,0.000651041667,0.0,0.1387069602,0.0014448642
support_growth_hessian,12,2,0.3,96,local,238,0.000651041667,0.0,0.1491251792,0.0015533873
support_growth_hessian,12,2,0.3,96,local,239,0.000651041667,0.0,0.0286281189,0.0002982096
support_growth_hessian,12,2,0.3,96,local,240,0.000651041667,0.0,0.1394253164,0.001452347
support_growth_hessian,12,2,0.3,96,local,241,0.000651041667,0.0,0.1503516407,0.0015661629
support_growth_hessian,12,2,0.3,96,local,242,0.000651041667,0.0,0.0288240195,0.0003002502
support_growth_hessian,12,2,0.3,96,local,243,0.000651041667,0.0,0.1401692456,0.0014600963
support_growth_hessian,12,2,0.3,96,local,244,0.000651041667,0.0,0.1516237711,0.0015794143
support_growth_hessian,12,2,0.3,96,local,245,0.000651041667,0.0,0.0290270803,0.0003023654
support_growth_hessian,12,2,0.3,96,local,246,0.000651041667,0.0,0.140939049,0.0014681151
support_growth_hessian,12,2,0.3,96,local,247,0.000651041667,0.0,0.1529422857,0.0015931488
support_growth_hessian,12,2,0.3,96,local,248,0.000651041667,0.0,0.0292374021,0.0003045563
support_growth_hessian,12,2,0.3,96,local,249,0.000651041667,0.0,0.141735039,0.0014764067
support_growth_hessian,12,2,0.3,96,local,250,0.000651041667,0.0,0.1543079268,0.0016073742
support_growth_hessian,12,2,0.3,96,local,251,0.000651041667,0.0,0.0294550896,0.0003068239
support_growth_hessian,12,2,0.3,96,local,252,0.000651041667,0.0,0.1425575391,0.0014849744
support_growth_hessian,12,2,0.3,96,local,253,0.000651041667,0.0,0.1557214653,0.0016220986
support_growth_hessian,12,2,0.3,96,local,254,0.000651041667,0.0,0.0296802512,0.0003091693
support_growth_hessian,12,2,0.3,96,local,255,0.000651041667,0.0,0.1434068845,0.0014938217
support_growth_hessian,12,2,0.3,96,local,256,0.000651041667,0.0,0.1571837006,0.0016373302
support_growth_hessian,12,2,0.3,96,local,257,0.000651041667,0.0,0.0299129994,0.0003115937
support_growth_hessian,12,2,0.3,96,local,258,0.000651041667,0.0,0.1442834219,0.0015029523
support_growth_hessian,12,2,0.3,96,local,259,0.000651041667,0.0,0.158695461,0.0016530777
support_growth_hessian,12,2,0.3,96,local,260,0.000651041667,0.0,0.0301534507,0.0003140984
support_growth_hessian,12,2,0.3,96,local,261,0.000651041667,0.0,0.1451875102,0.0015123699
support_growth_hessian,12,2,0.3,96,local,262,0.000651041667,0.0,0.1602576052,0.0016693501
support_growth_hessian,12,2,0.3,96,local,263,0.000651041667,0.0,0.0304017259,0.0003166846
support_growth_hessian,12,2,0.3,96,local,264,0.000651041667,0.0,0.14611952,0.0015220783
support_growth_hessian,12,2,0.3,96,local,265,0.000651041667,0.0,0.1618710222,0.0016861565
support_growth_hessian,12,2,0.3,96,local,266,0.000651041667,0.0,0.0306579498,0.0003193536
support_growth_hessian,12,2,0.3,96,local,267,0.000651041667,0.0,0.1470798346,0.0015320816
support_growth_hessian,12,2,0.3,96,local,268,0.000651041667,0.0,0.1635366322,0.0017035066
support_growth_hessian,12,2,0.3,96,local,269,0.000651041667,0.0,0.0309222517,0.0003221068
support_growth_hessian,12,2,0.3,96,local,270,0.000651041667,0.0,0.14806885,0.0015423839
support_growth_hessian,12,2,0.3,96,local,271,0.000651041667,0.0,0.1652553874,0.0017214103
support_growth_hessian,12,2,0.3,96,local,272,0.000651041667,0.0,0.0311947652,0.0003249455
support_growth_hessian,12,2,0.3,96,local,273,0.000651041667,0.0,0.1490869747,0.0015529893
support_growth_hessian,12,2,0.3,96,local,274,0.000651041667,0.0,0.1670282726,0.0017398778
support_growth_hessian,12,2,0.3,96,local,275,0.000651041667,0.0,0.0314756284,0.0003278711
support_growth_hessian,12,2,0.3,96,local,276,0.000651041667,0.0,0.1501346305,0.0015639024
support_growth_hessian,12,2,0.3,96,local,277,0.000651041667,0.0,0.1688563059,0.0017589199
support_growth_hessian,12,2,0.3,96,local,278,0.000651041667,0.0,0.031764984,0.0003308853
support_growth_hessian,12,2,0.3,96,local,279,0.000651041667,0.0,0.1512122524,0.0015751276
support_growth_hessian,12,2,0.3,96,local,280,0.000651041667,0.0,0.1707405399,0.0017785473
support_growth_hessian,12,2,0.3,96,local,281,0.000651041667,0.0,0.0320629796,0.0003339894
support_growth_hessian,12,2,0.3,96,local,282,0.000651041667,0.0,0.152320289,0.0015866697
support_growth_hessian,12,2,0.3,96,local,283,0.000651041667,0.0,0.1726820619,0.0017987715
support_growth_hessian,12,2,0.3,96,local,284,0.000651041667,0.0,0.0323697674,0.0003371851
support_growth_hessian,12,2,0.3,96,local,285,0.000651041667,0.0,0.1534592032,0.0015985334
support_growth_hessian,12,2,0.3,96,local,286,0.000651041667,0.0,0.1746819951,0.0018196041
support_growth_hessian,12,2,0.3,96,local,287,0.000651041667,0.0,0.0326855044,0.000340474
support_growth_hessian,12,2,0.3,96,collective,0,0.000651041667,0.0,12.2614905175,0.1277238596
support_growth_hessian,12,2,0.3,96,collective,1,0.000651041667,0.0,12.2505915623,0.1276103288
support_growth_hessian,12,2,0.3,96,collective,2,0.000651041667,0.0,2.4245174028,0.0252553896
support_growth_hessian,12,2,0.5,24,local,0,0.002604166667,0.0,0.141632361,0.0059013484
support_growth_hessian,12,2,0.5,24,local,1,0.002604166667,0.0,0.155710497,0.0064879374
support_growth_hessian,12,2,0.5,24,local,2,0.002604166667,0.0,0.0182449476,0.0007602061
support_growth_hessian,12,2,0.5,24,local,3,0.002604166667,0.0,0.1389456866,0.0057894036
support_growth_hessian,12,2,0.5,24,local,4,0.002604166667,0.0,0.1507298032,0.0062804085
support_growth_hessian,12,2,0.5,24,local,5,0.002604166667,0.0,0.017775753,0.0007406564
support_growth_hessian,12,2,0.5,24,local,6,0.002604166667,0.0,0.1365378699,0.0056890779
support_growth_hessian,12,2,0.5,24,local,7,0.002604166667,0.0,0.1462919084,0.0060954962
support_growth_hessian,12,2,0.5,24,local,8,0.002604166667,0.0,0.0173567811,0.0007231992
support_growth_hessian,12,2,0.5,24,local,9,0.002604166667,0.0,0.1343986799,0.005599945
support_growth_hessian,12,2,0.5,24,local,10,0.002604166667,0.0,0.1423699691,0.005932082
support_growth_hessian,12,2,0.5,24,local,11,0.002604166667,0.0,0.0169857805,0.0007077409
support_growth_hessian,12,2,0.5,24,local,12,0.002604166667,0.0,0.1325190817,0.0055216284
support_growth_hessian,12,2,0.5,24,local,13,0.002604166667,0.0,0.1389403999,0.0057891833
support_growth_hessian,12,2,0.5,24,local,14,0.002604166667,0.0,0.0166607702,0.0006941988
support_growth_hessian,12,2,0.5,24,local,15,0.002604166667,0.0,0.1308911803,0.0054537992
support_growth_hessian,12,2,0.5,24,local,16,0.002604166667,0.0,0.1359826848,0.0056659452
support_growth_hessian,12,2,0.5,24,local,17,0.002604166667,0.0,0.016380025,0.000682501
support_growth_hessian,12,2,0.5,24,local,18,0.002604166667,0.0,0.1295081711,0.0053961738
support_growth_hessian,12,2,0.5,24,local,19,0.002604166667,0.0,0.1334792132,0.0055616339
support_growth_hessian,12,2,0.5,24,local,20,0.002604166667,0.0,0.0161420617,0.0006725859
support_growth_hessian,12,2,0.5,24,local,21,0.002604166667,0.0,0.1283642975,0.0053485124
support_growth_hessian,12,2,0.5,24,local,22,0.002604166667,0.0,0.1314151404,0.0054756309
support_growth_hessian,12,2,0.5,24,local,23,0.002604166667,0.0,0.0159456293,0.0006644012
support_growth_hessian,12,2,0.5,24,local,24,0.002604166667,0.0,0.1274548158,0.0053106173
support_growth_hessian,12,2,0.5,24,local,25,0.002604166667,0.0,0.12977827,0.0054074279
support_growth_hessian,12,2,0.5,24,local,26,0.002604166667,0.0,0.0157896985,0.0006579041
support_growth_hessian,12,2,0.5,24,local,27,0.002604166667,0.0,0.126775965,0.0052823319
support_growth_hessian,12,2,0.5,24,local,28,0.002604166667,0.0,0.1285589579,0.0053566232
support_growth_hessian,12,2,0.5,24,local,29,0.002604166667,0.0,0.0156734552,0.0006530606
support_growth_hessian,12,2,0.5,24,local,30,0.002604166667,0.0,0.1263249449,0.0052635394
support_growth_hessian,12,2,0.5,24,local,31,0.002604166667,0.0,0.1277500364,0.0053229182
support_growth_hessian,12,2,0.5,24,local,32,0.002604166667,0.0,0.0155962938,0.0006498456
support_growth_hessian,12,2,0.5,24,local,33,0.002604166667,0.0,0.1260998978,0.0052541624
support_growth_hessian,12,2,0.5,24,local,34,0.002604166667,0.0,0.1273467579,0.0053061149
support_growth_hessian,12,2,0.5,24,local,35,0.002604166667,0.0,0.0155578131,0.0006482422
support_growth_hessian,12,2,0.5,24,local,36,0.002604166667,0.0,0.1260998978,0.0052541624
support_growth_hessian,12,2,0.5,24,local,37,0.002604166667,0.0,0.1273467579,0.0053061149
support_growth_hessian,12,2,0.5,24,local,38,0.002604166667,0.0,0.0155578131,0.0006482422
support_growth_hessian,12,2,0.5,24,local,39,0.002604166667,0.0,0.1263249449,0.0052635394
support_growth_hessian,12,2,0.5,24,local,40,0.002604166667,0.0,0.1277500364,0.0053229182
support_growth_hessian,12,2,0.5,24,local,41,0.002604166667,0.0,0.0155962938,0.0006498456
support_growth_hessian,12,2,0.5,24,local,42,0.002604166667,0.0,0.126775965,0.0052823319
support_growth_hessian,12,2,0.5,24,local,43,0.002604166667,0.0,0.1285589579,0.0053566232
support_growth_hessian,12,2,0.5,24,local,44,0.002604166667,0.0,0.0156734552,0.0006530606
support_growth_hessian,12,2,0.5,24,local,45,0.002604166667,0.0,0.1274548158,0.0053106173
support_growth_hessian,12,2,0.5,24,local,46,0.002604166667,0.0,0.12977827,0.0054074279
support_growth_hessian,12,2,0.5,24,local,47,0.002604166667,0.0,0.0157896985,0.0006579041
support_growth_hessian,12,2,0.5,24,local,48,0.002604166667,0.0,0.1283642975,0.0053485124
support_growth_hessian,12,2,0.5,24,local,49,0.002604166667,0.0,0.1314151404,0.0054756309
support_growth_hessian,12,2,0.5,24,local,50,0.002604166667,0.0,0.0159456293,0.0006644012
support_growth_hessian,12,2,0.5,24,local,51,0.002604166667,0.0,0.1295081711,0.0053961738
support_growth_hessian,12,2,0.5,24,local,52,0.002604166667,0.0,0.1334792132,0.0055616339
support_growth_hessian,12,2,0.5,24,local,53,0.002604166667,0.0,0.0161420617,0.0006725859
support_growth_hessian,12,2,0.5,24,local,54,0.002604166667,0.0,0.1308911803,0.0054537992
support_growth_hessian,12,2,0.5,24,local,55,0.002604166667,0.0,0.1359826848,0.0056659452
support_growth_hessian,12,2,0.5,24,local,56,0.002604166667,0.0,0.016380025,0.000682501
support_growth_hessian,12,2,0.5,24,local,57,0.002604166667,0.0,0.1325190817,0.0055216284
support_growth_hessian,12,2,0.5,24,local,58,0.002604166667,0.0,0.1389403999,0.0057891833
support_growth_hessian,12,2,0.5,24,local,59,0.002604166667,0.0,0.0166607702,0.0006941988
support_growth_hessian,12,2,0.5,24,local,60,0.002604166667,0.0,0.1343986799,0.005599945
support_growth_hessian,12,2,0.5,24,local,61,0.002604166667,0.0,0.1423699691,0.005932082
support_growth_hessian,12,2,0.5,24,local,62,0.002604166667,0.0,0.0169857805,0.0007077409
support_growth_hessian,12,2,0.5,24,local,63,0.002604166667,0.0,0.1365378699,0.0056890779
support_growth_hessian,12,2,0.5,24,local,64,0.002604166667,0.0,0.1462919084,0.0060954962
support_growth_hessian,12,2,0.5,24,local,65,0.002604166667,0.0,0.0173567811,0.0007231992
support_growth_hessian,12,2,0.5,24,local,66,0.002604166667,0.0,0.1389456866,0.0057894036
support_growth_hessian,12,2,0.5,24,local,67,0.002604166667,0.0,0.1507298032,0.0062804085
support_growth_hessian,12,2,0.5,24,local,68,0.002604166667,0.0,0.017775753,0.0007406564
support_growth_hessian,12,2,0.5,24,local,69,0.002604166667,0.0,0.141632361,0.0059013484
support_growth_hessian,12,2,0.5,24,local,70,0.002604166667,0.0,0.155710497,0.0064879374
support_growth_hessian,12,2,0.5,24,local,71,0.002604166667,0.0,0.0182449476,0.0007602061
support_growth_hessian,12,2,0.5,24,collective,0,0.002604166667,0.0,3.0235623955,0.1259817665
support_growth_hessian,12,2,0.5,24,collective,1,0.002604166667,0.0,3.0231745412,0.1259656059
support_growth_hessian,12,2,0.5,24,collective,2,0.002604166667,0.0,0.3706238718,0.0154426613
support_growth_hessian,12,2,0.5,48,local,0,0.001302083333,0.0,0.141650517,0.0029510524
support_growth_hessian,12,2,0.5,48,local,1,0.001302083333,0.0,0.1557132162,0.0032440253
support_growth_hessian,12,2,0.5,48,local,2,0.001302083333,0.0,0.0182498737,0.0003802057
support_growth_hessian,12,2,0.5,48,local,3,0.001302083333,0.0,0.1402979265,0.0029228735
support_growth_hessian,12,2,0.5,48,local,4,0.001302083333,0.0,0.1532001004,0.0031916688
support_growth_hessian,12,2,0.5,48,local,5,0.001302083333,0.0,0.0180133352,0.0003752778
support_growth_hessian,12,2,0.5,48,local,6,0.001302083333,0.0,0.1390135896,0.0028961164
support_growth_hessian,12,2,0.5,48,local,7,0.001302083333,0.0,0.1508208725,0.0031421015
support_growth_hessian,12,2,0.5,48,local,8,0.001302083333,0.0,0.0177891498,0.0003706073
support_growth_hessian,12,2,0.5,48,local,9,0.001302083333,0.0,0.1377961918,0.002870754
support_growth_hessian,12,2,0.5,48,local,10,0.001302083333,0.0,0.1485720671,0.0030952514
support_growth_hessian,12,2,0.5,48,local,11,0.001302083333,0.0,0.0175770274,0.0003661881
support_growth_hessian,12,2,0.5,48,local,12,0.001302083333,0.0,0.1366444913,0.0028467602
support_growth_hessian,12,2,0.5,48,local,13,0.001302083333,0.0,0.1464504189,0.0030510504
support_growth_hessian,12,2,0.5,48,local,14,0.001302083333,0.0,0.0173766942,0.0003620145
support_growth_hessian,12,2,0.5,48,local,15,0.001302083333,0.0,0.1355573168,0.0028241108
support_growth_hessian,12,2,0.5,48,local,16,0.001302083333,0.0,0.1444528564,0.0030094345
support_growth_hessian,12,2,0.5,48,local,17,0.001302083333,0.0,0.0171878926,0.0003580811
support_growth_hessian,12,2,0.5,48,local,18,0.001302083333,0.0,0.1345335658,0.0028027826
support_growth_hessian,12,2,0.5,48,local,19,0.001302083333,0.0,0.1425764959,0.0029703437
support_growth_hessian,12,2,0.5,48,local,20,0.001302083333,0.0,0.0170103806,0.0003543829
support_growth_hessian,12,2,0.5,48,local,21,0.001302083333,0.0,0.1335722032,0.0027827542
support_growth_hessian,12,2,0.5,48,local,22,0.001302083333,0.0,0.1408186362,0.0029337216
support_growth_hessian,12,2,0.5,48,local,23,0.001302083333,0.0,0.0168439313,0.0003509152
support_growth_hessian,12,2,0.5,48,local,24,0.001302083333,0.0,0.1326722597,0.0027640054
support_growth_hessian,12,2,0.5,48,local,25,0.001302083333,0.0,0.1391767531,0.0028995157
support_growth_hessian,12,2,0.5,48,local,26,0.001302083333,0.0,0.0166883325,0.0003476736
support_growth_hessian,12,2,0.5,48,local,27,0.001302083333,0.0,0.1318328302,0.0027465173
support_growth_hessian,12,2,0.5,48,local,28,0.001302083333,0.0,0.1376484948,0.002867677
support_growth_hessian,12,2,0.5,48,local,29,0.001302083333,0.0,0.0165433863,0.0003446539
support_growth_hessian,12,2,0.5,48,local,30,0.001302083333,0.0,0.1310530722,0.0027302723
support_growth_hessian,12,2,0.5,48,local,31,0.001302083333,0.0,0.1362316772,0.0028381599
support_growth_hessian,12,2,0.5,48,local,32,0.001302083333,0.0,0.016408909,0.0003418523
support_growth_hessian,12,2,0.5,48,local,33,0.001302083333,0.0,0.1303322053,0.0027152543
support_growth_hessian,12,2,0.5,48,local,34,0.001302083333,0.0,0.1349242801,0.0028109225
support_growth_hessian,12,2,0.5,48,local,35,0.001302083333,0.0,0.0162847306,0.0003392652
support_growth_hessian,12,2,0.5,48,local,36,0.001302083333,0.0,0.1296695092,0.0027014481
support_growth_hessian,12,2,0.5,48,local,37,0.001302083333,0.0,0.1337244429,0.0027859259
support_growth_hessian,12,2,0.5,48,local,38,0.001302083333,0.0,0.0161706941,0.0003368895
support_growth_hessian,12,2,0.5,48,local,39,0.001302083333,0.0,0.1290643233,0.0026888401
support_growth_hessian,12,2,0.5,48,local,40,0.001302083333,0.0,0.1326304615,0.0027631346
support_growth_hessian,12,2,0.5,48,local,41,0.001302083333,0.0,0.0160666561,0.000334722
support_growth_hessian,12,2,0.5,48,local,42,0.001302083333,0.0,0.1285160451,0.0026774176
support_growth_hessian,12,2,0.5,48,local,43,0.001302083333,0.0,0.1316407847,0.0027425163
support_growth_hessian,12,2,0.5,48,local,44,0.001302083333,0.0,0.0159724856,0.0003327601
support_growth_hessian,12,2,0.5,48,local,45,0.001302083333,0.0,0.1280241301,0.0026671694
support_growth_hessian,12,2,0.5,48,local,46,0.001302083333,0.0,0.1307540116,0.0027240419
support_growth_hessian,12,2,0.5,48,local,47,0.001302083333,0.0,0.0158880646,0.0003310013
support_growth_hessian,12,2,0.5,48,local,48,0.001302083333,0.0,0.12758809,0.0026580852
support_growth_hessian,12,2,0.5,48,local,49,0.001302083333,0.0,0.1299688886,0.0027076852
support_growth_hessian,12,2,0.5,48,local,50,0.001302083333,0.0,0.0158132872,0.0003294435
support_growth_hessian,12,2,0.5,48,local,51,0.001302083333,0.0,0.127207493,0.0026501561
support_growth_hessian,12,2,0.5,48,local,52,0.001302083333,0.0,0.1292843076,0.0026934231
support_growth_hessian,12,2,0.5,48,local,53,0.001302083333,0.0,0.0157480598,0.0003280846
support_growth_hessian,12,2,0.5,48,local,54,0.001302083333,0.0,0.1268819624,0.0026433742
support_growth_hessian,12,2,0.5,48,local,55,0.001302083333,0.0,0.1286993032,0.0026812355
support_growth_hessian,12,2,0.5,48,local,56,0.001302083333,0.0,0.0156923009,0.0003269229
support_growth_hessian,12,2,0.5,48,local,57,0.001302083333,0.0,0.1266111763,0.0026377328
support_growth_hessian,12,2,0.5,48,local,58,0.001302083333,0.0,0.1282130514,0.0026711052
support_growth_hessian,12,2,0.5,48,local,59,0.001302083333,0.0,0.015645941,0.0003259571
support_growth_hessian,12,2,0.5,48,local,60,0.001302083333,0.0,0.1263948674,0.0026332264
support_growth_hessian,12,2,0.5,48,local,61,0.001302083333,0.0,0.1278248677,0.0026630181
support_growth_hessian,12,2,0.5,48,local,62,0.001302083333,0.0,0.0156089221,0.0003251859
support_growth_hessian,12,2,0.5,48,local,63,0.001302083333,0.0,0.1262328221,0.0026298505
support_growth_hessian,12,2,0.5,48,local,64,0.001302083333,0.0,0.1275342064,0.0026569626
support_growth_hessian,12,2,0.5,48,local,65,0.001302083333,0.0,0.0155811983,0.0003246083
support_growth_hessian,12,2,0.5,48,local,66,0.001302083333,0.0,0.1261248806,0.0026276017
support_growth_hessian,12,2,0.5,48,local,67,0.001302083333,0.0,0.1273406587,0.0026529304
support_growth_hessian,12,2,0.5,48,local,68,0.001302083333,0.0,0.0155627349,0.0003242236
support_growth_hessian,12,2,0.5,48,local,69,0.001302083333,0.0,0.1260709364,0.0026264778
support_growth_hessian,12,2,0.5,48,local,70,0.001302083333,0.0,0.1272439528,0.0026509157
support_growth_hessian,12,2,0.5,48,local,71,0.001302083333,0.0,0.0155535089,0.0003240314
support_growth_hessian,12,2,0.5,48,local,72,0.001302083333,0.0,0.1260709364,0.0026264778
support_growth_hessian,12,2,0.5,48,local,73,0.001302083333,0.0,0.1272439528,0.0026509157
support_growth_hessian,12,2,0.5,48,local,74,0.001302083333,0.0,0.0155535089,0.0003240314
support_growth_hessian,12,2,0.5,48,local,75,0.001302083333,0.0,0.1261248806,0.0026276017
support_growth_hessian,12,2,0.5,48,local,76,0.001302083333,0.0,0.1273406587,0.0026529304
support_growth_hessian,12,2,0.5,48,local,77,0.001302083333,0.0,0.0155627349,0.0003242236
support_growth_hessian,12,2,0.5,48,local,78,0.001302083333,0.0,0.1262328221,0.0026298505
support_growth_hessian,12,2,0.5,48,local,79,0.001302083333,0.0,0.1275342064,0.0026569626
support_growth_hessian,12,2,0.5,48,local,80,0.001302083333,0.0,0.0155811983,0.0003246083
support_growth_hessian,12,2,0.5,48,local,81,0.001302083333,0.0,0.1263948674,0.0026332264
support_growth_hessian,12,2,0.5,48,local,82,0.001302083333,0.0,0.1278248677,0.0026630181
support_growth_hessian,12,2,0.5,48,local,83,0.001302083333,0.0,0.0156089221,0.0003251859
support_growth_hessian,12,2,0.5,48,local,84,0.001302083333,0.0,0.1266111763,0.0026377328
support_growth_hessian,12,2,0.5,48,local,85,0.001302083333,0.0,0.1282130514,0.0026711052
support_growth_hessian,12,2,0.5,48,local,86,0.001302083333,0.0,0.015645941,0.0003259571
support_growth_hessian,12,2,0.5,48,local,87,0.001302083333,0.0,0.1268819624,0.0026433742
support_growth_hessian,12,2,0.5,48,local,88,0.001302083333,0.0,0.1286993032,0.0026812355
support_growth_hessian,12,2,0.5,48,local,89,0.001302083333,0.0,0.0156923009,0.0003269229
support_growth_hessian,12,2,0.5,48,local,90,0.001302083333,0.0,0.127207493,0.0026501561
support_growth_hessian,12,2,0.5,48,local,91,0.001302083333,0.0,0.1292843076,0.0026934231
support_growth_hessian,12,2,0.5,48,local,92,0.001302083333,0.0,0.0157480598,0.0003280846
support_growth_hessian,12,2,0.5,48,local,93,0.001302083333,0.0,0.12758809,0.0026580852
support_growth_hessian,12,2,0.5,48,local,94,0.001302083333,0.0,0.1299688886,0.0027076852
support_growth_hessian,12,2,0.5,48,local,95,0.001302083333,0.0,0.0158132872,0.0003294435
support_growth_hessian,12,2,0.5,48,local,96,0.001302083333,0.0,0.12802413,0.0026671694
support_growth_hessian,12,2,0.5,48,local,97,0.001302083333,0.0,0.1307540115,0.0027240419
support_growth_hessian,12,2,0.5,48,local,98,0.001302083333,0.0,0.0158880646,0.0003310013
support_growth_hessian,12,2,0.5,48,local,99,0.001302083333,0.0,0.1285160451,0.0026774176
support_growth_hessian,12,2,0.5,48,local,100,0.001302083333,0.0,0.1316407847,0.0027425163
support_growth_hessian,12,2,0.5,48,local,101,0.001302083333,0.0,0.0159724857,0.0003327601
support_growth_hessian,12,2,0.5,48,local,102,0.001302083333,0.0,0.1290643233,0.0026888401
support_growth_hessian,12,2,0.5,48,local,103,0.001302083333,0.0,0.1326304614,0.0027631346
support_growth_hessian,12,2,0.5,48,local,104,0.001302083333,0.0,0.0160666561,0.000334722
support_growth_hessian,12,2,0.5,48,local,105,0.001302083333,0.0,0.1296695092,0.0027014481
support_growth_hessian,12,2,0.5,48,local,106,0.001302083333,0.0,0.1337244429,0.0027859259
support_growth_hessian,12,2,0.5,48,local,107,0.001302083333,0.0,0.0161706941,0.0003368895
support_growth_hessian,12,2,0.5,48,local,108,0.001302083333,0.0,0.1303322053,0.0027152543
support_growth_hessian,12,2,0.5,48,local,109,0.001302083333,0.0,0.1349242801,0.0028109225
support_growth_hessian,12,2,0.5,48,local,110,0.001302083333,0.0,0.0162847306,0.0003392652
support_growth_hessian,12,2,0.5,48,local,111,0.001302083333,0.0,0.1310530722,0.0027302723
support_growth_hessian,12,2,0.5,48,local,112,0.001302083333,0.0,0.1362316772,0.0028381599
support_growth_hessian,12,2,0.5,48,local,113,0.001302083333,0.0,0.016408909,0.0003418523
support_growth_hessian,12,2,0.5,48,local,114,0.001302083333,0.0,0.1318328302,0.0027465173
support_growth_hessian,12,2,0.5,48,local,115,0.001302083333,0.0,0.1376484948,0.002867677
support_growth_hessian,12,2,0.5,48,local,116,0.001302083333,0.0,0.0165433863,0.0003446539
support_growth_hessian,12,2,0.5,48,local,117,0.001302083333,0.0,0.1326722597,0.0027640054
support_growth_hessian,12,2,0.5,48,local,118,0.001302083333,0.0,0.1391767531,0.0028995157
support_growth_hessian,12,2,0.5,48,local,119,0.001302083333,0.0,0.0166883324,0.0003476736
support_growth_hessian,12,2,0.5,48,local,120,0.001302083333,0.0,0.1335722032,0.0027827542
support_growth_hessian,12,2,0.5,48,local,121,0.001302083333,0.0,0.1408186362,0.0029337216
support_growth_hessian,12,2,0.5,48,local,122,0.001302083333,0.0,0.0168439313,0.0003509152
support_growth_hessian,12,2,0.5,48,local,123,0.001302083333,0.0,0.1345335658,0.0028027826
support_growth_hessian,12,2,0.5,48,local,124,0.001302083333,0.0,0.1425764959,0.0029703437
support_growth_hessian,12,2,0.5,48,local,125,0.001302083333,0.0,0.0170103806,0.0003543829
support_growth_hessian,12,2,0.5,48,local,126,0.001302083333,0.0,0.1355573168,0.0028241108
support_growth_hessian,12,2,0.5,48,local,127,0.001302083333,0.0,0.1444528564,0.0030094345
support_growth_hessian,12,2,0.5,48,local,128,0.001302083333,0.0,0.0171878926,0.0003580811
support_growth_hessian,12,2,0.5,48,local,129,0.001302083333,0.0,0.1366444913,0.0028467602
support_growth_hessian,12,2,0.5,48,local,130,0.001302083333,0.0,0.1464504189,0.0030510504
support_growth_hessian,12,2,0.5,48,local,131,0.001302083333,0.0,0.0173766942,0.0003620145
support_growth_hessian,12,2,0.5,48,local,132,0.001302083333,0.0,0.1377961919,0.002870754
support_growth_hessian,12,2,0.5,48,local,133,0.001302083333,0.0,0.1485720671,0.0030952514
support_growth_hessian,12,2,0.5,48,local,134,0.001302083333,0.0,0.0175770273,0.0003661881
support_growth_hessian,12,2,0.5,48,local,135,0.001302083333,0.0,0.1390135896,0.0028961164
support_growth_hessian,12,2,0.5,48,local,136,0.001302083333,0.0,0.1508208725,0.0031421015
support_growth_hessian,12,2,0.5,48,local,137,0.001302083333,0.0,0.0177891498,0.0003706073
support_growth_hessian,12,2,0.5,48,local,138,0.001302083333,0.0,0.1402979265,0.0029228735
support_growth_hessian,12,2,0.5,48,local,139,0.001302083333,0.0,0.1532001004,0.0031916688
support_growth_hessian,12,2,0.5,48,local,140,0.001302083333,0.0,0.0180133352,0.0003752778
support_growth_hessian,12,2,0.5,48,local,141,0.001302083333,0.0,0.141650517,0.0029510524
support_growth_hessian,12,2,0.5,48,local,142,0.001302083333,0.0,0.1557132162,0.0032440253
support_growth_hessian,12,2,0.5,48,local,143,0.001302083333,0.0,0.0182498737,0.0003802057
support_growth_hessian,12,2,0.5,48,collective,0,0.001302083333,0.0,6.0470304255,0.1259798005
support_growth_hessian,12,2,0.5,48,collective,1,0.001302083333,0.0,6.0462915571,0.1259644074
support_growth_hessian,12,2,0.5,48,collective,2,0.001302083333,0.0,0.7414742926,0.0154473811
support_growth_hessian,12,2,0.5,96,local,0,0.000651041667,0.0,0.1416594794,0.0014756196
support_growth_hessian,12,2,0.5,96,local,1,0.000651041667,0.0,0.155714982,0.0016220311
support_growth_hessian,12,2,0.5,96,local,2,0.000651041667,0.0,0.0182522731,0.0001901278
support_growth_hessian,12,2,0.5,96,local,3,0.000651041667,0.0,0.1409811264,0.0014685534
support_growth_hessian,12,2,0.5,96,local,4,0.000651041667,0.0,0.1544532,0.0016088875
support_growth_hessian,12,2,0.5,96,local,5,0.000651041667,0.0,0.018133563,0.0001888913
support_growth_hessian,12,2,0.5,96,local,6,0.000651041667,0.0,0.1403196631,0.0014616632
support_growth_hessian,12,2,0.5,96,local,7,0.000651041667,0.0,0.1532246767,0.0015960904
support_growth_hessian,12,2,0.5,96,local,8,0.000651041667,0.0,0.0180179172,0.0001876866
support_growth_hessian,12,2,0.5,96,local,9,0.000651041667,0.0,0.1396749234,0.0014549471
support_growth_hessian,12,2,0.5,96,local,10,0.000651041667,0.0,0.1520289728,0.0015836351
support_growth_hessian,12,2,0.5,96,local,11,0.000651041667,0.0,0.017905299,0.0001865135
support_growth_hessian,12,2,0.5,96,local,12,0.000651041667,0.0,0.1390467456,0.0014484036
support_growth_hessian,12,2,0.5,96,local,13,0.000651041667,0.0,0.1508656614,0.0015715173
support_growth_hessian,12,2,0.5,96,local,14,0.000651041667,0.0,0.0177956726,0.0001853716
support_growth_hessian,12,2,0.5,96,local,15,0.000651041667,0.0,0.1384349722,0.001442031
support_growth_hessian,12,2,0.5,96,local,16,0.000651041667,0.0,0.1497343279,0.0015597326
support_growth_hessian,12,2,0.5,96,local,17,0.000651041667,0.0,0.0176890033,0.0001842605
support_growth_hessian,12,2,0.5,96,local,18,0.000651041667,0.0,0.1378394504,0.0014358276
support_growth_hessian,12,2,0.5,96,local,19,0.000651041667,0.0,0.1486345698,0.0015482768
support_growth_hessian,12,2,0.5,96,local,20,0.000651041667,0.0,0.0175852574,0.0001831798
support_growth_hessian,12,2,0.5,96,local,21,0.000651041667,0.0,0.1372600315,0.001429792
support_growth_hessian,12,2,0.5,96,local,22,0.000651041667,0.0,0.1475659961,0.0015371458
support_growth_hessian,12,2,0.5,96,local,23,0.000651041667,0.0,0.0174844021,0.0001821292
support_growth_hessian,12,2,0.5,96,local,24,0.000651041667,0.0,0.1366965708,0.0014239226
support_growth_hessian,12,2,0.5,96,local,25,0.000651041667,0.0,0.1465282279,0.0015263357
support_growth_hessian,12,2,0.5,96,local,26,0.000651041667,0.0,0.0173864057,0.0001811084
support_growth_hessian,12,2,0.5,96,local,27,0.000651041667,0.0,0.1361489285,0.001418218
support_growth_hessian,12,2,0.5,96,local,28,0.000651041667,0.0,0.1455208972,0.0015158427
support_growth_hessian,12,2,0.5,96,local,29,0.000651041667,0.0,0.0172912371,0.0001801171
support_growth_hessian,12,2,0.5,96,local,30,0.000651041667,0.0,0.1356169682,0.0014126768
support_growth_hessian,12,2,0.5,96,local,31,0.000651041667,0.0,0.1445436479,0.001505663
support_growth_hessian,12,2,0.5,96,local,32,0.000651041667,0.0,0.0171988668,0.0001791549
support_growth_hessian,12,2,0.5,96,local,33,0.000651041667,0.0,0.1351005579,0.0014072975
support_growth_hessian,12,2,0.5,96,local,34,0.000651041667,0.0,0.1435961345,0.0014957931
support_growth_hessian,12,2,0.5,96,local,35,0.000651041667,0.0,0.0171092654,0.0001782215
support_growth_hessian,12,2,0.5,96,local,36,0.000651041667,0.0,0.1345995699,0.0014020789
support_growth_hessian,12,2,0.5,96,local,37,0.000651041667,0.0,0.1426780229,0.0014862294
support_growth_hessian,12,2,0.5,96,local,38,0.000651041667,0.0,0.0170224052,0.0001773167
support_growth_hessian,12,2,0.5,96,local,39,0.000651041667,0.0,0.1341138799,0.0013970196
support_growth_hessian,12,2,0.5,96,local,40,0.000651041667,0.0,0.1417889894,0.0014769686
support_growth_hessian,12,2,0.5,96,local,41,0.000651041667,0.0,0.0169382587,0.0001764402
support_growth_hessian,12,2,0.5,96,local,42,0.000651041667,0.0,0.133643368,0.0013921184
support_growth_hessian,12,2,0.5,96,local,43,0.000651041667,0.0,0.1409287212,0.0014680075
support_growth_hessian,12,2,0.5,96,local,44,0.000651041667,0.0,0.0168567998,0.0001755917
support_growth_hessian,12,2,0.5,96,local,45,0.000651041667,0.0,0.133187918,0.0013873741
support_growth_hessian,12,2,0.5,96,local,46,0.000651041667,0.0,0.1400969159,0.0014593429
support_growth_hessian,12,2,0.5,96,local,47,0.000651041667,0.0,0.0167780031,0.0001747709
support_growth_hessian,12,2,0.5,96,local,48,0.000651041667,0.0,0.1327474177,0.0013827856
support_growth_hessian,12,2,0.5,96,local,49,0.000651041667,0.0,0.1392932816,0.0014509717
support_growth_hessian,12,2,0.5,96,local,50,0.000651041667,0.0,0.016701844,0.0001739775
support_growth_hessian,12,2,0.5,96,local,51,0.000651041667,0.0,0.1323217588,0.0013783517
support_growth_hessian,12,2,0.5,96,local,52,0.000651041667,0.0,0.1385175364,0.001442891
support_growth_hessian,12,2,0.5,96,local,53,0.000651041667,0.0,0.0166282987,0.0001732114
support_growth_hessian,12,2,0.5,96,local,54,0.000651041667,0.0,0.1319108363,0.0013740712
support_growth_hessian,12,2,0.5,96,local,55,0.000651041667,0.0,0.1377694086,0.001435098
support_growth_hessian,12,2,0.5,96,local,56,0.000651041667,0.0,0.0165573445,0.0001724723
support_growth_hessian,12,2,0.5,96,local,57,0.000651041667,0.0,0.1315145494,0.0013699432
support_growth_hessian,12,2,0.5,96,local,58,0.000651041667,0.0,0.1370486366,0.00142759
support_growth_hessian,12,2,0.5,96,local,59,0.000651041667,0.0,0.0164889592,0.00017176
support_growth_hessian,12,2,0.5,96,local,60,0.000651041667,0.0,0.1311328009,0.0013659667
support_growth_hessian,12,2,0.5,96,local,61,0.000651041667,0.0,0.1363549684,0.0014203643
support_growth_hessian,12,2,0.5,96,local,62,0.000651041667,0.0,0.0164231218,0.0001710742
support_growth_hessian,12,2,0.5,96,local,63,0.000651041667,0.0,0.1307654972,0.0013621406
support_growth_hessian,12,2,0.5,96,local,64,0.000651041667,0.0,0.1356881619,0.0014134184
support_growth_hessian,12,2,0.5,96,local,65,0.000651041667,0.0,0.0163598118,0.0001704147
support_growth_hessian,12,2,0.5,96,local,66,0.000651041667,0.0,0.1304125485,0.001358464
support_growth_hessian,12,2,0.5,96,local,67,0.000651041667,0.0,0.1350479845,0.0014067498
support_growth_hessian,12,2,0.5,96,local,68,0.000651041667,0.0,0.0162990095,0.0001697813
support_growth_hessian,12,2,0.5,96,local,69,0.000651041667,0.0,0.1300738684,0.0013549361
support_growth_hessian,12,2,0.5,96,local,70,0.000651041667,0.0,0.1344342134,0.0014003564
support_growth_hessian,12,2,0.5,96,local,71,0.000651041667,0.0,0.0162406964,0.0001691739
support_growth_hessian,12,2,0.5,96,local,72,0.000651041667,0.0,0.1297493742,0.001351556
support_growth_hessian,12,2,0.5,96,local,73,0.000651041667,0.0,0.1338466347,0.0013942358
support_growth_hessian,12,2,0.5,96,local,74,0.000651041667,0.0,0.0161848543,0.0001685922
support_growth_hessian,12,2,0.5,96,local,75,0.000651041667,0.0,0.1294389866,0.0013483228
support_growth_hessian,12,2,0.5,96,local,76,0.000651041667,0.0,0.1332850441,0.0013883859
support_growth_hessian,12,2,0.5,96,local,77,0.000651041667,0.0,0.016131466,0.0001680361
support_growth_hessian,12,2,0.5,96,local,78,0.000651041667,0.0,0.1291426299,0.0013452357
support_growth_hessian,12,2,0.5,96,local,79,0.000651041667,0.0,0.1327492466,0.0013828047
support_growth_hessian,12,2,0.5,96,local,80,0.000651041667,0.0,0.0160805151,0.0001675054
support_growth_hessian,12,2,0.5,96,local,81,0.000651041667,0.0,0.1288602319,0.0013422941
support_growth_hessian,12,2,0.5,96,local,82,0.000651041667,0.0,0.1322390562,0.0013774902
support_growth_hessian,12,2,0.5,96,local,83,0.000651041667,0.0,0.0160319859,0.0001669999
support_growth_hessian,12,2,0.5,96,local,84,0.000651041667,0.0,0.1285917238,0.0013394971
support_growth_hessian,12,2,0.5,96,local,85,0.000651041667,0.0,0.1317542958,0.0013724406
support_growth_hessian,12,2,0.5,96,local,86,0.000651041667,0.0,0.0159858633,0.0001665194
support_growth_hessian,12,2,0.5,96,local,87,0.000651041667,0.0,0.1283370405,0.0013368442
support_growth_hessian,12,2,0.5,96,local,88,0.000651041667,0.0,0.1312947975,0.0013676541
support_growth_hessian,12,2,0.5,96,local,89,0.000651041667,0.0,0.0159421334,0.0001660639
support_growth_hessian,12,2,0.5,96,local,90,0.000651041667,0.0,0.1280961199,0.0013343346
support_growth_hessian,12,2,0.5,96,local,91,0.000651041667,0.0,0.1308604022,0.0013631292
support_growth_hessian,12,2,0.5,96,local,92,0.000651041667,0.0,0.0159007827,0.0001656332
support_growth_hessian,12,2,0.5,96,local,93,0.000651041667,0.0,0.1278689035,0.0013319677
support_growth_hessian,12,2,0.5,96,local,94,0.000651041667,0.0,0.1304509593,0.0013588642
support_growth_hessian,12,2,0.5,96,local,95,0.000651041667,0.0,0.0158617984,0.0001652271
support_growth_hessian,12,2,0.5,96,local,96,0.000651041667,0.0,0.1276553361,0.0013297431
support_growth_hessian,12,2,0.5,96,local,97,0.000651041667,0.0,0.1300663274,0.0013548576
support_growth_hessian,12,2,0.5,96,local,98,0.000651041667,0.0,0.0158251686,0.0001648455
support_growth_hessian,12,2,0.5,96,local,99,0.000651041667,0.0,0.127455366,0.0013276601
support_growth_hessian,12,2,0.5,96,local,100,0.000651041667,0.0,0.1297063736,0.0013511081
support_growth_hessian,12,2,0.5,96,local,101,0.000651041667,0.0,0.0157908821,0.0001644884
support_growth_hessian,12,2,0.5,96,local,102,0.000651041667,0.0,0.1272689447,0.0013257182
support_growth_hessian,12,2,0.5,96,local,103,0.000651041667,0.0,0.1293709734,0.0013476143
support_growth_hessian,12,2,0.5,96,local,104,0.000651041667,0.0,0.0157589284,0.0001641555
support_growth_hessian,12,2,0.5,96,local,105,0.000651041667,0.0,0.1270960269,0.0013239169
support_growth_hessian,12,2,0.5,96,local,106,0.000651041667,0.0,0.129060011,0.0013443751
support_growth_hessian,12,2,0.5,96,local,107,0.000651041667,0.0,0.0157292978,0.0001638469
support_growth_hessian,12,2,0.5,96,local,108,0.000651041667,0.0,0.1269365709,0.0013222559
support_growth_hessian,12,2,0.5,96,local,109,0.000651041667,0.0,0.1287733792,0.0013413894
support_growth_hessian,12,2,0.5,96,local,110,0.000651041667,0.0,0.015701981,0.0001635623
support_growth_hessian,12,2,0.5,96,local,111,0.000651041667,0.0,0.1267905379,0.0013207348
support_growth_hessian,12,2,0.5,96,local,112,0.000651041667,0.0,0.128510979,0.001338656
support_growth_hessian,12,2,0.5,96,local,113,0.000651041667,0.0,0.0156769699,0.0001633018
support_growth_hessian,12,2,0.5,96,local,114,0.000651041667,0.0,0.1266578927,0.001319353
support_growth_hessian,12,2,0.5,96,local,115,0.000651041667,0.0,0.1282727202,0.0013361742
support_growth_hessian,12,2,0.5,96,local,116,0.000651041667,0.0,0.0156542568,0.0001630652
support_growth_hessian,12,2,0.5,96,local,117,0.000651041667,0.0,0.1265386033,0.0013181105
support_growth_hessian,12,2,0.5,96,local,118,0.000651041667,0.0,0.1280585203,0.0013339429
support_growth_hessian,12,2,0.5,96,local,119,0.000651041667,0.0,0.0156338345,0.0001628524
support_growth_hessian,12,2,0.5,96,local,120,0.000651041667,0.0,0.1264326407,0.0013170067
support_growth_hessian,12,2,0.5,96,local,121,0.000651041667,0.0,0.1278683057,0.0013319615
support_growth_hessian,12,2,0.5,96,local,122,0.000651041667,0.0,0.0156156972,0.0001626635
support_growth_hessian,12,2,0.5,96,local,123,0.000651041667,0.0,0.1263399793,0.0013160415
support_growth_hessian,12,2,0.5,96,local,124,0.000651041667,0.0,0.127702011,0.0013302293
support_growth_hessian,12,2,0.5,96,local,125,0.000651041667,0.0,0.0155998391,0.0001624983
support_growth_hessian,12,2,0.5,96,local,126,0.000651041667,0.0,0.1262605968,0.0013152146
support_growth_hessian,12,2,0.5,96,local,127,0.000651041667,0.0,0.1275595788,0.0013287456
support_growth_hessian,12,2,0.5,96,local,128,0.000651041667,0.0,0.0155862554,0.0001623568
support_growth_hessian,12,2,0.5,96,local,129,0.000651041667,0.0,0.126194474,0.0013145258
support_growth_hessian,12,2,0.5,96,local,130,0.000651041667,0.0,0.12744096,0.00132751
support_growth_hessian,12,2,0.5,96,local,131,0.000651041667,0.0,0.015574942,0.000162239
support_growth_hessian,12,2,0.5,96,local,132,0.000651041667,0.0,0.1261415949,0.0013139749
support_growth_hessian,12,2,0.5,96,local,133,0.000651041667,0.0,0.127346114,0.001326522
support_growth_hessian,12,2,0.5,96,local,134,0.000651041667,0.0,0.0155658954,0.0001621447
support_growth_hessian,12,2,0.5,96,local,135,0.000651041667,0.0,0.1261019467,0.0013135619
support_growth_hessian,12,2,0.5,96,local,136,0.000651041667,0.0,0.127275008,0.0013257813
support_growth_hessian,12,2,0.5,96,local,137,0.000651041667,0.0,0.0155591129,0.0001620741
support_growth_hessian,12,2,0.5,96,local,138,0.000651041667,0.0,0.1260755199,0.0013132867
support_growth_hessian,12,2,0.5,96,local,139,0.000651041667,0.0,0.1272276176,0.0013252877
support_growth_hessian,12,2,0.5,96,local,140,0.000651041667,0.0,0.0155545924,0.000162027
support_growth_hessian,12,2,0.5,96,local,141,0.000651041667,0.0,0.1260623082,0.001313149
support_growth_hessian,12,2,0.5,96,local,142,0.000651041667,0.0,0.1272039264,0.0013250409
support_growth_hessian,12,2,0.5,96,local,143,0.000651041667,0.0,0.0155523324,0.0001620035
support_growth_hessian,12,2,0.5,96,local,144,0.000651041667,0.0,0.1260623082,0.001313149
support_growth_hessian,12,2,0.5,96,local,145,0.000651041667,0.0,0.1272039264,0.0013250409
support_growth_hessian,12,2,0.5,96,local,146,0.000651041667,0.0,0.0155523324,0.0001620035
support_growth_hessian,12,2,0.5,96,local,147,0.000651041667,0.0,0.1260755199,0.0013132867
support_growth_hessian,12,2,0.5,96,local,148,0.000651041667,0.0,0.1272276176,0.0013252877
support_growth_hessian,12,2,0.5,96,local,149,0.000651041667,0.0,0.0155545923,0.000162027
support_growth_hessian,12,2,0.5,96,local,150,0.000651041667,0.0,0.1261019467,0.0013135619
support_growth_hessian,12,2,0.5,96,local,151,0.000651041667,0.0,0.127275008,0.0013257813
support_growth_hessian,12,2,0.5,96,local,152,0.000651041667,0.0,0.0155591129,0.0001620741
support_growth_hessian,12,2,0.5,96,local,153,0.000651041667,0.0,0.1261415949,0.0013139749
support_growth_hessian,12,2,0.5,96,local,154,0.000651041667,0.0,0.127346114,0.001326522
support_growth_hessian,12,2,0.5,96,local,155,0.000651041667,0.0,0.0155658954,0.0001621447
support_growth_hessian,12,2,0.5,96,local,156,0.000651041667,0.0,0.126194474,0.0013145258
support_growth_hessian,12,2,0.5,96,local,157,0.000651041667,0.0,0.12744096,0.00132751
support_growth_hessian,12,2,0.5,96,local,158,0.000651041667,0.0,0.015574942,0.000162239
support_growth_hessian,12,2,0.5,96,local,159,0.000651041667,0.0,0.1262605969,0.0013152146
support_growth_hessian,12,2,0.5,96,local,160,0.000651041667,0.0,0.1275595787,0.0013287456
support_growth_hessian,12,2,0.5,96,local,161,0.000651041667,0.0,0.0155862554,0.0001623568
support_growth_hessian,12,2,0.5,96,local,162,0.000651041667,0.0,0.1263399793,0.0013160415
support_growth_hessian,12,2,0.5,96,local,163,0.000651041667,0.0,0.127702011,0.0013302293
support_growth_hessian,12,2,0.5,96,local,164,0.000651041667,0.0,0.0155998391,0.0001624983
support_growth_hessian,12,2,0.5,96,local,165,0.000651041667,0.0,0.1264326407,0.0013170067
support_growth_hessian,12,2,0.5,96,local,166,0.000651041667,0.0,0.1278683057,0.0013319615
support_growth_hessian,12,2,0.5,96,local,167,0.000651041667,0.0,0.0156156973,0.0001626635
support_growth_hessian,12,2,0.5,96,local,168,0.000651041667,0.0,0.1265386033,0.0013181105
support_growth_hessian,12,2,0.5,96,local,169,0.000651041667,0.0,0.1280585203,0.0013339429
support_growth_hessian,12,2,0.5,96,local,170,0.000651041667,0.0,0.0156338346,0.0001628524
support_growth_hessian,12,2,0.5,96,local,171,0.000651041667,0.0,0.1266578927,0.001319353
support_growth_hessian,12,2,0.5,96,local,172,0.000651041667,0.0,0.1282727201,0.0013361742
support_growth_hessian,12,2,0.5,96,local,173,0.000651041667,0.0,0.0156542568,0.0001630652
support_growth_hessian,12,2,0.5,96,local,174,0.000651041667,0.0,0.126790538,0.0013207348
support_growth_hessian,12,2,0.5,96,local,175,0.000651041667,0.0,0.1285109791,0.001338656
support_growth_hessian,12,2,0.5,96,local,176,0.000651041667,0.0,0.0156769699,0.0001633018
support_growth_hessian,12,2,0.5,96,local,177,0.000651041667,0.0,0.1269365709,0.0013222559
support_growth_hessian,12,2,0.5,96,local,178,0.000651041667,0.0,0.1287733792,0.0013413894
support_growth_hessian,12,2,0.5,96,local,179,0.000651041667,0.0,0.015701981,0.0001635623
support_growth_hessian,12,2,0.5,96,local,180,0.000651041667,0.0,0.1270960269,0.0013239169
support_growth_hessian,12,2,0.5,96,local,181,0.000651041667,0.0,0.1290600109,0.0013443751
support_growth_hessian,12,2,0.5,96,local,182,0.000651041667,0.0,0.0157292977,0.0001638469
support_growth_hessian,12,2,0.5,96,local,183,0.000651041667,0.0,0.1272689447,0.0013257182
support_growth_hessian,12,2,0.5,96,local,184,0.000651041667,0.0,0.1293709733,0.0013476143
support_growth_hessian,12,2,0.5,96,local,185,0.000651041667,0.0,0.0157589285,0.0001641555
support_growth_hessian,12,2,0.5,96,local,186,0.000651041667,0.0,0.127455366,0.0013276601
support_growth_hessian,12,2,0.5,96,local,187,0.000651041667,0.0,0.1297063736,0.0013511081
support_growth_hessian,12,2,0.5,96,local,188,0.000651041667,0.0,0.0157908821,0.0001644884
support_growth_hessian,12,2,0.5,96,local,189,0.000651041667,0.0,0.1276553361,0.0013297431
support_growth_hessian,12,2,0.5,96,local,190,0.000651041667,0.0,0.1300663274,0.0013548576
support_growth_hessian,12,2,0.5,96,local,191,0.000651041667,0.0,0.0158251686,0.0001648455
support_growth_hessian,12,2,0.5,96,local,192,0.000651041667,0.0,0.1278689035,0.0013319677
support_growth_hessian,12,2,0.5,96,local,193,0.000651041667,0.0,0.1304509593,0.0013588642
support_growth_hessian,12,2,0.5,96,local,194,0.000651041667,0.0,0.0158617984,0.0001652271
support_growth_hessian,12,2,0.5,96,local,195,0.000651041667,0.0,0.1280961199,0.0013343346
support_growth_hessian,12,2,0.5,96,local,196,0.000651041667,0.0,0.1308604021,0.0013631292
support_growth_hessian,12,2,0.5,96,local,197,0.000651041667,0.0,0.0159007827,0.0001656332
support_growth_hessian,12,2,0.5,96,local,198,0.000651041667,0.0,0.1283370405,0.0013368442
support_growth_hessian,12,2,0.5,96,local,199,0.000651041667,0.0,0.1312947974,0.0013676541
support_growth_hessian,12,2,0.5,96,local,200,0.000651041667,0.0,0.0159421335,0.0001660639
support_growth_hessian,12,2,0.5,96,local,201,0.000651041667,0.0,0.1285917238,0.0013394971
support_growth_hessian,12,2,0.5,96,local,202,0.000651041667,0.0,0.1317542958,0.0013724406
support_growth_hessian,12,2,0.5,96,local,203,0.000651041667,0.0,0.0159858633,0.0001665194
support_growth_hessian,12,2,0.5,96,local,204,0.000651041667,0.0,0.1288602318,0.0013422941
support_growth_hessian,12,2,0.5,96,local,205,0.000651041667,0.0,0.1322390562,0.0013774902
support_growth_hessian,12,2,0.5,96,local,206,0.000651041667,0.0,0.0160319858,0.0001669999
support_growth_hessian,12,2,0.5,96,local,207,0.000651041667,0.0,0.1291426299,0.0013452357
support_growth_hessian,12,2,0.5,96,local,208,0.000651041667,0.0,0.1327492466,0.0013828047
support_growth_hessian,12,2,0.5,96,local,209,0.000651041667,0.0,0.0160805151,0.0001675054
support_growth_hessian,12,2,0.5,96,local,210,0.000651041667,0.0,0.1294389865,0.0013483228
support_growth_hessian,12,2,0.5,96,local,211,0.000651041667,0.0,0.1332850441,0.0013883859
support_growth_hessian,12,2,0.5,96,local,212,0.000651041667,0.0,0.016131466,0.0001680361
support_growth_hessian,12,2,0.5,96,local,213,0.000651041667,0.0,0.1297493742,0.001351556
support_growth_hessian,12,2,0.5,96,local,214,0.000651041667,0.0,0.1338466347,0.0013942358
support_growth_hessian,12,2,0.5,96,local,215,0.000651041667,0.0,0.0161848543,0.0001685922
support_growth_hessian,12,2,0.5,96,local,216,0.000651041667,0.0,0.1300738684,0.0013549361
support_growth_hessian,12,2,0.5,96,local,217,0.000651041667,0.0,0.1344342134,0.0014003564
support_growth_hessian,12,2,0.5,96,local,218,0.000651041667,0.0,0.0162406964,0.0001691739
support_growth_hessian,12,2,0.5,96,local,219,0.000651041667,0.0,0.1304125485,0.001358464
support_growth_hessian,12,2,0.5,96,local,220,0.000651041667,0.0,0.1350479846,0.0014067498
support_growth_hessian,12,2,0.5,96,local,221,0.000651041667,0.0,0.0162990095,0.0001697813
support_growth_hessian,12,2,0.5,96,local,222,0.000651041667,0.0,0.1307654973,0.0013621406
support_growth_hessian,12,2,0.5,96,local,223,0.000651041667,0.0,0.1356881619,0.0014134184
support_growth_hessian,12,2,0.5,96,local,224,0.000651041667,0.0,0.0163598118,0.0001704147
support_growth_hessian,12,2,0.5,96,local,225,0.000651041667,0.0,0.1311328009,0.0013659667
support_growth_hessian,12,2,0.5,96,local,226,0.000651041667,0.0,0.1363549684,0.0014203643
support_growth_hessian,12,2,0.5,96,local,227,0.000651041667,0.0,0.0164231218,0.0001710742
support_growth_hessian,12,2,0.5,96,local,228,0.000651041667,0.0,0.1315145494,0.0013699432
support_growth_hessian,12,2,0.5,96,local,229,0.000651041667,0.0,0.1370486366,0.00142759
support_growth_hessian,12,2,0.5,96,local,230,0.000651041667,0.0,0.0164889592,0.00017176
support_growth_hessian,12,2,0.5,96,local,231,0.000651041667,0.0,0.1319108363,0.0013740712
support_growth_hessian,12,2,0.5,96,local,232,0.000651041667,0.0,0.1377694086,0.001435098
support_growth_hessian,12,2,0.5,96,local,233,0.000651041667,0.0,0.0165573445,0.0001724723
support_growth_hessian,12,2,0.5,96,local,234,0.000651041667,0.0,0.1323217587,0.0013783517
support_growth_hessian,12,2,0.5,96,local,235,0.000651041667,0.0,0.1385175364,0.001442891
support_growth_hessian,12,2,0.5,96,local,236,0.000651041667,0.0,0.0166282987,0.0001732114
support_growth_hessian,12,2,0.5,96,local,237,0.000651041667,0.0,0.1327474177,0.0013827856
support_growth_hessian,12,2,0.5,96,local,238,0.000651041667,0.0,0.1392932816,0.0014509717
support_growth_hessian,12,2,0.5,96,local,239,0.000651041667,0.0,0.016701844,0.0001739775
support_growth_hessian,12,2,0.5,96,local,240,0.000651041667,0.0,0.133187918,0.0013873741
support_growth_hessian,12,2,0.5,96,local,241,0.000651041667,0.0,0.140096916,0.0014593429
support_growth_hessian,12,2,0.5,96,local,242,0.000651041667,0.0,0.0167780032,0.0001747709
support_growth_hessian,12,2,0.5,96,local,243,0.000651041667,0.0,0.133643368,0.0013921184
support_growth_hessian,12,2,0.5,96,local,244,0.000651041667,0.0,0.1409287212,0.0014680075
support_growth_hessian,12,2,0.5,96,local,245,0.000651041667,0.0,0.0168567999,0.0001755917
support_growth_hessian,12,2,0.5,96,local,246,0.000651041667,0.0,0.1341138799,0.0013970196
support_growth_hessian,12,2,0.5,96,local,247,0.000651041667,0.0,0.1417889894,0.0014769686
support_growth_hessian,12,2,0.5,96,local,248,0.000651041667,0.0,0.0169382587,0.0001764402
support_growth_hessian,12,2,0.5,96,local,249,0.000651041667,0.0,0.1345995699,0.0014020789
support_growth_hessian,12,2,0.5,96,local,250,0.000651041667,0.0,0.1426780229,0.0014862294
support_growth_hessian,12,2,0.5,96,local,251,0.000651041667,0.0,0.0170224052,0.0001773167
support_growth_hessian,12,2,0.5,96,local,252,0.000651041667,0.0,0.1351005579,0.0014072975
support_growth_hessian,12,2,0.5,96,local,253,0.000651041667,0.0,0.1435961345,0.0014957931
support_growth_hessian,12,2,0.5,96,local,254,0.000651041667,0.0,0.0171092655,0.0001782215
support_growth_hessian,12,2,0.5,96,local,255,0.000651041667,0.0,0.1356169682,0.0014126768
support_growth_hessian,12,2,0.5,96,local,256,0.000651041667,0.0,0.1445436479,0.001505663
support_growth_hessian,12,2,0.5,96,local,257,0.000651041667,0.0,0.0171988668,0.0001791549
support_growth_hessian,12,2,0.5,96,local,258,0.000651041667,0.0,0.1361489285,0.001418218
support_growth_hessian,12,2,0.5,96,local,259,0.000651041667,0.0,0.1455208972,0.0015158427
support_growth_hessian,12,2,0.5,96,local,260,0.000651041667,0.0,0.0172912371,0.0001801171
support_growth_hessian,12,2,0.5,96,local,261,0.000651041667,0.0,0.1366965708,0.0014239226
support_growth_hessian,12,2,0.5,96,local,262,0.000651041667,0.0,0.1465282279,0.0015263357
support_growth_hessian,12,2,0.5,96,local,263,0.000651041667,0.0,0.0173864057,0.0001811084
support_growth_hessian,12,2,0.5,96,local,264,0.000651041667,0.0,0.1372600313,0.001429792
support_growth_hessian,12,2,0.5,96,local,265,0.000651041667,0.0,0.1475659961,0.0015371458
support_growth_hessian,12,2,0.5,96,local,266,0.000651041667,0.0,0.0174844021,0.0001821292
support_growth_hessian,12,2,0.5,96,local,267,0.000651041667,0.0,0.1378394504,0.0014358276
support_growth_hessian,12,2,0.5,96,local,268,0.000651041667,0.0,0.1486345698,0.0015482768
support_growth_hessian,12,2,0.5,96,local,269,0.000651041667,0.0,0.0175852574,0.0001831798
support_growth_hessian,12,2,0.5,96,local,270,0.000651041667,0.0,0.1384349722,0.001442031
support_growth_hessian,12,2,0.5,96,local,271,0.000651041667,0.0,0.1497343279,0.0015597326
support_growth_hessian,12,2,0.5,96,local,272,0.000651041667,0.0,0.0176890033,0.0001842605
support_growth_hessian,12,2,0.5,96,local,273,0.000651041667,0.0,0.1390467456,0.0014484036
support_growth_hessian,12,2,0.5,96,local,274,0.000651041667,0.0,0.1508656614,0.0015715173
support_growth_hessian,12,2,0.5,96,local,275,0.000651041667,0.0,0.0177956726,0.0001853716
support_growth_hessian,12,2,0.5,96,local,276,0.000651041667,0.0,0.1396749234,0.0014549471
support_growth_hessian,12,2,0.5,96,local,277,0.000651041667,0.0,0.1520289728,0.0015836351
support_growth_hessian,12,2,0.5,96,local,278,0.000651041667,0.0,0.017905299,0.0001865135
support_growth_hessian,12,2,0.5,96,local,279,0.000651041667,0.0,0.1403196631,0.0014616632
support_growth_hessian,12,2,0.5,96,local,280,0.000651041667,0.0,0.1532246767,0.0015960904
support_growth_hessian,12,2,0.5,96,local,281,0.000651041667,0.0,0.0180179172,0.0001876866
support_growth_hessian,12,2,0.5,96,local,282,0.000651041667,0.0,0.1409811264,0.0014685534
support_growth_hessian,12,2,0.5,96,local,283,0.000651041667,0.0,0.1544532,0.0016088875
support_growth_hessian,12,2,0.5,96,local,284,0.000651041667,0.0,0.018133563,0.0001888913
support_growth_hessian,12,2,0.5,96,local,285,0.000651041667,0.0,0.1416594794,0.0014756196
support_growth_hessian,12,2,0.5,96,local,286,0.000651041667,0.0,0.155714982,0.0016220311
support_growth_hessian,12,2,0.5,96,local,287,0.000651041667,0.0,0.0182522731,0.0001901278
support_growth_hessian,12,2,0.5,96,collective,0,0.000651041667,0.0,12.0939664902,0.1259788176
support_growth_hessian,12,2,0.5,96,collective,1,0.000651041667,0.0,12.0925241383,0.1259637931
support_growth_hessian,12,2,0.5,96,collective,2,0.000651041667,0.0,1.4831662862,0.0154496488
