scenario_id,suite_name,master_seed,scenario_seed,repetitions,lag_count,sample_size,H,zeta,sigma0,a,C_K,C_S,delta,radius,identifiability_score,lower,upper,empirical_hit_rate,empirical_hit_rate_se,gaussian_hit_rate
58a24899edb0,transition,2026,97454025993648,1000,3,10,0.3,0.5,1.0,0.5,100.0,1.0,0.005,0.2558914659168278,0.029206463547056798,1102.7223577019038,1847.8133684432044,0.039,0.006122009474020765,0.02330007373094012
58a24899edb0,transition,2026,97454025993648,1000,3,10,0.3,0.5,1.0,0.5,100.0,1.0,0.01,0.3604668308553724,0.04114229178210428,993.229650842596,2060.6132931867573,0.047,0.006692607862410586,0.032817540837372094
58a24899edb0,transition,2026,97454025993648,1000,3,10,0.3,0.5,1.0,0.5,100.0,1.0,0.02,0.5068540061458144,0.057850358553922905,857.9748028480076,2406.5723961128174,0.061,0.0075682891065286355,0.04613217501165723
58a24899edb0,transition,2026,97454025993648,1000,3,10,0.3,0.5,1.0,0.5,100.0,1.0,0.05,0.7918105639674713,0.09037419942799911,645.2373114940788,3284.7777863301776,0.083,0.008724161850859944,0.07201014134761086
b466b5629e90,transition,2026,198353222803088,1000,3,10,0.3,1.0,1.0,0.5,100.0,1.0,0.005,0.2558914659168278,0.06401533566754236,463.63763880582763,776.909818790891,0.044,0.006485676526007136,0.05104198424310469
b466b5629e90,transition,2026,198353222803088,1000,3,10,0.3,1.0,1.0,0.5,100.0,1.0,0.01,0.3604668308553724,0.09017653281849602,417.6016264586188,866.3811657324479,0.061,0.0075682891065286355,0.07185306756529486
b466b5629e90,transition,2026,198353222803088,1000,3,10,0.3,1.0,1.0,0.5,100.0,1.0,0.02,0.5068540061458144,0.12679762188086774,360.7339680464511,1011.8390504699054,0.096,0.009315793041926168,0.10089942198958002
b466b5629e90,transition,2026,198353222803088,1000,3,10,0.3,1.0,1.0,0.5,100.0,1.0,0.05,0.7918105639674713,0.19808405433090442,271.28887111165767,1381.0789327150392,0.158,0.011534123287012324,0.1570206995549981
03f4a1837c61,transition,2026,4349216652385,1000,3,10,0.3,2.0,1.0,0.5,100.0,1.0,0.005,0.2558914659168278,0.14160961381579046,194.93561422425847,326.6503407983366,0.105,0.009694070352540258,0.11261162726036966
03f4a1837c61,transition,2026,4349216652385,1000,3,10,0.3,2.0,1.0,0.5,100.0,1.0,0.01,0.3604668308553724,0.19948132513111025,175.57985534658664,364.26840825387484,0.148,0.011229247525992114,0.15811374981966786
03f4a1837c61,transition,2026,4349216652385,1000,3,10,0.3,2.0,1.0,0.5,100.0,1.0,0.02,0.5068540061458144,0.28049157409033787,151.66995029525432,425.4259151769328,0.213,0.012947239087929134,0.22089961097078303
03f4a1837c61,transition,2026,4349216652385,1000,3,10,0.3,2.0,1.0,0.5,100.0,1.0,0.05,0.7918105639674713,0.43818572759726865,114.06291960800993,580.6721618512512,0.354,0.015122301412152848,0.338748346135163
ada3fc1d2fb2,transition,2026,190919821045682,1000,3,10,0.3,4.0,1.0,0.5,100.0,1.0,0.005,0.2558914659168278,0.31681045251915896,81.96032960322998,137.3395503093627,0.236,0.013427732496590778,0.2486125675030868
ada3fc1d2fb2,transition,2026,190919821045682,1000,3,10,0.3,4.0,1.0,0.5,100.0,1.0,0.01,0.3604668308553724,0.44628162722142467,73.82223547585522,153.15599934543,0.333,0.014903388876359632,0.3446061739336841
ada3fc1d2fb2,transition,2026,190919821045682,1000,3,10,0.3,4.0,1.0,0.5,100.0,1.0,0.02,0.5068540061458144,0.6275185710976235,63.76935875249422,178.86956351415682,0.484,0.015803290796539814,0.46968063330676557
ada3fc1d2fb2,transition,2026,190919821045682,1000,3,10,0.3,4.0,1.0,0.5,100.0,1.0,0.05,0.7918105639674713,0.9803135176126578,47.9575501058741,244.14256966917094,0.686,0.01467664811869522,0.6730686158145198
aa5491672652,transition,2026,187280193431122,1000,3,20,0.3,0.5,1.0,0.5,100.0,1.0,0.005,0.2558914659168278,0.04130417685720313,1102.7223577019038,1847.8133684432044,0.033,0.005648982209212559,0.032946596736780576
aa5491672652,transition,2026,187280193431122,1000,3,20,0.3,0.5,1.0,0.5,100.0,1.0,0.01,0.3604668308553724,0.05818398702536301,993.229650842596,2060.6132931867573,0.055,0.00720936890441875,0.04639792438508006
aa5491672652,transition,2026,187280193431122,1000,3,20,0.3,0.5,1.0,0.5,100.0,1.0,0.02,0.5068540061458144,0.08181276165510416,857.9748028480076,2406.5723961128174,0.074,0.00827792244467173,0.06520439223731733
aa5491672652,transition,2026,187280193431122,1000,3,20,0.3,0.5,1.0,0.5,100.0,1.0,0.05,0.7918105639674713,0.12780841851968716,645.2373114940788,3284.7777863301776,0.119,0.010239091756596383,0.10169941230849533
cf1b02177d50,transition,2026,227714906160464,1000,3,20,0.3,1.0,1.0,0.5,100.0,1.0,0.005,0.2558914659168278,0.09053135590090453,463.63763880582763,776.909818790891,0.064,0.007739767438366608,0.07213502215550882
cf1b02177d50,transition,2026,227714906160464,1000,3,20,0.3,1.0,1.0,0.5,100.0,1.0,0.01,0.3604668308553724,0.1275288757196996,417.6016264586188,866.3811657324479,0.083,0.008724161850859944,0.10147817975780504
cf1b02177d50,transition,2026,227714906160464,1000,3,20,0.3,1.0,1.0,0.5,100.0,1.0,0.02,0.5068540061458144,0.17931891654057866,360.7339680464511,1011.8390504699054,0.121,0.010313049985334114,0.14231270566551846
cf1b02177d50,transition,2026,227714906160464,1000,3,20,0.3,1.0,1.0,0.5,100.0,1.0,0.05,0.7918105639674713,0.28013315612461404,271.28887111165767,1381.0789327150392,0.224,0.013184233007649706,0.22062465226136307
a372e547633b,transition,2026,179713868260155,1000,3,20,0.3,2.0,1.0,0.5,100.0,1.0,0.005,0.2558914659168278,0.2002662364207073,194.93561422425847,326.6503407983366,0.16,0.01159310139695155,0.15872763294665582
a372e547633b,transition,2026,179713868260155,1000,3,20,0.3,2.0,1.0,0.5,100.0,1.0,0.01,0.3604668308553724,0.28210919544057306,175.57985534658664,364.26840825387484,0.221,0.013120937466507492,0.22214021745674395
a372e547633b,transition,2026,179713868260155,1000,3,20,0.3,2.0,1.0,0.5,100.0,1.0,0.02,0.5068540061458144,0.3966749882099336,151.66995029525432,425.4259151769328,0.297,0.014449602070645405,0.30839285330441735
a372e547633b,transition,2026,179713868260155,1000,3,20,0.3,2.0,1.0,0.5,100.0,1.0,0.05,0.7918105639674713,0.6196881988063799,114.06291960800993,580.6721618512512,0.477,0.01579465099329517,0.4645369133182833
f81786fe89bd,transition,2026,272779932764605,1000,3,20,0.3,4.0,1.0,0.5,100.0,1.0,0.005,0.2558914659168278,0.448037638654152,81.96032960322998,137.3395503093627,0.348,0.015063067416698366,0.3458739670456026
f81786fe89bd,transition,2026,272779932764605,1000,3,20,0.3,4.0,1.0,0.5,100.0,1.0,0.01,0.3604668308553724,0.6311375298544727,73.82223547585522,153.15599934543,0.475,0.015791611697353755,0.47204939604737417
f81786fe89bd,transition,2026,272779932764605,1000,3,20,0.3,4.0,1.0,0.5,100.0,1.0,0.02,0.5068540061458144,0.8874452738872445,63.76935875249422,178.86956351415682,0.656,0.015022117027902558,0.6251607822758407
f81786fe89bd,transition,2026,272779932764605,1000,3,20,0.3,4.0,1.0,0.5,100.0,1.0,0.05,0.7918105639674713,1.3863726719854967,47.9575501058741,244.14256966917094,0.86,0.010972693379476163,0.8343668633408099
eba0c7e27730,transition,2026,259075780802352,1000,3,50,0.3,0.5,1.0,0.5,100.0,1.0,0.005,0.2558914659168278,0.06530763787358863,1102.7223577019038,1847.8133684432044,0.058,0.007391616873188166,0.05207093881467406
eba0c7e27730,transition,2026,259075780802352,1000,3,50,0.3,0.5,1.0,0.5,100.0,1.0,0.01,0.3604668308553724,0.09199696117491614,993.229650842596,2060.6132931867573,0.083,0.008724161850859944,0.07329954601450339
eba0c7e27730,transition,2026,259075780802352,1000,3,50,0.3,0.5,1.0,0.5,100.0,1.0,0.02,0.5068540061458144,0.12935733424930804,857.9748028480076,2406.5723961128174,0.114,0.010050074626588601,0.10292509370067049
eba0c7e27730,transition,2026,259075780802352,1000,3,50,0.3,0.5,1.0,0.5,100.0,1.0,0.05,0.7918105639674713,0.20208285333312864,645.2373114940788,3284.7777863301776,0.163,0.011680368144883106,0.16014804761456336
caddb167a0a6,transition,2026,223053512941734,1000,3,50,0.3,1.0,1.0,0.5,100.0,1.0,0.005,0.2558914659168278,0.1431426421550916,463.63763880582763,776.909818790891,0.104,0.009653186002558949,0.11382247188913852
caddb167a0a6,transition,2026,223053512941734,1000,3,50,0.3,1.0,1.0,0.5,100.0,1.0,0.01,0.3604668308553724,0.2016408573573978,417.6016264586188,866.3811657324479,0.147,0.011197812286335219,0.15980249831877869
caddb167a0a6,transition,2026,223053512941734,1000,3,50,0.3,1.0,1.0,0.5,100.0,1.0,0.02,0.5068540061458144,0.283528101910935,360.7339680464511,1011.8390504699054,0.224,0.013184233007649706,0.22322795714186183
caddb167a0a6,transition,2026,223053512941734,1000,3,50,0.3,1.0,1.0,0.5,100.0,1.0,0.05,0.7918105639674713,0.4429294107426639,271.28887111165767,1381.0789327150392,0.347,0.01505293991218991,0.3421832065019714
7a657fed531a,transition,2026,134576356545306,1000,3,50,0.3,2.0,1.0,0.5,100.0,1.0,0.005,0.2558914659168278,0.3166487227596009,194.93561422425847,326.6503407983366,0.241,0.013524755080961725,0.24848983875475894
7a657fed531a,transition,2026,134576356545306,1000,3,50,0.3,2.0,1.0,0.5,100.0,1.0,0.01,0.3604668308553724,0.4460538032348997,175.57985534658664,364.26840825387484,0.343,0.015011695440555674,0.3444416182241823
7a657fed531a,transition,2026,134576356545306,1000,3,50,0.3,2.0,1.0,0.5,100.0,1.0,0.02,0.5068540061458144,0.6271982267819142,151.66995029525432,425.4259151769328,0.475,0.015791611697353755,0.46947069456792967
7a657fed531a,transition,2026,134576356545306,1000,3,50,0.3,2.0,1.0,0.5,100.0,1.0,0.05,0.7918105639674713,0.9798130736776983,114.06291960800993,580.6721618512512,0.69,0.014625320509308506,0.6728216025124711
6a082e0616d4,transition,2026,116583364433620,1000,3,50,0.3,4.0,1.0,0.5,100.0,1.0,0.005,0.2558914659168278,0.7084097078153089,81.96032960322998,137.3395503093627,0.528,0.015786576576319513,0.521309134383364
6a082e0616d4,transition,2026,116583364433620,1000,3,50,0.3,4.0,1.0,0.5,100.0,1.0,0.01,0.3604668308553724,0.9979160555763261,73.82223547585522,153.15599934543,0.691,0.014612289348353324,0.6816799342173816
6a082e0616d4,transition,2026,116583364433620,1000,3,50,0.3,4.0,1.0,0.5,100.0,1.0,0.02,0.5068540061458144,1.4031741821178212,63.76935875249422,178.86956351415682,0.847,0.011383804285035824,0.8394350955580623
6a082e0616d4,transition,2026,116583364433620,1000,3,50,0.3,4.0,1.0,0.5,100.0,1.0,0.05,0.7918105639674713,2.1920476646438405,47.9575501058741,244.14256966917094,0.982,0.004204283529925166,0.9716239348909013
368ae824a695,transition,2026,59970228102805,1000,3,100,0.3,0.5,1.0,0.5,100.0,1.0,0.005,0.2558914659168278,0.09235894720737985,1102.7223577019038,1847.8133684432044,0.061,0.0075682891065286355,0.07358714464990279
368ae824a695,transition,2026,59970228102805,1000,3,100,0.3,0.5,1.0,0.5,100.0,1.0,0.01,0.3604668308553724,0.13010335019067745,993.229650842596,2060.6132931867573,0.092,0.00913980306133562,0.10351534041702903
368ae824a695,transition,2026,59970228102805,1000,3,100,0.3,0.5,1.0,0.5,100.0,1.0,0.02,0.5068540061458144,0.1829388964878011,857.9748028480076,2406.5723961128174,0.134,0.010772372069326236,0.14515403712267272
368ae824a695,transition,2026,59970228102805,1000,3,100,0.3,0.5,1.0,0.5,100.0,1.0,0.05,0.7918105639674713,0.2857883119067635,645.2373114940788,3284.7777863301776,0.225,0.013205112646244258,0.22495973930754953
35c0fecd362d,transition,2026,59103024854573,1000,3,100,0.3,1.0,1.0,0.5,100.0,1.0,0.005,0.2558914659168278,0.20243426588964927,463.63763880582763,776.909818790891,0.153,0.011383804285035824,0.16042275742010204
35c0fecd362d,transition,2026,59103024854573,1000,3,100,0.3,1.0,1.0,0.5,100.0,1.0,0.01,0.3604668308553724,0.28516323520337067,417.6016264586188,866.3811657324479,0.218,0.0130566458173606,0.22448091449658736
35c0fecd362d,transition,2026,59103024854573,1000,3,100,0.3,1.0,1.0,0.5,100.0,1.0,0.02,0.5068540061458144,0.4009692870363453,360.7339680464511,1011.8390504699054,0.312,0.014651143300097777,0.311557263674038
35c0fecd362d,transition,2026,59103024854573,1000,3,100,0.3,1.0,1.0,0.5,100.0,1.0,0.05,0.7918105639674713,0.6263967798461985,271.28887111165767,1381.0789327150392,0.471,0.01578477114183161,0.46894527882544157
3fdc134b591c,transition,2026,70214449060124,1000,3,100,0.3,2.0,1.0,0.5,100.0,1.0,0.005,0.2558914659168278,0.4478089182347457,194.93561422425847,326.6503407983366,0.351,0.015093011627902497,0.34570889345210665
3fdc134b591c,transition,2026,70214449060124,1000,3,100,0.3,2.0,1.0,0.5,100.0,1.0,0.01,0.3604668308553724,0.6308153380828951,175.57985534658664,364.26840825387484,0.472,0.015786576576319513,0.4718387266754491
3fdc134b591c,transition,2026,70214449060124,1000,3,100,0.3,2.0,1.0,0.5,100.0,1.0,0.02,0.5068540061458144,0.8869922386113391,151.66995029525432,425.4259151769328,0.627,0.015292841462592882,0.6249169208641581
3fdc134b591c,transition,2026,70214449060124,1000,3,100,0.3,2.0,1.0,0.5,100.0,1.0,0.05,0.7918105639674713,1.3856649373854695,114.06291960800993,580.6721618512512,0.851,0.011260506205317771,0.8341507606386154
2d0e6061a7df,transition,2026,49539769804767,1000,3,100,0.3,4.0,1.0,0.5,100.0,1.0,0.005,0.2558914659168278,1.0018426165091714,81.96032960322998,137.3395503093627,0.682,0.014726710426975875,0.6835803890934029
2d0e6061a7df,transition,2026,49539769804767,1000,3,100,0.3,4.0,1.0,0.5,100.0,1.0,0.01,0.3604668308553724,1.4112664199059037,73.82223547585522,153.15599934543,0.845,0.011444430960078356,0.841833928005326
2d0e6061a7df,transition,2026,49539769804767,1000,3,100,0.3,4.0,1.0,0.5,100.0,1.0,0.02,0.5068540061458144,1.9843879587227977,63.76935875249422,178.86956351415682,0.952,0.006759881655768837,0.9527873926641255
2d0e6061a7df,transition,2026,49539769804767,1000,3,100,0.3,4.0,1.0,0.5,100.0,1.0,0.05,0.7918105639674713,3.100023536707589,47.9575501058741,244.14256966917094,0.998,0.0014127986409959495,0.998064947348283
9dffeb5f130d,transition,2026,173722491097869,1000,3,200,0.3,0.5,1.0,0.5,100.0,1.0,0.005,0.2558914659168278,0.13061527574717727,1102.7223577019038,1847.8133684432044,0.103,0.009612023720320296,0.10392034204160194
9dffeb5f130d,transition,2026,173722491097869,1000,3,200,0.3,0.5,1.0,0.5,100.0,1.0,0.01,0.3604668308553724,0.18399392234983228,993.229650842596,2060.6132931867573,0.157,0.01150439046625244,0.14598177720943406
9dffeb5f130d,transition,2026,173722491097869,1000,3,200,0.3,0.5,1.0,0.5,100.0,1.0,0.02,0.5068540061458144,0.2587146684986161,857.9748028480076,2406.5723961128174,0.217,0.013034991369387246,0.2041445990237154
9dffeb5f130d,transition,2026,173722491097869,1000,3,200,0.3,0.5,1.0,0.5,100.0,1.0,0.05,0.7918105639674713,0.4041657066662573,645.2373114940788,3284.7777863301776,0.323,0.014787528529135625,0.31390913028083123
ec229707fc7b,transition,2026,259633306926203,1000,3,200,0.3,1.0,1.0,0.5,100.0,1.0,0.005,0.2558914659168278,0.2862852843101832,463.63763880582763,776.909818790891,0.214,0.012969348480166612,0.22534037190975065
ec229707fc7b,transition,2026,259633306926203,1000,3,200,0.3,1.0,1.0,0.5,100.0,1.0,0.01,0.3604668308553724,0.4032817147147956,417.6016264586188,866.3811657324479,0.297,0.014449602070645405,0.313259008200772
ec229707fc7b,transition,2026,259633306926203,1000,3,200,0.3,1.0,1.0,0.5,100.0,1.0,0.02,0.5068540061458144,0.56705620382187,360.7339680464511,1011.8390504699054,0.416,0.01558666096378567,0.4293240030103209
ec229707fc7b,transition,2026,259633306926203,1000,3,200,0.3,1.0,1.0,0.5,100.0,1.0,0.05,0.7918105639674713,0.8858588214853278,271.28887111165767,1381.0789327150392,0.622,0.015333492752794452,0.6243063918121559
6734f06fea05,transition,2026,113477069826565,1000,3,200,0.3,2.0,1.0,0.5,100.0,1.0,0.005,0.2558914659168278,0.6332974455192018,194.93561422425847,326.6503407983366,0.515,0.01580427157448264,0.4734605788666182
6734f06fea05,transition,2026,113477069826565,1000,3,200,0.3,2.0,1.0,0.5,100.0,1.0,0.01,0.3604668308553724,0.8921076064697994,175.57985534658664,364.26840825387484,0.669,0.014880826589944525,0.6276647417759891
6734f06fea05,transition,2026,113477069826565,1000,3,200,0.3,2.0,1.0,0.5,100.0,1.0,0.02,0.5068540061458144,1.2543964535638283,151.66995029525432,425.4259151769328,0.822,0.012096115078817663,0.7903020590460363
6734f06fea05,transition,2026,113477069826565,1000,3,200,0.3,2.0,1.0,0.5,100.0,1.0,0.05,0.7918105639674713,1.9596261473553966,114.06291960800993,580.6721618512512,0.947,0.007084560677981384,0.9499604970881135
34248f22d5ac,transition,2026,57331624891820,1000,3,200,0.3,4.0,1.0,0.5,100.0,1.0,0.005,0.2558914659168278,1.4168194156306178,81.96032960322998,137.3395503093627,0.845,0.011444430960078356,0.8434642683562397
34248f22d5ac,transition,2026,57331624891820,1000,3,200,0.3,4.0,1.0,0.5,100.0,1.0,0.01,0.3604668308553724,1.9958321111526522,73.82223547585522,153.15599934543,0.956,0.006485676526007139,0.9540477997112446
34248f22d5ac,transition,2026,57331624891820,1000,3,200,0.3,4.0,1.0,0.5,100.0,1.0,0.02,0.5068540061458144,2.8063483642356424,63.76935875249422,178.86956351415682,0.997,0.0017294507798720387,0.9949893510636447
34248f22d5ac,transition,2026,57331624891820,1000,3,200,0.3,4.0,1.0,0.5,100.0,1.0,0.05,0.7918105639674713,4.384095329287681,47.9575501058741,244.14256966917094,1.0,0.0,0.9999883531233671
02e53cee11df,transition,2026,3183593001439,1000,5,10,0.3,0.5,1.0,0.5,100.0,1.0,0.005,0.2558914659168278,0.05204513565740197,1102.7223577019038,1847.8133684432044,0.034,0.005730968504537431,0.041507270929789675
02e53cee11df,transition,2026,3183593001439,1000,5,10,0.3,0.5,1.0,0.5,100.0,1.0,0.01,0.3604668308553724,0.0733144618350006,993.229650842596,2060.6132931867573,0.046,0.006624499981130651,0.05844411621015477
02e53cee11df,transition,2026,3183593001439,1000,5,10,0.3,0.5,1.0,0.5,100.0,1.0,0.02,0.5068540061458144,0.10308778924628381,857.9748028480076,2406.5723961128174,0.07,0.008068457101577725,0.0821067038410912
02e53cee11df,transition,2026,3183593001439,1000,5,10,0.3,0.5,1.0,0.5,100.0,1.0,0.05,0.7918105639674713,0.16104440243445015,645.2373114940788,3284.7777863301776,0.117,0.010164201887015036,0.12794157104892423
8fe786265e4d,transition,2026,158224550878797,1000,5,10,0.3,1.0,1.0,0.5,100.0,1.0,0.005,0.2558914659168278,0.11454515632002694,463.63763880582763,776.909818790891,0.092,0.00913980306133562,0.09119434763297996
8fe786265e4d,transition,2026,158224550878797,1000,5,10,0.3,1.0,1.0,0.5,100.0,1.0,0.01,0.3604668308553724,0.1613564146837695,417.6016264586188,866.3811657324479,0.135,0.010806248192596726,0.12818730717579307
8fe786265e4d,transition,2026,158224550878797,1000,5,10,0.3,1.0,1.0,0.5,100.0,1.0,0.02,0.5068540061458144,0.22688396878493258,360.7339680464511,1011.8390504699054,0.191,0.012430567163247218,0.17948603192793744
8fe786265e4d,transition,2026,158224550878797,1000,5,10,0.3,1.0,1.0,0.5,100.0,1.0,0.05,0.7918105639674713,0.3544395843782543,271.28887111165767,1381.0789327150392,0.289,0.0143345387090063,0.2769905265401569
903fa66acdf0,transition,2026,158603049356784,1000,5,10,0.3,2.0,1.0,0.5,100.0,1.0,0.005,0.2558914659168278,0.2546597887117836,194.93561422425847,326.6503407983366,0.219,0.013078187947877183,0.20101412361054916
903fa66acdf0,transition,2026,158603049356784,1000,5,10,0.3,2.0,1.0,0.5,100.0,1.0,0.01,0.3604668308553724,0.3587318031663934,175.57985534658664,364.26840825387484,0.293,0.014392741226048637,0.28020426567288736
903fa66acdf0,transition,2026,158603049356784,1000,5,10,0.3,2.0,1.0,0.5,100.0,1.0,0.02,0.5068540061458144,0.5044143760338119,151.66995029525432,425.4259151769328,0.385,0.015387494922826133,0.38602978217517836
903fa66acdf0,transition,2026,158603049356784,1000,5,10,0.3,2.0,1.0,0.5,100.0,1.0,0.05,0.7918105639674713,0.7879993582328143,114.06291960800993,580.6721618512512,0.592,0.015541428505771277,0.5693029187272223
13ce60adcdc1,transition,2026,21777106193857,1000,5,10,0.3,4.0,1.0,0.5,100.0,1.0,0.005,0.2558914659168278,0.573274558147896,81.96032960322998,137.3395503093627,0.429,0.015651166090742248,0.4335411910855307
13ce60adcdc1,transition,2026,21777106193857,1000,5,10,0.3,4.0,1.0,0.5,100.0,1.0,0.01,0.3604668308553724,0.8075551189063572,73.82223547585522,153.15599934543,0.58,0.015607690412101338,0.5806532678111136
13ce60adcdc1,transition,2026,21777106193857,1000,5,10,0.3,4.0,1.0,0.5,100.0,1.0,0.02,0.5068540061458144,1.1355068266058364,63.76935875249422,178.86956351415682,0.754,0.013619251080731275,0.7438369767546862
13ce60adcdc1,transition,2026,21777106193857,1000,5,10,0.3,4.0,1.0,0.5,100.0,1.0,0.05,0.7918105639674713,1.7738960131746917,47.9575501058741,244.14256966917094,0.928,0.00817410545564467,0.9239196476644986
9d150692e6ed,transition,2026,172713630164717,1000,5,20,0.3,0.5,1.0,0.5,100.0,1.0,0.005,0.2558914659168278,0.07360293670224545,1102.7223577019038,1847.8133684432044,0.072,0.008174105455644672,0.058673665670677666
9d150692e6ed,transition,2026,172713630164717,1000,5,20,0.3,0.5,1.0,0.5,100.0,1.0,0.01,0.3604668308553724,0.10368230624514252,993.229650842596,2060.6132931867573,0.097,0.00935900635751467,0.0825785314615548
9d150692e6ed,transition,2026,172713630164717,1000,5,20,0.3,0.5,1.0,0.5,100.0,1.0,0.02,0.5068540061458144,0.1457881496671539,857.9748028480076,2406.5723961128174,0.127,0.010529529904036551,0.11591136885565367
9d150692e6ed,transition,2026,172713630164717,1000,5,20,0.3,0.5,1.0,0.5,100.0,1.0,0.05,0.7918105639674713,0.2277511780670701,645.2373114940788,3284.7777863301776,0.188,0.012355403676124872,0.18016031655171538
f03d75d4197f,transition,2026,264146760505727,1000,5,20,0.3,1.0,1.0,0.5,100.0,1.0,0.005,0.2558914659168278,0.16199131357192834,463.63763880582763,776.909818790891,0.148,0.011229247525992114,0.128687305709982
f03d75d4197f,transition,2026,264146760505727,1000,5,20,0.3,1.0,1.0,0.5,100.0,1.0,0.01,0.3604668308553724,0.22819243002168407,417.6016264586188,866.3811657324479,0.21,0.01288021738946979,0.18050335382368687
f03d75d4197f,transition,2026,264146760505727,1000,5,20,0.3,1.0,1.0,0.5,100.0,1.0,0.02,0.5068540061458144,0.32086238574068565,360.7339680464511,1011.8390504699054,0.281,0.014214042352547005,0.25168532021168666
f03d75d4197f,transition,2026,264146760505727,1000,5,20,0.3,1.0,1.0,0.5,100.0,1.0,0.05,0.7918105639674713,0.5012532672696103,271.28887111165767,1381.0789327150392,0.411,0.015558888135082145,0.3838071097856828
5eaee68f1cde,transition,2026,104105285459166,1000,5,20,0.3,2.0,1.0,0.5,100.0,1.0,0.005,0.2558914659168278,0.36014332698727114,194.93561422425847,326.6503407983366,0.267,0.013989674763910703,0.28126004663161885
5eaee68f1cde,transition,2026,104105285459166,1000,5,20,0.3,2.0,1.0,0.5,100.0,1.0,0.01,0.3604668308553724,0.5073233812924692,175.57985534658664,364.26840825387484,0.371,0.015276092432294327,0.38807206438126784
5eaee68f1cde,transition,2026,104105285459166,1000,5,20,0.3,2.0,1.0,0.5,100.0,1.0,0.02,0.5068540061458144,0.7133496516429791,151.66995029525432,425.4259151769328,0.515,0.01580427157448264,0.5243705797457343
5eaee68f1cde,transition,2026,104105285459166,1000,5,20,0.3,2.0,1.0,0.5,100.0,1.0,0.05,0.7918105639674713,1.1143993795541411,114.06291960800993,580.6721618512512,0.737,0.013922320208930694,0.7348921106063542
33eb4a0c3b06,transition,2026,57085652646662,1000,5,20,0.3,4.0,1.0,0.5,100.0,1.0,0.005,0.2558914659168278,0.810732655096198,81.96032960322998,137.3395503093627,0.582,0.015597307459943206,0.5824807838711452
33eb4a0c3b06,transition,2026,57085652646662,1000,5,20,0.3,4.0,1.0,0.5,100.0,1.0,0.01,0.3604668308553724,1.1420554015211881,73.82223547585522,153.15599934543,0.762,0.01346684818359515,0.74656900811533
33eb4a0c3b06,transition,2026,57085652646662,1000,5,20,0.3,4.0,1.0,0.5,100.0,1.0,0.02,0.5068540061458144,1.6058491543532085,63.76935875249422,178.86956351415682,0.895,0.009694070352540258,0.891692942491453
33eb4a0c3b06,transition,2026,57085652646662,1000,5,20,0.3,4.0,1.0,0.5,100.0,1.0,0.05,0.7918105639674713,2.508667800071212,47.9575501058741,244.14256966917094,0.987,0.0035820385257559714,0.9878812605796108
044c9a0cf15f,transition,2026,4727048565087,1000,5,50,0.3,0.5,1.0,0.5,100.0,1.0,0.005,0.2558914659168278,0.11637646122814901,1102.7223577019038,1847.8133684432044,0.103,0.009612023720320296,0.09264581016024609
044c9a0cf15f,transition,2026,4727048565087,1000,5,50,0.3,0.5,1.0,0.5,100.0,1.0,0.01,0.3604668308553724,0.1639361203968753,993.229650842596,2060.6132931867573,0.149,0.01126050620531777,0.13021856821338273
044c9a0cf15f,transition,2026,4727048565087,1000,5,50,0.3,0.5,1.0,0.5,100.0,1.0,0.02,0.5068540061458144,0.23051130440486242,857.9748028480076,2406.5723961128174,0.201,0.012672766075328622,0.1823055196597987
044c9a0cf15f,transition,2026,4727048565087,1000,5,50,0.3,0.5,1.0,0.5,100.0,1.0,0.05,0.7918105639674713,0.36010623123926316,645.2373114940788,3284.7777863301776,0.302,0.014518815378673288,0.28123230689075784
9ba3803d29b3,transition,2026,171126533466547,1000,5,50,0.3,1.0,1.0,0.5,100.0,1.0,0.005,0.2558914659168278,0.25613075602491986,463.63763880582763,776.909818790891,0.18,0.012149074038789953,0.2021501259856251
9ba3803d29b3,transition,2026,171126533466547,1000,5,50,0.3,1.0,1.0,0.5,100.0,1.0,0.01,0.3604668308553724,0.3608039118385538,417.6016264586188,866.3811657324479,0.261,0.013888088421377507,0.28175396171050804
9ba3803d29b3,transition,2026,171126533466547,1000,5,50,0.3,1.0,1.0,0.5,100.0,1.0,0.02,0.5068540061458144,0.5073279772080497,360.7339680464511,1011.8390504699054,0.391,0.015431104950715617,0.3880752885880683
9ba3803d29b3,transition,2026,171126533466547,1000,5,50,0.3,1.0,1.0,0.5,100.0,1.0,0.05,0.7918105639674713,0.7925510045865493,271.28887111165767,1381.0789327150392,0.585,0.015581238718407468,0.5719605358307716
1f59d70bf63a,transition,2026,34470720435770,1000,5,50,0.3,2.0,1.0,0.5,100.0,1.0,0.005,0.2558914659168278,0.5694365986952815,194.93561422425847,326.6503407983366,0.402,0.015504708962118573,0.43094011440220403
1f59d70bf63a,transition,2026,34470720435770,1000,5,50,0.3,2.0,1.0,0.5,100.0,1.0,0.01,0.3604668308553724,0.8021486975711299,175.57985534658664,364.26840825387484,0.573,0.015641962792437528,0.5775330515790749
1f59d70bf63a,transition,2026,34470720435770,1000,5,50,0.3,2.0,1.0,0.5,100.0,1.0,0.02,0.5068540061458144,1.1279048336397441,151.66995029525432,425.4259151769328,0.776,0.013184233007649704,0.7406398876989435
1f59d70bf63a,transition,2026,34470720435770,1000,5,50,0.3,2.0,1.0,0.5,100.0,1.0,0.05,0.7918105639674713,1.7620201312347814,114.06291960800993,580.6721618512512,0.932,0.00796090447122687,0.9219341037636943
22f024bd0cfc,transition,2026,38414803864828,1000,5,50,0.3,4.0,1.0,0.5,100.0,1.0,0.005,0.2558914659168278,1.281880881789851,81.96032960322998,137.3395503093627,0.802,0.012601428490452976,0.8001155645134572
22f024bd0cfc,transition,2026,38414803864828,1000,5,50,0.3,4.0,1.0,0.5,100.0,1.0,0.01,0.3604668308553724,1.8057481414525405,73.82223547585522,153.15599934543,0.926,0.008277922444671728,0.9290423108377828
22f024bd0cfc,transition,2026,38414803864828,1000,5,50,0.3,4.0,1.0,0.5,100.0,1.0,0.02,0.5068540061458144,2.539070453205717,63.76935875249422,178.86956351415682,0.99,0.003146426544510456,0.9888852561773684
22f024bd0cfc,transition,2026,38414803864828,1000,5,50,0.3,4.0,1.0,0.5,100.0,1.0,0.05,0.7918105639674713,3.9665520704744734,47.9575501058741,244.14256966917094,1.0,0.0,0.999927080149488
41a7bf95e7d2,transition,2026,72188729616338,1000,5,100,0.3,0.5,1.0,0.5,100.0,1.0,0.005,0.2558914659168278,0.164581169809835,1102.7223577019038,1847.8133684432044,0.136,0.010839926199010766,0.13072634659835636
41a7bf95e7d2,transition,2026,72188729616338,1000,5,100,0.3,0.5,1.0,0.5,100.0,1.0,0.01,0.3604668308553724,0.23184068482808964,993.229650842596,2060.6132931867573,0.187,0.012330085157856777,0.18333824409605404
41a7bf95e7d2,transition,2026,72188729616338,1000,5,100,0.3,0.5,1.0,0.5,100.0,1.0,0.02,0.5068540061458144,0.3259922129696694,857.9748028480076,2406.5723961128174,0.278,0.01416742743055351,0.2555697532483405
41a7bf95e7d2,transition,2026,72188729616338,1000,5,100,0.3,0.5,1.0,0.5,100.0,1.0,0.05,0.7918105639674713,0.5092671161136278,645.2373114940788,3284.7777863301776,0.421,0.015612783224012302,0.3894349957366319
527ff7602c2c,transition,2026,90709564599340,1000,5,100,0.3,1.0,1.0,0.5,100.0,1.0,0.005,0.2558914659168278,0.362223588911316,463.63763880582763,776.909818790891,0.296,0.01443551176785915,0.2828150466480912
527ff7602c2c,transition,2026,90709564599340,1000,5,100,0.3,1.0,1.0,0.5,100.0,1.0,0.01,0.3604668308553724,0.5102537854793494,417.6016264586188,866.3811657324479,0.407,0.015535475531827147,0.39012632468194
527ff7602c2c,transition,2026,90709564599340,1000,5,100,0.3,1.0,1.0,0.5,100.0,1.0,0.02,0.5068540061458144,0.7174701059389322,360.7339680464511,1011.8390504699054,0.547,0.015741378592740853,0.5269159244332113
527ff7602c2c,transition,2026,90709564599340,1000,5,100,0.3,1.0,1.0,0.5,100.0,1.0,0.05,0.7918105639674713,1.1208363795587188,271.28887111165767,1381.0789327150392,0.753,0.013637851736985557,0.7376424843488061
ac6990f43d4e,transition,2026,189569403469134,1000,5,100,0.3,2.0,1.0,0.5,100.0,1.0,0.005,0.2558914659168278,0.8053049607864727,194.93561422425847,326.6503407983366,0.576,0.015627667772255716,0.5793562801936174
ac6990f43d4e,transition,2026,189569403469134,1000,5,100,0.3,2.0,1.0,0.5,100.0,1.0,0.01,0.3604668308553724,1.1344095671450063,175.57985534658664,364.26840825387484,0.75,0.013693063937629153,0.7433772121827529
ac6990f43d4e,transition,2026,189569403469134,1000,5,100,0.3,2.0,1.0,0.5,100.0,1.0,0.02,0.5068540061458144,1.5950983127994955,151.66995029525432,425.4259151769328,0.886,0.010050074626588601,0.889309747270832
ac6990f43d4e,transition,2026,189569403469134,1000,5,100,0.3,2.0,1.0,0.5,100.0,1.0,0.05,0.7918105639674713,2.4918727667666487,114.06291960800993,580.6721618512512,0.987,0.0035820385257559714,0.9872928452125955
53f3b4f01d23,transition,2026,92306177793315,1000,5,100,0.3,4.0,1.0,0.5,100.0,1.0,0.005,0.2558914659168278,1.8128533283739898,81.96032960322998,137.3395503093627,0.933,0.007906389820898028,0.9301455537279693
53f3b4f01d23,transition,2026,92306177793315,1000,5,100,0.3,4.0,1.0,0.5,100.0,1.0,0.01,0.3604668308553724,2.553713511872193,73.82223547585522,153.15599934543,0.988,0.003443254274665176,0.9893419089335223
53f3b4f01d23,transition,2026,92306177793315,1000,5,100,0.3,4.0,1.0,0.5,100.0,1.0,0.02,0.5068540061458144,3.5907878707443257,63.76935875249422,178.86956351415682,0.999,0.0009994998749374613,0.9996703201191
53f3b4f01d23,transition,2026,92306177793315,1000,5,100,0.3,4.0,1.0,0.5,100.0,1.0,0.05,0.7918105639674713,5.60955173392408,47.9575501058741,244.14256966917094,1.0,0.0,0.9999999797148647
309b4278cc11,transition,2026,53443393276945,1000,5,200,0.3,0.5,1.0,0.5,100.0,1.0,0.005,0.2558914659168278,0.23275292245629803,1102.7223577019038,1847.8133684432044,0.182,0.012201475320632338,0.18404672862705462
309b4278cc11,transition,2026,53443393276945,1000,5,200,0.3,0.5,1.0,0.5,100.0,1.0,0.01,0.3604668308553724,0.3278722407937506,993.229650842596,2060.6132931867573,0.244,0.013581752464244074,0.2569917367827179
309b4278cc11,transition,2026,53443393276945,1000,5,200,0.3,0.5,1.0,0.5,100.0,1.0,0.02,0.5068540061458144,0.46102260880972484,857.9748028480076,2406.5723961128174,0.34,0.014979986648859203,0.35521761550628206
309b4278cc11,transition,2026,53443393276945,1000,5,200,0.3,0.5,1.0,0.5,100.0,1.0,0.05,0.7918105639674713,0.7202124624785263,645.2373114940788,3284.7777863301776,0.543,0.015752809273269323,0.5286058081191778
cc10700f53ae,transition,2026,224370971595694,1000,5,200,0.3,1.0,1.0,0.5,100.0,1.0,0.005,0.2558914659168278,0.5122615120498397,463.63763880582763,776.909818790891,0.417,0.015592017188292218,0.39153200212726635
cc10700f53ae,transition,2026,224370971595694,1000,5,200,0.3,1.0,1.0,0.5,100.0,1.0,0.01,0.3604668308553724,0.7216078236771076,417.6016264586188,866.3811657324479,0.552,0.015725647840391186,0.5294643723333545
cc10700f53ae,transition,2026,224370971595694,1000,5,200,0.3,1.0,1.0,0.5,100.0,1.0,0.02,0.5068540061458144,1.0146559544160993,360.7339680464511,1011.8390504699054,0.71,0.014349216006458332,0.689730143223745
cc10700f53ae,transition,2026,224370971595694,1000,5,200,0.3,1.0,1.0,0.5,100.0,1.0,0.05,0.7918105639674713,1.5851020091730985,271.28887111165767,1381.0789327150392,0.889,0.00993373041711924,0.8870568408227433
086003f45b36,transition,2026,9208476228406,1000,5,200,0.3,2.0,1.0,0.5,100.0,1.0,0.005,0.2558914659168278,1.138873197390563,194.93561422425847,326.6503407983366,0.726,0.014104041973845655,0.7452439538089066
086003f45b36,transition,2026,9208476228406,1000,5,200,0.3,2.0,1.0,0.5,100.0,1.0,0.01,0.3604668308553724,1.6042973951422599,175.57985534658664,364.26840825387484,0.875,0.010458250331675944,0.891351484985424
086003f45b36,transition,2026,9208476228406,1000,5,200,0.3,2.0,1.0,0.5,100.0,1.0,0.02,0.5068540061458144,2.2558096672794883,151.66995029525432,425.4259151769328,0.976,0.004839834707921338,0.9759174463481108
086003f45b36,transition,2026,9208476228406,1000,5,200,0.3,2.0,1.0,0.5,100.0,1.0,0.05,0.7918105639674713,3.524040262469563,114.06291960800993,580.6721618512512,1.0,0.0,0.9995749803386014
eb3dc24852e9,transition,2026,258650485052137,1000,5,200,0.3,4.0,1.0,0.5,100.0,1.0,0.005,0.2558914659168278,2.563761763579702,81.96032960322998,137.3395503093627,0.99,0.003146426544510456,0.9896455410341809
eb3dc24852e9,transition,2026,258650485052137,1000,5,200,0.3,4.0,1.0,0.5,100.0,1.0,0.01,0.3604668308553724,3.611496282905081,73.82223547585522,153.15599934543,0.999,0.0009994998749374613,0.9996955645516254
eb3dc24852e9,transition,2026,258650485052137,1000,5,200,0.3,4.0,1.0,0.5,100.0,1.0,0.02,0.5068540061458144,5.078140906411434,63.76935875249422,178.86956351415682,1.0,0.0,0.9999996188540126
eb3dc24852e9,transition,2026,258650485052137,1000,5,200,0.3,4.0,1.0,0.5,100.0,1.0,0.05,0.7918105639674713,7.933104140948947,47.9575501058741,244.14256966917094,1.0,0.0,0.9999999999999978
7374eda228cc,transition,2026,126946040228044,1000,8,10,0.3,0.5,1.0,0.5,100.0,1.0,0.005,0.2558914659168278,0.08470570240439056,1102.7223577019038,1847.8133684432044,0.059,0.007451107300260815,0.06750463759907
7374eda228cc,transition,2026,126946040228044,1000,8,10,0.3,0.5,1.0,0.5,100.0,1.0,0.01,0.3604668308553724,0.11932244786550741,993.229650842596,2060.6132931867573,0.073,0.008226238508577295,0.09498010027603065
7374eda228cc,transition,2026,126946040228044,1000,8,10,0.3,0.5,1.0,0.5,100.0,1.0,0.02,0.5068540061458144,0.16777982201647595,857.9748028480076,2406.5723961128174,0.099,0.009444522221901964,0.13324350284274433
7374eda228cc,transition,2026,126946040228044,1000,8,10,0.3,0.5,1.0,0.5,100.0,1.0,0.05,0.7918105639674713,0.2621067089977954,645.2373114940788,3284.7777863301776,0.172,0.011933817494833746,0.20676082547689578
0d07334113b0,transition,2026,14324575835056,1000,8,10,0.3,1.0,1.0,0.5,100.0,1.0,0.005,0.2558914659168278,0.18727058886176437,463.63763880582763,776.909818790891,0.141,0.011005407761641547,0.14855151828884816
0d07334113b0,transition,2026,14324575835056,1000,8,10,0.3,1.0,1.0,0.5,100.0,1.0,0.01,0.3604668308553724,0.26380260645878917,417.6016264586188,866.3811657324479,0.181,0.0121753439376471,0.20806797396232657
0d07334113b0,transition,2026,14324575835056,1000,8,10,0.3,1.0,1.0,0.5,100.0,1.0,0.02,0.5068540061458144,0.3709340124251052,360.7339680464511,1011.8390504699054,0.26,0.013870832707519763,0.28931331878097
0d07334113b0,transition,2026,14324575835056,1000,8,10,0.3,1.0,1.0,0.5,100.0,1.0,0.05,0.7918105639674713,0.5794754821145552,271.28887111165767,1381.0789327150392,0.421,0.015612783224012302,0.4377316145878656
cfa4bcffa7a4,transition,2026,228306452457380,1000,8,10,0.3,2.0,1.0,0.5,100.0,1.0,0.005,0.2558914659168278,0.41865452069907083,194.93561422425847,326.6503407983366,0.305,0.014559361249725209,0.32453136209609834
cfa4bcffa7a4,transition,2026,228306452457380,1000,8,10,0.3,2.0,1.0,0.5,100.0,1.0,0.01,0.3604668308553724,0.5897463901696489,175.57985534658664,364.26840825387484,0.42,0.015607690412101338,0.44463931104841947
cfa4bcffa7a4,transition,2026,228306452457380,1000,8,10,0.3,2.0,1.0,0.5,100.0,1.0,0.02,0.5068540061458144,0.8292450091960079,151.66995029525432,425.4259151769328,0.568,0.01566448211719749,0.5930342191425457
cfa4bcffa7a4,transition,2026,228306452457380,1000,8,10,0.3,2.0,1.0,0.5,100.0,1.0,0.05,0.7918105639674713,1.2954518469561163,114.06291960800993,580.6721618512512,0.787,0.012947239087929132,0.8048355976216999
6481d2781030,transition,2026,110508744642608,1000,8,10,0.3,4.0,1.0,0.5,100.0,1.0,0.005,0.2558914659168278,0.949009221355785,81.96032960322998,137.3395503093627,0.698,0.01451881537867329,0.6573840778907036
6481d2781030,transition,2026,110508744642608,1000,8,10,0.3,4.0,1.0,0.5,100.0,1.0,0.01,0.3604668308553724,1.336841559951954,73.82223547585522,153.15599934543,0.833,0.01179453263168999,0.8187256399680074
6481d2781030,transition,2026,110508744642608,1000,8,10,0.3,4.0,1.0,0.5,100.0,1.0,0.02,0.5068540061458144,1.8797388337672876,63.76935875249422,178.86956351415682,0.957,0.006414904519944161,0.9398563197415957
6481d2781030,transition,2026,110508744642608,1000,8,10,0.3,4.0,1.0,0.5,100.0,1.0,0.05,0.7918105639674713,2.936540005661202,47.9575501058741,244.14256966917094,0.998,0.0014127986409959495,0.9966810399199189
c69096d07c20,transition,2026,218324307835936,1000,8,20,0.3,0.5,1.0,0.5,100.0,1.0,0.005,0.2558914659168278,0.1197919531506284,1102.7223577019038,1847.8133684432044,0.119,0.010239091756596383,0.09535204350476723
c69096d07c20,transition,2026,218324307835936,1000,8,20,0.3,0.5,1.0,0.5,100.0,1.0,0.01,0.3604668308553724,0.16874742406695717,993.229650842596,2060.6132931867573,0.152,0.011353237423748346,0.13400468537224985
c69096d07c20,transition,2026,218324307835936,1000,8,20,0.3,0.5,1.0,0.5,100.0,1.0,0.02,0.5068540061458144,0.23727649978824433,857.9748028480076,2406.5723961128174,0.205,0.0127661662216971,0.18755770795912818
c69096d07c20,transition,2026,218324307835936,1000,8,20,0.3,0.5,1.0,0.5,100.0,1.0,0.05,0.7918105639674713,0.37067486265366045,645.2373114940788,3284.7777863301776,0.324,0.014799459449588015,0.2891202846838752
13afe3bcd5a8,transition,2026,21646161008040,1000,8,20,0.3,1.0,1.0,0.5,100.0,1.0,0.005,0.2558914659168278,0.26484060660190306,463.63763880582763,776.909818790891,0.21,0.01288021738946979,0.20886774609373848
13afe3bcd5a8,transition,2026,21646161008040,1000,8,20,0.3,1.0,1.0,0.5,100.0,1.0,0.01,0.3604668308553724,0.373073223843392,417.6016264586188,866.3811657324479,0.286,0.014289996501049255,0.2909060533633743
13afe3bcd5a8,transition,2026,21646161008040,1000,8,20,0.3,1.0,1.0,0.5,100.0,1.0,0.02,0.5068540061458144,0.524579911117054,360.7339680464511,1011.8390504699054,0.411,0.015558888135082145,0.40012474513506513
13afe3bcd5a8,transition,2026,21646161008040,1000,8,20,0.3,1.0,1.0,0.5,100.0,1.0,0.05,0.7918105639674713,0.819502085869092,271.28887111165767,1381.0789327150392,0.616,0.015379986996093333,0.5874999876248497
128b665bbe4a,transition,2026,20389927042634,1000,8,20,0.3,2.0,1.0,0.5,100.0,1.0,0.005,0.2558914659168278,0.5920669011214337,194.93561422425847,326.6503407983366,0.469,0.01578096955196353,0.44619421001252
128b665bbe4a,transition,2026,20389927042634,1000,8,20,0.3,2.0,1.0,0.5,100.0,1.0,0.01,0.3604668308553724,0.8340273433384925,175.57985534658664,364.26840825387484,0.618,0.01536476488593301,0.5957344242349898
128b665bbe4a,transition,2026,20389927042634,1000,8,20,0.3,2.0,1.0,0.5,100.0,1.0,0.02,0.5068540061458144,1.1727295385351966,151.66995029525432,425.4259151769328,0.786,0.012969348480166612,0.7590957179328539
128b665bbe4a,transition,2026,20389927042634,1000,8,20,0.3,2.0,1.0,0.5,100.0,1.0,0.05,0.7918105639674713,1.8320455713666148,114.06291960800993,580.6721618512512,0.945,0.007209368904418752,0.9330553685989431
c527714e6b65,transition,2026,216773195361125,1000,8,20,0.3,4.0,1.0,0.5,100.0,1.0,0.005,0.2558914659168278,1.342101711658482,81.96032960322998,137.3395503093627,0.824,0.012042591083317579,0.8204369810117524
c527714e6b65,transition,2026,216773195361125,1000,8,20,0.3,4.0,1.0,0.5,100.0,1.0,0.01,0.3604668308553724,1.8905794648280587,73.82223547585522,153.15599934543,0.938,0.00762600813007697,0.9413194963824671
c527714e6b65,transition,2026,216773195361125,1000,8,20,0.3,4.0,1.0,0.5,100.0,1.0,0.02,0.5068540061458144,2.6583521524330833,63.76935875249422,178.86956351415682,0.989,0.0032983329122452166,0.9921476204488442
c527714e6b65,transition,2026,216773195361125,1000,8,20,0.3,4.0,1.0,0.5,100.0,1.0,0.05,0.7918105639674713,4.152894702457238,47.9575501058741,244.14256966917094,1.0,0.0,0.9999671704174575
94245584f30e,transition,2026,162883774509838,1000,8,50,0.3,0.5,1.0,0.5,100.0,1.0,0.005,0.2558914659168278,0.18940770865808465,1102.7223577019038,1847.8133684432044,0.139,0.010939789760319894,0.15022671681154232
94245584f30e,transition,2026,162883774509838,1000,8,50,0.3,0.5,1.0,0.5,100.0,1.0,0.01,0.3604668308553724,0.2668131046689493,993.229650842596,2060.6132931867573,0.204,0.01274299807737567,0.21038693614510473
94245584f30e,transition,2026,162883774509838,1000,8,50,0.3,0.5,1.0,0.5,100.0,1.0,0.02,0.5068540061458144,0.3751670872816561,857.9748028480076,2406.5723961128174,0.288,0.014319776534569246,0.29246379396549393
94245584f30e,transition,2026,162883774509838,1000,8,50,0.3,0.5,1.0,0.5,100.0,1.0,0.05,0.7918105639674713,0.5860884186778262,645.2373114940788,3284.7777863301776,0.443,0.015708309902723462,0.4421839014204918
6242cfea5165,transition,2026,108039095603557,1000,8,50,0.3,1.0,1.0,0.5,100.0,1.0,0.005,0.2558914659168278,0.4187497668813201,463.63763880582763,776.909818790891,0.313,0.014663935351739656,0.324600979725848
6242cfea5165,transition,2026,108039095603557,1000,8,50,0.3,1.0,1.0,0.5,100.0,1.0,0.01,0.3604668308553724,0.5898805606834777,417.6016264586188,866.3811657324479,0.454,0.015744332313566048,0.44472927240090243
6242cfea5165,transition,2026,108039095603557,1000,8,50,0.3,1.0,1.0,0.5,100.0,1.0,0.02,0.5068540061458144,0.829433666949287,360.7339680464511,1011.8390504699054,0.602,0.015478888849009803,0.5931409426366372
6242cfea5165,transition,2026,108039095603557,1000,8,50,0.3,1.0,1.0,0.5,100.0,1.0,0.05,0.7918105639674713,1.2957465693026091,271.28887111165767,1381.0789327150392,0.816,0.012253326079069309,0.8049371884959324
6872f8333bf1,transition,2026,114842999667697,1000,8,50,0.3,2.0,1.0,0.5,100.0,1.0,0.005,0.2558914659168278,0.9361399673707151,194.93561422425847,326.6503407983366,0.674,0.01482309009619789,0.6507988726733611
6872f8333bf1,transition,2026,114842999667697,1000,8,50,0.3,2.0,1.0,0.5,100.0,1.0,0.01,0.3604668308553724,1.3187130179044488,175.57985534658664,364.26840825387484,0.825,0.012015614840697917,0.8127349269752717
6872f8333bf1,transition,2026,114842999667697,1000,8,50,0.3,2.0,1.0,0.5,100.0,1.0,0.02,0.5068540061458144,1.854248210564712,151.66995029525432,425.4259151769328,0.945,0.007209368904418752,0.9362963423243489
6872f8333bf1,transition,2026,114842999667697,1000,8,50,0.3,2.0,1.0,0.5,100.0,1.0,0.05,0.7918105639674713,2.8967183913715293,114.06291960800993,580.6721618512512,0.994,0.002442130217658347,0.9962291192178314
328f0f74d715,transition,2026,55590021027605,1000,8,50,0.3,4.0,1.0,0.5,100.0,1.0,0.005,0.2558914659168278,2.12204913022568,81.96032960322998,137.3395503093627,0.972,0.005216895628628201,0.9661663874638962
328f0f74d715,transition,2026,55590021027605,1000,8,50,0.3,4.0,1.0,0.5,100.0,1.0,0.01,0.3604668308553724,2.98926860319943,73.82223547585522,153.15599934543,0.996,0.0019959959919799443,0.997203538241576
328f0f74d715,transition,2026,55590021027605,1000,8,50,0.3,4.0,1.0,0.5,100.0,1.0,0.02,0.5068540061458144,4.203223812249833,63.76935875249422,178.86956351415682,1.0,0.0,0.9999736859827657
328f0f74d715,transition,2026,55590021027605,1000,8,50,0.3,4.0,1.0,0.5,100.0,1.0,0.05,0.7918105639674713,6.566303071306065,47.9575501058741,244.14256966917094,1.0,0.0,0.9999999999484201
7898c7df588a,transition,2026,132597583665290,1000,8,100,0.3,0.5,1.0,0.5,100.0,1.0,0.005,0.2558914659168278,0.2678629504022752,1102.7223577019038,1847.8133684432044,0.205,0.0127661662216971,0.21119518686391436
7898c7df588a,transition,2026,132597583665290,1000,8,100,0.3,0.5,1.0,0.5,100.0,1.0,0.01,0.3604668308553724,0.37733071124170026,993.229650842596,2060.6132931867573,0.279,0.014183053267896867,0.2940721481941144
7898c7df588a,transition,2026,132597583665290,1000,8,100,0.3,0.5,1.0,0.5,100.0,1.0,0.02,0.5068540061458144,0.5305663829897287,857.9748028480076,2406.5723961128174,0.397,0.01547226550961429,0.40428070365612045
7898c7df588a,transition,2026,132597583665290,1000,8,100,0.3,0.5,1.0,0.5,100.0,1.0,0.05,0.7918105639674713,0.8288541904439828,645.2373114940788,3284.7777863301776,0.609,0.015431104950715617,0.5928130802607425
b929a1a60226,transition,2026,203588456808998,1000,8,100,0.3,1.0,1.0,0.5,100.0,1.0,0.005,0.2558914659168278,0.5922015995641348,463.63763880582763,776.909818790891,0.444,0.015711906313366306,0.4462844015572698
b929a1a60226,transition,2026,203588456808998,1000,8,100,0.3,1.0,1.0,0.5,100.0,1.0,0.01,0.3604668308553724,0.8342170890988198,417.6016264586188,866.3811657324479,0.59,0.01555313473226539,0.5958413370600852
b929a1a60226,transition,2026,203588456808998,1000,8,100,0.3,1.0,1.0,0.5,100.0,1.0,0.02,0.5068540061458144,1.1729963408885302,360.7339680464511,1011.8390504699054,0.761,0.01348625225924534,0.7592027269438024
b929a1a60226,transition,2026,203588456808998,1000,8,100,0.3,1.0,1.0,0.5,100.0,1.0,0.05,0.7918105639674713,1.8324623717061597,271.28887111165767,1381.0789327150392,0.939,0.007568289106528638,0.9331174371018931
781deeac5c33,transition,2026,132069953657907,1000,8,100,0.3,2.0,1.0,0.5,100.0,1.0,0.005,0.2558914659168278,1.323901838135172,194.93561422425847,326.6503407983366,0.815,0.012279047194306243,0.814464352315218
781deeac5c33,transition,2026,132069953657907,1000,8,100,0.3,2.0,1.0,0.5,100.0,1.0,0.01,0.3604668308553724,1.8649418347984255,175.57985534658664,364.26840825387484,0.939,0.007568289106528638,0.9378104423698412
781deeac5c33,transition,2026,132069953657907,1000,8,100,0.3,2.0,1.0,0.5,100.0,1.0,0.02,0.5068540061458144,2.6223029673866582,151.66995029525432,425.4259151769328,0.993,0.002636474919281427,0.991266224759562
781deeac5c33,transition,2026,132069953657907,1000,8,100,0.3,2.0,1.0,0.5,100.0,1.0,0.05,0.7918105639674713,4.096578435453193,114.06291960800993,580.6721618512512,1.0,0.0,0.9999580698537494
2e11db038598,transition,2026,50654223762840,1000,8,100,0.3,4.0,1.0,0.5,100.0,1.0,0.005,0.2558914659168278,3.001030659987187,81.96032960322998,137.3395503093627,0.996,0.0019959959919799443,0.9973093252840002
2e11db038598,transition,2026,50654223762840,1000,8,100,0.3,4.0,1.0,0.5,100.0,1.0,0.01,0.3604668308553724,4.2274642002207115,73.82223547585522,153.15599934543,1.0,0.0,0.9999763660236851
2e11db038598,transition,2026,50654223762840,1000,8,100,0.3,4.0,1.0,0.5,100.0,1.0,0.02,0.5068540061458144,5.9442561209732565,63.76935875249422,178.86956351415682,1.0,0.0,0.999999997222849
2e11db038598,transition,2026,50654223762840,1000,8,100,0.3,4.0,1.0,0.5,100.0,1.0,0.05,0.7918105639674713,9.286154858093147,47.9575501058741,244.14256966917094,1.0,0.0,1.0
d86edddcd6be,transition,2026,237970680239806,1000,8,200,0.3,0.5,1.0,0.5,100.0,1.0,0.005,0.2558914659168278,0.3788154173161693,1102.7223577019038,1847.8133684432044,0.294,0.014407081592050487,0.29517506219701084
d86edddcd6be,transition,2026,237970680239806,1000,8,200,0.3,0.5,1.0,0.5,100.0,1.0,0.01,0.3604668308553724,0.5336262093378986,993.229650842596,2060.6132931867573,0.413,0.0155701958882989,0.406399828722358
d86edddcd6be,transition,2026,237970680239806,1000,8,200,0.3,0.5,1.0,0.5,100.0,1.0,0.02,0.5068540061458144,0.7503341745633122,857.9748028480076,2406.5723961128174,0.531,0.01578096955196353,0.5469465349627911
d86edddcd6be,transition,2026,237970680239806,1000,8,200,0.3,0.5,1.0,0.5,100.0,1.0,0.05,0.7918105639674713,1.1721768373556525,645.2373114940788,3284.7777863301776,0.759,0.013524755080961725,0.7588739341610931
2e4efa3bc84a,transition,2026,50916740548682,1000,8,200,0.3,1.0,1.0,0.5,100.0,1.0,0.005,0.2558914659168278,0.8374995337626402,463.63763880582763,776.909818790891,0.616,0.015379986996093333,0.5976881610892213
2e4efa3bc84a,transition,2026,50916740548682,1000,8,200,0.3,1.0,1.0,0.5,100.0,1.0,0.01,0.3604668308553724,1.1797611213669554,417.6016264586188,866.3811657324479,0.767,0.013368283360252356,0.7619047633986824
2e4efa3bc84a,transition,2026,50916740548682,1000,8,200,0.3,1.0,1.0,0.5,100.0,1.0,0.02,0.5068540061458144,1.658867333898574,360.7339680464511,1011.8390504699054,0.909,0.009094998625618366,0.9028574716258921
2e4efa3bc84a,transition,2026,50916740548682,1000,8,200,0.3,1.0,1.0,0.5,100.0,1.0,0.05,0.7918105639674713,2.5914931386052182,271.28887111165767,1381.0789327150392,0.986,0.0037153734670958734,0.9904439552847726
f5194992934c,transition,2026,269488957330252,1000,8,200,0.3,2.0,1.0,0.5,100.0,1.0,0.005,0.2558914659168278,1.8722799347414303,194.93561422425847,326.6503407983366,0.935,0.0077958322198467015,0.9388321147410654
f5194992934c,transition,2026,269488957330252,1000,8,200,0.3,2.0,1.0,0.5,100.0,1.0,0.01,0.3604668308553724,2.6374260358088977,175.57985534658664,364.26840825387484,0.988,0.003443254274665176,0.9916462159019224
f5194992934c,transition,2026,269488957330252,1000,8,200,0.3,2.0,1.0,0.5,100.0,1.0,0.02,0.5068540061458144,3.708496421129424,151.66995029525432,425.4259151769328,0.999,0.0009994998749374613,0.9997915063932108
f5194992934c,transition,2026,269488957330252,1000,8,200,0.3,2.0,1.0,0.5,100.0,1.0,0.05,0.7918105639674713,5.793436782743059,114.06291960800993,580.6721618512512,1.0,0.0,0.9999999931039549
adb209474f85,transition,2026,190980171452293,1000,8,200,0.3,4.0,1.0,0.5,100.0,1.0,0.005,0.2558914659168278,4.24409826045136,81.96032960322998,137.3395503093627,1.0,0.0,0.999978052582644
adb209474f85,transition,2026,190980171452293,1000,8,200,0.3,4.0,1.0,0.5,100.0,1.0,0.01,0.3604668308553724,5.97853720639886,73.82223547585522,153.15599934543,1.0,0.0,0.9999999977484981
adb209474f85,transition,2026,190980171452293,1000,8,200,0.3,4.0,1.0,0.5,100.0,1.0,0.02,0.5068540061458144,8.406447624499666,63.76935875249422,178.86956351415682,1.0,0.0,1.0
adb209474f85,transition,2026,190980171452293,1000,8,200,0.3,4.0,1.0,0.5,100.0,1.0,0.05,0.7918105639674713,13.13260614261213,47.9575501058741,244.14256966917094,1.0,0.0,1.0
ea5bcdc4cfef,transition,2026,257680015151087,1000,10,10,0.3,0.5,1.0,0.5,100.0,1.0,0.005,0.2558914659168278,0.10583743434112221,1102.7223577019038,1847.8133684432044,0.081,0.008627803892068943,0.08428866473270391
ea5bcdc4cfef,transition,2026,257680015151087,1000,10,10,0.3,0.5,1.0,0.5,100.0,1.0,0.01,0.3604668308553724,0.14909010117284657,993.229650842596,2060.6132931867573,0.116,0.010126401137620413,0.11851746328690882
ea5bcdc4cfef,transition,2026,257680015151087,1000,10,10,0.3,0.5,1.0,0.5,100.0,1.0,0.02,0.5068540061458144,0.2096362510714925,857.9748028480076,2406.5723961128174,0.155,0.011444430960078356,0.1660484159980411
ea5bcdc4cfef,transition,2026,257680015151087,1000,10,10,0.3,0.5,1.0,0.5,100.0,1.0,0.05,0.7918105639674713,0.3274950896633367,645.2373114940788,3284.7777863301776,0.226,0.013225883713385657,0.2567065437287239
81df8cdb94b6,transition,2026,142797140890806,1000,10,10,0.3,1.0,1.0,0.5,100.0,1.0,0.005,0.2558914659168278,0.23455011137634196,463.63763880582763,776.909818790891,0.183,0.012227469075814503,0.18544206531220997
81df8cdb94b6,transition,2026,142797140890806,1000,10,10,0.3,1.0,1.0,0.5,100.0,1.0,0.01,0.3604668308553724,0.3304038883113243,417.6016264586188,866.3811657324479,0.245,0.013600551459407815,0.2589051960908584
81df8cdb94b6,transition,2026,142797140890806,1000,10,10,0.3,1.0,1.0,0.5,100.0,1.0,0.02,0.5068540061458144,0.4645823695882309,360.7339680464511,1011.8390504699054,0.331,0.014880826589944525,0.3577694397829376
81df8cdb94b6,transition,2026,142797140890806,1000,10,10,0.3,1.0,1.0,0.5,100.0,1.0,0.05,0.7918105639674713,0.7257735434908904,271.28887111165767,1381.0789327150392,0.521,0.015797436500901024,0.5320223917286975
772ee61a4d00,transition,2026,131043312684288,1000,10,10,0.3,2.0,1.0,0.5,100.0,1.0,0.005,0.2558914659168278,0.5259027161984831,194.93561422425847,326.6503407983366,0.425,0.01563249820086348,0.4010441983835853
772ee61a4d00,transition,2026,131043312684288,1000,10,10,0.3,2.0,1.0,0.5,100.0,1.0,0.01,0.3604668308553724,0.7408237893635555,175.57985534658664,364.26840825387484,0.566,0.015673034167001616,0.5411997110171451
772ee61a4d00,transition,2026,131043312684288,1000,10,10,0.3,2.0,1.0,0.5,100.0,1.0,0.02,0.5068540061458144,1.0416756088098884,151.66995029525432,425.4259151769328,0.726,0.014104041973845655,0.702437898882756
772ee61a4d00,transition,2026,131043312684288,1000,10,10,0.3,2.0,1.0,0.5,100.0,1.0,0.05,0.7918105639674713,1.6273122857504476,114.06291960800993,580.6721618512512,0.913,0.008912407082264588,0.8963292100888023
72ac38495e33,transition,2026,126084004273715,1000,10,10,0.3,4.0,1.0,0.5,100.0,1.0,0.005,0.2558914659168278,1.196587471768225,81.96032960322998,137.3395503093627,0.771,0.013287550564344055,0.7685326140019386
72ac38495e33,transition,2026,126084004273715,1000,10,10,0.3,4.0,1.0,0.5,100.0,1.0,0.01,0.3604668308553724,1.6855978070395257,73.82223547585522,153.15599934543,0.902,0.009401914698613255,0.9081267081014648
72ac38495e33,transition,2026,126084004273715,1000,10,10,0.3,4.0,1.0,0.5,100.0,1.0,0.02,0.5068540061458144,2.3701265362509005,63.76935875249422,178.86956351415682,0.972,0.005216895628628201,0.9822180016309117
72ac38495e33,transition,2026,126084004273715,1000,10,10,0.3,4.0,1.0,0.5,100.0,1.0,0.05,0.7918105639674713,3.702626804932856,47.9575501058741,244.14256966917094,0.999,0.0009994998749374613,0.9997866213505626
8a4375c7ea97,transition,2026,152022343477911,1000,10,20,0.3,0.5,1.0,0.5,100.0,1.0,0.005,0.2558914659168278,0.149676735051987,1102.7223577019038,1847.8133684432044,0.088,0.008958571314668427,0.11898033588055412
8a4375c7ea97,transition,2026,152022343477911,1000,10,20,0.3,0.5,1.0,0.5,100.0,1.0,0.01,0.3604668308553724,0.2108452430942165,993.229650842596,2060.6132931867573,0.147,0.011197812286335219,0.16699196684539896
8a4375c7ea97,transition,2026,152022343477911,1000,10,20,0.3,0.5,1.0,0.5,100.0,1.0,0.02,0.5068540061458144,0.296470429430356,857.9748028480076,2406.5723961128174,0.212,0.012925014506761685,0.23312915366718978
8a4375c7ea97,transition,2026,152022343477911,1000,10,20,0.3,0.5,1.0,0.5,100.0,1.0,0.05,0.7918105639674713,0.4631479974124835,645.2373114940788,3284.7777863301776,0.362,0.015197236590906913,0.3567417119570888
44f89427cbcf,transition,2026,75834428214223,1000,10,20,0.3,1.0,1.0,0.5,100.0,1.0,0.005,0.2558914659168278,0.3317039485645428,463.63763880582763,776.909818790891,0.261,0.013888088421377507,0.25988718118307674
44f89427cbcf,transition,2026,75834428214223,1000,10,20,0.3,1.0,1.0,0.5,100.0,1.0,0.01,0.3604668308553724,0.4672616599106801,417.6016264586188,866.3811657324479,0.393,0.015445096309184997,0.35968731651550945
44f89427cbcf,transition,2026,75834428214223,1000,10,20,0.3,1.0,1.0,0.5,100.0,1.0,0.02,0.5068540061458144,0.6570186879111058,360.7339680464511,1011.8390504699054,0.532,0.01577897335063343,0.48883109972664296
44f89427cbcf,transition,2026,75834428214223,1000,10,20,0.3,1.0,1.0,0.5,100.0,1.0,0.05,0.7918105639674713,1.0263987884163965,271.28887111165767,1381.0789327150392,0.721,0.014183053267896867,0.6952963511002344
a89b6911e627,transition,2026,185385436177959,1000,10,20,0.3,2.0,1.0,0.5,100.0,1.0,0.005,0.2558914659168278,0.7437387537367436,194.93561422425847,326.6503407983366,0.535,0.015772602828956293,0.5429654606884804
a89b6911e627,transition,2026,185385436177959,1000,10,20,0.3,2.0,1.0,0.5,100.0,1.0,0.01,0.3604668308553724,1.0476830502465693,175.57985534658664,364.26840825387484,0.695,0.014559361249725209,0.7052153406437354
a89b6911e627,transition,2026,185385436177959,1000,10,20,0.3,2.0,1.0,0.5,100.0,1.0,0.02,0.5068540061458144,1.4731517735721948,151.66995029525432,425.4259151769328,0.853,0.011197812286335219,0.8592898843511025
a89b6911e627,transition,2026,185385436177959,1000,10,20,0.3,2.0,1.0,0.5,100.0,1.0,0.05,0.7918105639674713,2.3013671047246445,114.06291960800993,580.6721618512512,0.976,0.004839834707921338,0.9786291103465392
5ca824594bb8,transition,2026,101877234092984,1000,10,20,0.3,4.0,1.0,0.5,100.0,1.0,0.005,0.2558914659168278,1.692230231140357,81.96032960322998,137.3395503093627,0.927,0.008226238508577293,0.9093979154590419
5ca824594bb8,transition,2026,101877234092984,1000,10,20,0.3,4.0,1.0,0.5,100.0,1.0,0.01,0.3604668308553724,2.383795279421644,73.82223547585522,153.15599934543,0.984,0.00396787096564392,0.9828648683348726
5ca824594bb8,transition,2026,101877234092984,1000,10,20,0.3,4.0,1.0,0.5,100.0,1.0,0.02,0.5068540061458144,3.3518650921063906,63.76935875249422,178.86956351415682,0.996,0.0019959959919799443,0.9991973087642096
5ca824594bb8,transition,2026,101877234092984,1000,10,20,0.3,4.0,1.0,0.5,100.0,1.0,0.05,0.7918105639674713,5.236305043942204,47.9575501058741,244.14256966917094,1.0,0.0,0.9999998361768883
dd68789bb019,transition,2026,243440769806361,1000,10,50,0.3,0.5,1.0,0.5,100.0,1.0,0.005,0.2558914659168278,0.2366596977509199,1102.7223577019038,1847.8133684432044,0.176,0.012042591083317577,0.1870791966631018
dd68789bb019,transition,2026,243440769806361,1000,10,50,0.3,0.5,1.0,0.5,100.0,1.0,0.01,0.3604668308553724,0.33337560099480607,993.229650842596,2060.6132931867573,0.245,0.013600551459407815,0.26114922162475285
dd68789bb019,transition,2026,243440769806361,1000,10,50,0.3,0.5,1.0,0.5,100.0,1.0,0.02,0.5068540061458144,0.46876090794407044,857.9748028480076,2406.5723961128174,0.355,0.015131919904625453,0.3607594547073165
dd68789bb019,transition,2026,243440769806361,1000,10,50,0.3,0.5,1.0,0.5,100.0,1.0,0.05,0.7918105639674713,0.7323012827846095,645.2373114940788,3284.7777863301776,0.54,0.015760710643876435,0.5360153034557016
8f24b5921b17,transition,2026,157387827845911,1000,10,50,0.3,1.0,1.0,0.5,100.0,1.0,0.005,0.2558914659168278,0.5244699931676474,463.63763880582763,776.909818790891,0.393,0.015445096309184997,0.40004831480503955
8f24b5921b17,transition,2026,157387827845911,1000,10,50,0.3,1.0,1.0,0.5,100.0,1.0,0.01,0.3604668308553724,0.7388055542943692,417.6016264586188,866.3811657324479,0.555,0.01571543826942157,0.5399749213884577
8f24b5921b17,transition,2026,157387827845911,1000,10,50,0.3,1.0,1.0,0.5,100.0,1.0,0.02,0.5068540061458144,1.0388377595472154,360.7339680464511,1011.8390504699054,0.717,0.014244683218660919,0.7011198030372818
8f24b5921b17,transition,2026,157387827845911,1000,10,50,0.3,1.0,1.0,0.5,100.0,1.0,0.05,0.7918105639674713,1.622878979516531,271.28887111165767,1381.0789327150392,0.896,0.009653186002558947,0.8953847220749169
ed72d96421f8,transition,2026,261077529272824,1000,10,50,0.3,2.0,1.0,0.5,100.0,1.0,0.005,0.2558914659168278,1.1759542229715878,194.93561422425847,326.6503407983366,0.752,0.01365635383255721,0.7603868307318953
ed72d96421f8,transition,2026,261077529272824,1000,10,50,0.3,2.0,1.0,0.5,100.0,1.0,0.01,0.3604668308553724,1.6565323523658957,175.57985534658664,364.26840825387484,0.891,0.009854897259738428,0.9023859410629478
ed72d96421f8,transition,2026,261077529272824,1000,10,50,0.3,2.0,1.0,0.5,100.0,1.0,0.02,0.5068540061458144,2.3292574718023893,151.66995029525432,425.4259151769328,0.973,0.005125524363418832,0.9801545700958549
ed72d96421f8,transition,2026,261077529272824,1000,10,50,0.3,2.0,1.0,0.5,100.0,1.0,0.05,0.7918105639674713,3.638780891558563,114.06291960800993,580.6721618512512,0.999,0.0009994998749374613,0.9997260682633102
15d1cf2e5f2c,transition,2026,23990868270892,1000,10,50,0.3,4.0,1.0,0.5,100.0,1.0,0.005,0.2558914659168278,2.6756509278983613,81.96032960322998,137.3395503093627,0.991,0.0029864694875387575,0.9925415717310966
15d1cf2e5f2c,transition,2026,23990868270892,1000,10,50,0.3,4.0,1.0,0.5,100.0,1.0,0.01,0.3604668308553724,3.7691112792649526,73.82223547585522,153.15599934543,1.0,0.0,0.9998361701602958
15d1cf2e5f2c,transition,2026,23990868270892,1000,10,50,0.3,4.0,1.0,0.5,100.0,1.0,0.02,0.5068540061458144,5.299764050333134,63.76935875249422,178.86956351415682,1.0,0.0,0.9999998840475699
15d1cf2e5f2c,transition,2026,23990868270892,1000,10,50,0.3,4.0,1.0,0.5,100.0,1.0,0.05,0.7918105639674713,8.27932523114272,47.9575501058741,244.14256966917094,1.0,0.0,0.9999999999999998
b3e30766a870,transition,2026,197787663116400,1000,10,100,0.3,0.5,1.0,0.5,100.0,1.0,0.005,0.2558914659168278,0.3346873542264684,1102.7223577019038,1847.8133684432044,0.278,0.01416742743055351,0.26213905828100637
b3e30766a870,transition,2026,197787663116400,1000,10,100,0.3,0.5,1.0,0.5,100.0,1.0,0.01,0.3604668308553724,0.4714642962911362,993.229650842596,2060.6132931867573,0.364,0.015215255502291114,0.36269078958516143
b3e30766a870,transition,2026,197787663116400,1000,10,100,0.3,0.5,1.0,0.5,100.0,1.0,0.02,0.5068540061458144,0.6629280335248302,857.9748028480076,2406.5723961128174,0.484,0.015803290796539814,0.4926233535082938
b3e30766a870,transition,2026,197787663116400,1000,10,100,0.3,0.5,1.0,0.5,100.0,1.0,0.05,0.7918105639674713,1.03563040585721,645.2373114940788,3284.7777863301776,0.701,0.014477534320456644,0.6996253988204963
c3b437871972,transition,2026,215178793130354,1000,10,100,0.3,1.0,1.0,0.5,100.0,1.0,0.005,0.2558914659168278,0.7417125773954114,463.63763880582763,776.909818790891,0.544,0.01575004761897563,0.5417385022352463
c3b437871972,transition,2026,215178793130354,1000,10,100,0.3,1.0,1.0,0.5,100.0,1.0,0.01,0.3604668308553724,1.0448288348396688,417.6016264586188,866.3811657324479,0.692,0.014599178059055244,0.7038979145256916
c3b437871972,transition,2026,215178793130354,1000,10,100,0.3,1.0,1.0,0.5,100.0,1.0,0.02,0.5068540061458144,1.4691384486569519,360.7339680464511,1011.8390504699054,0.864,0.010839926199010766,0.8582047589976942
c3b437871972,transition,2026,215178793130354,1000,10,100,0.3,1.0,1.0,0.5,100.0,1.0,0.05,0.7918105639674713,2.2950974629224863,271.28887111165767,1381.0789327150392,0.97,0.0053944415837044735,0.978272460546399
c20f24cb654d,transition,2026,213370297607501,1000,10,100,0.3,2.0,1.0,0.5,100.0,1.0,0.005,0.2558914659168278,1.6630504108563342,194.93561422425847,326.6503407983366,0.908,0.009139803061335619,0.9036976549498352
c20f24cb654d,transition,2026,213370297607501,1000,10,100,0.3,2.0,1.0,0.5,100.0,1.0,0.01,0.3604668308553724,2.3426905192256564,175.57985534658664,364.26840825387484,0.985,0.0038438262187565153,0.980854743536792
c20f24cb654d,transition,2026,213370297607501,1000,10,100,0.3,2.0,1.0,0.5,100.0,1.0,0.02,0.5068540061458144,3.2940675068818055,151.66995029525432,425.4259151769328,0.999,0.0009994998749374613,0.9990125122059703
c20f24cb654d,transition,2026,213370297607501,1000,10,100,0.3,2.0,1.0,0.5,100.0,1.0,0.05,0.7918105639674713,5.146013287346182,114.06291960800993,580.6721618512512,1.0,0.0,0.9999997339194162
340c69dc3c0c,transition,2026,57227920292876,1000,10,100,0.3,4.0,1.0,0.5,100.0,1.0,0.005,0.2558914659168278,3.7839418304100194,81.96032960322998,137.3395503093627,0.999,0.0009994998749374613,0.9998456360839998
340c69dc3c0c,transition,2026,57227920292876,1000,10,100,0.3,4.0,1.0,0.5,100.0,1.0,0.01,0.3604668308553724,5.330328289229902,73.82223547585522,153.15599934543,1.0,0.0,0.9999999019646124
340c69dc3c0c,transition,2026,57227920292876,1000,10,100,0.3,4.0,1.0,0.5,100.0,1.0,0.02,0.5068540061458144,7.494998197358482,63.76935875249422,178.86956351415682,1.0,0.0,0.9999999999999336
340c69dc3c0c,transition,2026,57227920292876,1000,10,100,0.3,4.0,1.0,0.5,100.0,1.0,0.05,0.7918105639674713,11.708734029179793,47.9575501058741,244.14256966917094,1.0,0.0,1.0
ddb5e5232688,transition,2026,243773303105160,1000,10,200,0.3,0.5,1.0,0.5,100.0,1.0,0.005,0.2558914659168278,0.4733193955018398,1102.7223577019038,1847.8133684432044,0.382,0.01536476488593301,0.3640146733800025
ddb5e5232688,transition,2026,243773303105160,1000,10,200,0.3,0.5,1.0,0.5,100.0,1.0,0.01,0.3604668308553724,0.6667512019896121,993.229650842596,2060.6132931867573,0.507,0.015809838708854686,0.4950689326648434
ddb5e5232688,transition,2026,243773303105160,1000,10,200,0.3,0.5,1.0,0.5,100.0,1.0,0.02,0.5068540061458144,0.9375218158881409,857.9748028480076,2406.5723961128174,0.66,0.014979986648859203,0.6515097927154252
ddb5e5232688,transition,2026,243773303105160,1000,10,200,0.3,0.5,1.0,0.5,100.0,1.0,0.05,0.7918105639674713,1.464602565569219,645.2373114940788,3284.7777863301776,0.852,0.011229247525992114,0.8569706183647081
2198128ec08f,transition,2026,36937030090895,1000,10,200,0.3,1.0,1.0,0.5,100.0,1.0,0.005,0.2558914659168278,1.0489399863352948,463.63763880582763,776.909818790891,0.706,0.014407081592050489,0.7057942596007629
2198128ec08f,transition,2026,36937030090895,1000,10,200,0.3,1.0,1.0,0.5,100.0,1.0,0.01,0.3604668308553724,1.4776111085887385,417.6016264586188,866.3811657324479,0.865,0.010806248192596726,0.8604881007052652
2198128ec08f,transition,2026,36937030090895,1000,10,200,0.3,1.0,1.0,0.5,100.0,1.0,0.02,0.5068540061458144,2.0776755190944307,360.7339680464511,1011.8390504699054,0.963,0.005969170796685251,0.9622607446809917
2198128ec08f,transition,2026,36937030090895,1000,10,200,0.3,1.0,1.0,0.5,100.0,1.0,0.05,0.7918105639674713,3.245757959033062,271.28887111165767,1381.0789327150392,0.996,0.0019959959919799443,0.9988286161444437
d8cbca145d10,transition,2026,238369780292880,1000,10,200,0.3,2.0,1.0,0.5,100.0,1.0,0.005,0.2558914659168278,2.3519084459431756,194.93561422425847,326.6503407983366,0.982,0.004204283529925166,0.9813226285683763
d8cbca145d10,transition,2026,238369780292880,1000,10,200,0.3,2.0,1.0,0.5,100.0,1.0,0.01,0.3604668308553724,3.3130647047317914,175.57985534658664,364.26840825387484,1.0,0.0,0.9990772037158735
d8cbca145d10,transition,2026,238369780292880,1000,10,200,0.3,2.0,1.0,0.5,100.0,1.0,0.02,0.5068540061458144,4.658514943604779,151.66995029525432,425.4259151769328,1.0,0.0,0.9999968150131031
d8cbca145d10,transition,2026,238369780292880,1000,10,200,0.3,2.0,1.0,0.5,100.0,1.0,0.05,0.7918105639674713,7.277561783117126,114.06291960800993,580.6721618512512,1.0,0.0,0.99999999999966
f56f64af5e1e,transition,2026,269858779389470,1000,10,200,0.3,4.0,1.0,0.5,100.0,1.0,0.005,0.2558914659168278,5.351301855796723,81.96032960322998,137.3395503093627,1.0,0.0,0.9999999126762815
f56f64af5e1e,transition,2026,269858779389470,1000,10,200,0.3,4.0,1.0,0.5,100.0,1.0,0.01,0.3604668308553724,7.538222558529905,73.82223547585522,153.15599934543,1.0,0.0,0.9999999999999523
f56f64af5e1e,transition,2026,269858779389470,1000,10,200,0.3,4.0,1.0,0.5,100.0,1.0,0.02,0.5068540061458144,10.599528100666268,63.76935875249422,178.86956351415682,1.0,0.0,1.0
f56f64af5e1e,transition,2026,269858779389470,1000,10,200,0.3,4.0,1.0,0.5,100.0,1.0,0.05,0.7918105639674713,16.55865046228544,47.9575501058741,244.14256966917094,1.0,0.0,1.0
7a6d2e3103de,transition,2026,134609344988126,1000,3,10,0.6,0.5,1.0,0.5,100.0,1.0,0.005,0.18194515584433776,0.0572878736313825,87.16916621726831,125.56837581756443,0.054,0.007147307185227175,0.045684120070234924
7a6d2e3103de,transition,2026,134609344988126,1000,3,10,0.6,0.5,1.0,0.5,100.0,1.0,0.01,0.25688115059870104,0.08088247706013603,80.78639055631291,135.33949943094566,0.073,0.008226238508577295,0.06446458441760683
7a6d2e3103de,transition,2026,134609344988126,1000,3,10,0.6,0.5,1.0,0.5,100.0,1.0,0.02,0.3623468099753624,0.11408975503784555,72.54016176516095,150.39303364150007,0.096,0.009315793041926168,0.09083335651011737
7a6d2e3103de,transition,2026,134609344988126,1000,3,10,0.6,0.5,1.0,0.5,100.0,1.0,0.05,0.5695489178350956,0.17933011890540546,58.58086077142879,185.0182001502066,0.156,0.011474493452871897,0.1423215012946395
692d1b8546ab,transition,2026,115642456164011,1000,3,10,0.6,1.0,1.0,0.5,100.0,1.0,0.005,0.18194515584433776,0.12929543888313097,46.419371876806316,66.86773988997274,0.109,0.00985489725973843,0.1028761196143737
692d1b8546ab,transition,2026,115642456164011,1000,3,10,0.6,1.0,1.0,0.5,100.0,1.0,0.01,0.25688115059870104,0.18254710301756208,43.02041270500891,72.07106395909679,0.17,0.011878552100319299,0.1448466075655399
692d1b8546ab,transition,2026,115642456164011,1000,3,10,0.6,1.0,1.0,0.5,100.0,1.0,0.02,0.3623468099753624,0.2574940212409339,38.62912645725907,80.08738019686209,0.222,0.013142145943490356,0.2032025698923512
692d1b8546ab,transition,2026,115642456164011,1000,3,10,0.6,1.0,1.0,0.5,100.0,1.0,0.05,0.5695489178350956,0.4047377736173607,31.195511888166646,98.52599272709855,0.338,0.014958475858188226,0.3143297268317333
429249aaa962,transition,2026,73196068579682,1000,3,10,0.6,2.0,1.0,0.5,100.0,1.0,0.005,0.18194515584433776,0.2966754570470645,24.719269197396283,35.608445270402314,0.23,0.013307892395116516,0.23328570368728618
429249aaa962,transition,2026,73196068579682,1000,3,10,0.6,2.0,1.0,0.5,100.0,1.0,0.01,0.25688115059870104,0.4188643132980512,22.90925360774975,38.37932223804684,0.318,0.014726710426975875,0.32468470066419197
429249aaa962,transition,2026,73196068579682,1000,3,10,0.6,2.0,1.0,0.5,100.0,1.0,0.02,0.3623468099753624,0.5908341167981248,20.570803463076643,42.64817532762925,0.451,0.01573527883451704,0.44536842676944
429249aaa962,transition,2026,73196068579682,1000,3,10,0.6,2.0,1.0,0.5,100.0,1.0,0.05,0.5695489178350956,0.9286929609379126,16.612250983505156,52.467115316111446,0.669,0.014880826589944525,0.646951770260908
0f174f7924d3,transition,2026,16592792003795,1000,3,10,0.6,4.0,1.0,0.5,100.0,1.0,0.005,0.18194515584433776,0.6956888581162055,13.163518698077324,18.96222867202628,0.54,0.015760710643876435,0.5133762953280283
0f174f7924d3,transition,2026,16592792003795,1000,3,10,0.6,4.0,1.0,0.5,100.0,1.0,0.01,0.25688115059870104,0.9822155116043937,12.199648210327094,20.437777584188396,0.699,0.014505137021069467,0.6740063126579463
0f174f7924d3,transition,2026,16592792003795,1000,3,10,0.6,4.0,1.0,0.5,100.0,1.0,0.02,0.3623468099753624,1.3854759545754318,10.954375465485251,22.711029556782396,0.852,0.011229247525992114,0.8340930199571153
0f174f7924d3,transition,2026,16592792003795,1000,3,10,0.6,4.0,1.0,0.5,100.0,1.0,0.05,0.5695489178350956,2.1777377608723465,8.84636494276121,27.93981682802174,0.967,0.005648982209212561,0.970574434081868
717ed5a6aa68,transition,2026,124789564287592,1000,3,20,0.6,0.5,1.0,0.5,100.0,1.0,0.005,0.18194515584433776,0.08101728784901714,87.16916621726831,125.56837581756443,0.051,0.00695693898205238,0.06457179601595753
717ed5a6aa68,transition,2026,124789564287592,1000,3,20,0.6,0.5,1.0,0.5,100.0,1.0,0.01,0.25688115059870104,0.1143850960167751,80.78639055631291,135.33949943094566,0.084,0.008771772910877254,0.09106747189665843
717ed5a6aa68,transition,2026,124789564287592,1000,3,20,0.6,0.5,1.0,0.5,100.0,1.0,0.02,0.3623468099753624,0.16134727890234532,72.54016176516095,150.39303364150007,0.118,0.01020176455325254,0.12818011214826686
717ed5a6aa68,transition,2026,124789564287592,1000,3,20,0.6,0.5,1.0,0.5,100.0,1.0,0.05,0.5695489178350956,0.25361108629800416,58.58086077142879,185.0182001502066,0.204,0.01274299807737567,0.20020396902426807
22cc5d88c82d,transition,2026,38261137917997,1000,3,20,0.6,1.0,1.0,0.5,100.0,1.0,0.005,0.18194515584433776,0.18285136322150541,46.419371876806316,66.86773988997274,0.13,0.010634848376916336,0.1450853540866679
22cc5d88c82d,transition,2026,38261137917997,1000,3,20,0.6,1.0,1.0,0.5,100.0,1.0,0.01,0.25688115059870104,0.25816058885935483,43.02041270500891,72.07106395909679,0.203,0.012719709116170857,0.20371702729487895
22cc5d88c82d,transition,2026,38261137917997,1000,3,20,0.6,1.0,1.0,0.5,100.0,1.0,0.02,0.3623468099753624,0.3641515370689145,38.62912645725907,80.08738019686209,0.29,0.01434921600645833,0.28425514615982195
22cc5d88c82d,transition,2026,38261137917997,1000,3,20,0.6,1.0,1.0,0.5,100.0,1.0,0.05,0.5695489178350956,0.5723856486543629,31.195511888166646,98.52599272709855,0.449,0.015728922404284407,0.4329392636585605
8c0114e9b732,transition,2026,153936273717042,1000,3,20,0.6,2.0,1.0,0.5,100.0,1.0,0.005,0.18194515584433776,0.41956245497919525,24.719269197396283,35.608445270402314,0.309,0.014612289348353324,0.32519487921478074
8c0114e9b732,transition,2026,153936273717042,1000,3,20,0.6,2.0,1.0,0.5,100.0,1.0,0.01,0.25688115059870104,0.5923635926601971,22.90925360774975,38.37932223804684,0.432,0.01566448211719749,0.44639285956008723
8c0114e9b732,transition,2026,153936273717042,1000,3,20,0.6,2.0,1.0,0.5,100.0,1.0,0.02,0.3623468099753624,0.8355656210886373,20.570803463076643,42.64817532762925,0.596,0.015517216245190372,0.5966006839449616
8c0114e9b732,transition,2026,153936273717042,1000,3,20,0.6,2.0,1.0,0.5,100.0,1.0,0.05,0.5695489178350956,1.313370180638823,16.612250983505156,52.467115316111446,0.811,0.012380589646701,0.8109417594782027
a200a4a5be63,transition,2026,178123646025315,1000,3,20,0.6,4.0,1.0,0.5,100.0,1.0,0.005,0.18194515584433776,0.9838526183397895,13.163518698077324,18.96222867202628,0.685,0.014689281806814109,0.6748120166618365
a200a4a5be63,transition,2026,178123646025315,1000,3,20,0.6,4.0,1.0,0.5,100.0,1.0,0.01,0.25688115059870104,1.3890624976841615,12.199648210327094,20.437777584188396,0.837,0.011680368144883107,0.8351862536622434
a200a4a5be63,transition,2026,178123646025315,1000,3,20,0.6,4.0,1.0,0.5,100.0,1.0,0.02,0.3623468099753624,1.9593588853023858,10.954375465485251,22.711029556782396,0.952,0.006759881655768837,0.9499292279113607
a200a4a5be63,transition,2026,178123646025315,1000,3,20,0.6,4.0,1.0,0.5,100.0,1.0,0.05,0.5695489178350956,3.0797862767176882,8.84636494276121,27.93981682802174,0.995,0.002230470802319547,0.9979285081515128
00fc88e9450e,transition,2026,1084628747534,1000,3,50,0.6,0.5,1.0,0.5,100.0,1.0,0.005,0.18194515584433776,0.128099579726189,87.16916621726831,125.56837581756443,0.1,0.009486832980505138,0.10192983136108924
00fc88e9450e,transition,2026,1084628747534,1000,3,50,0.6,0.5,1.0,0.5,100.0,1.0,0.01,0.25688115059870104,0.18085871689503147,80.78639055631291,135.33949943094566,0.138,0.01090669519148674,0.14352152645330318
00fc88e9450e,transition,2026,1084628747534,1000,3,50,0.6,0.5,1.0,0.5,100.0,1.0,0.02,0.3623468099753624,0.25511244780092174,72.54016176516095,150.39303364150007,0.191,0.012430567163247218,0.2013637497645817
00fc88e9450e,transition,2026,1084628747534,1000,3,50,0.6,0.5,1.0,0.5,100.0,1.0,0.05,0.5695489178350956,0.4009943362856067,58.58086077142879,185.0182001502066,0.317,0.014714312760030624,0.31157570620196706
03bd46903d63,transition,2026,4111467560291,1000,3,50,0.6,1.0,1.0,0.5,100.0,1.0,0.005,0.18194515584433776,0.28911339052335033,46.419371876806316,66.86773988997274,0.217,0.013034991369387246,0.22750539319370655
03bd46903d63,transition,2026,4111467560291,1000,3,50,0.6,1.0,1.0,0.5,100.0,1.0,0.01,0.25688115059870104,0.4081877314429257,43.02041270500891,72.07106395909679,0.321,0.0147634345597493,0.3168641454155994
03bd46903d63,transition,2026,4111467560291,1000,3,50,0.6,1.0,1.0,0.5,100.0,1.0,0.02,0.3623468099753624,0.5757741352945029,38.62912645725907,80.08738019686209,0.43,0.015655669899432602,0.43523214182194314
03bd46903d63,transition,2026,4111467560291,1000,3,50,0.6,1.0,1.0,0.5,100.0,1.0,0.05,0.5695489178350956,0.9050211748703394,31.195511888166646,98.52599272709855,0.637,0.015206281596761254,0.6345458306067953
a1c7f7b32435,transition,2026,177880226276405,1000,3,50,0.6,2.0,1.0,0.5,100.0,1.0,0.005,0.18194515584433776,0.6633864892130553,24.719269197396283,35.608445270402314,0.491,0.015808826648426505,0.4929169432944178
a1c7f7b32435,transition,2026,177880226276405,1000,3,50,0.6,2.0,1.0,0.5,100.0,1.0,0.01,0.25688115059870104,0.9366090778832115,22.90925360774975,38.37932223804684,0.649,0.015093011627902497,0.6510403192896086
a1c7f7b32435,transition,2026,177880226276405,1000,3,50,0.6,2.0,1.0,0.5,100.0,1.0,0.02,0.3623468099753624,1.3211452485866573,20.570803463076643,42.64817532762925,0.802,0.012601428490452976,0.8135470618785279
a1c7f7b32435,transition,2026,177880226276405,1000,3,50,0.6,2.0,1.0,0.5,100.0,1.0,0.05,0.5695489178350956,2.0766205908827295,16.612250983505156,52.467115316111446,0.954,0.006624499981130654,0.9621634090832603
8899fb359043,transition,2026,150194925965379,1000,3,50,0.6,4.0,1.0,0.5,100.0,1.0,0.005,0.18194515584433776,1.5556075779370417,13.163518698077324,18.96222867202628,0.866,0.010772372069326236,0.880198564351206
8899fb359043,transition,2026,150194925965379,1000,3,50,0.6,4.0,1.0,0.5,100.0,1.0,0.01,0.25688115059870104,2.196300652502157,12.199648210327094,20.437777584188396,0.961,0.006122009474020767,0.9719295689324055
8899fb359043,transition,2026,150194925965379,1000,3,50,0.6,4.0,1.0,0.5,100.0,1.0,0.02,0.3623468099753624,3.098018415622076,10.954375465485251,22.711029556782396,0.996,0.0019959959919799443,0.9980518067793089
8899fb359043,transition,2026,150194925965379,1000,3,50,0.6,4.0,1.0,0.5,100.0,1.0,0.05,0.5695489178350956,4.869569670478748,8.84636494276121,27.93981682802174,1.0,0.0,0.9999988815845424
8e790f991342,transition,2026,156650603877186,1000,3,100,0.6,0.5,1.0,0.5,100.0,1.0,0.005,0.18194515584433776,0.18116016298307006,87.16916621726831,125.56837581756443,0.149,0.01126050620531777,0.14375813749596156
8e790f991342,transition,2026,156650603877186,1000,3,100,0.6,0.5,1.0,0.5,100.0,1.0,0.01,0.25688115059870104,0.25577285030634955,80.78639055631291,135.33949943094566,0.208,0.0128349522788361,0.20187376095258203
8e790f991342,transition,2026,156650603877186,1000,3,100,0.6,0.5,1.0,0.5,100.0,1.0,0.02,0.3623468099753624,0.3607834836102618,72.54016176516095,150.39303364150007,0.294,0.014407081592050487,0.2817386894172993
8e790f991342,transition,2026,156650603877186,1000,3,100,0.6,0.5,1.0,0.5,100.0,1.0,0.05,0.5695489178350956,0.5670916288099027,58.58086077142879,185.0182001502066,0.446,0.01571890581433708,0.4293480699639738
819c2ae80574,transition,2026,142507734730100,1000,3,100,0.6,1.0,1.0,0.5,100.0,1.0,0.005,0.18194515584433776,0.4088680779417911,46.419371876806316,66.86773988997274,0.339,0.014969268519202935,0.31736352341977647
819c2ae80574,transition,2026,142507734730100,1000,3,100,0.6,1.0,1.0,0.5,100.0,1.0,0.01,0.25688115059870104,0.5772646258008922,43.02041270500891,72.07106395909679,0.439,0.015693278816104682,0.4362392938284325
819c2ae80574,transition,2026,142507734730100,1000,3,100,0.6,1.0,1.0,0.5,100.0,1.0,0.02,0.3623468099753624,0.8142675909971274,38.62912645725907,80.08738019686209,0.575,0.015632498200863484,0.5845083282838595
819c2ae80574,transition,2026,142507734730100,1000,3,100,0.6,1.0,1.0,0.5,100.0,1.0,0.05,0.5695489178350956,1.2798932197364665,31.195511888166646,98.52599272709855,0.794,0.0127892142057282,0.799417307454751
aabd65789bf0,transition,2026,187730427943920,1000,3,100,0.6,2.0,1.0,0.5,100.0,1.0,0.005,0.18194515584433776,0.9381701701401757,24.719269197396283,35.608445270402314,0.651,0.01507312177354114,0.6518430345059438
aabd65789bf0,transition,2026,187730427943920,1000,3,100,0.6,2.0,1.0,0.5,100.0,1.0,0.01,0.25688115059870104,1.3245652605841962,22.90925360774975,38.37932223804684,0.821,0.012122664723566351,0.81468461555595
aabd65789bf0,transition,2026,187730427943920,1000,3,100,0.6,2.0,1.0,0.5,100.0,1.0,0.02,0.3623468099753624,1.868381528416025,20.570803463076643,42.64817532762925,0.944,0.007270763371201131,0.9382910901024144
aabd65789bf0,transition,2026,187730427943920,1000,3,100,0.6,2.0,1.0,0.5,100.0,1.0,0.05,0.5695489178350956,2.9367850035295864,16.612250983505156,52.467115316111446,0.993,0.002636474919281427,0.9966836606812068
427467957c5f,transition,2026,73067721489503,1000,3,100,0.6,4.0,1.0,0.5,100.0,1.0,0.005,0.18194515584433776,2.199961334448926,13.163518698077324,18.96222867202628,0.961,0.006122009474020767,0.9721903615669591
427467957c5f,transition,2026,73067721489503,1000,3,100,0.6,4.0,1.0,0.5,100.0,1.0,0.01,0.25688115059870104,3.1060381698174293,12.199648210327094,20.437777584188396,0.996,0.0019959959919799443,0.9981038776163018
427467957c5f,transition,2026,73067721489503,1000,3,100,0.6,4.0,1.0,0.5,100.0,1.0,0.02,0.3623468099753624,4.381259659854348,10.954375465485251,22.711029556782396,1.0,0.0,0.9999882004848739
427467957c5f,transition,2026,73067721489503,1000,3,100,0.6,4.0,1.0,0.5,100.0,1.0,0.05,0.5695489178350956,6.8866114709117285,8.84636494276121,27.93981682802174,1.0,0.0,0.9999999999942863
bbc99d757381,transition,2026,206474604540801,1000,3,200,0.6,0.5,1.0,0.5,100.0,1.0,0.005,0.18194515584433776,0.256199159452378,87.16916621726831,125.56837581756443,0.21,0.01288021738946979,0.20220294236387804
bbc99d757381,transition,2026,206474604540801,1000,3,200,0.6,0.5,1.0,0.5,100.0,1.0,0.01,0.25688115059870104,0.36171743379006294,80.78639055631291,135.33949943094566,0.305,0.014559361249725209,0.2824368022666073
bbc99d757381,transition,2026,206474604540801,1000,3,200,0.6,0.5,1.0,0.5,100.0,1.0,0.02,0.3623468099753624,0.5102248956018435,72.54016176516095,150.39303364150007,0.422,0.01561781034588396,0.39010608737398367
bbc99d757381,transition,2026,206474604540801,1000,3,200,0.6,0.5,1.0,0.5,100.0,1.0,0.05,0.5695489178350956,0.8019886725712134,58.58086077142879,185.0182001502066,0.602,0.015478888849009803,0.5774404893086602
f7ea60de0858,transition,2026,272586019571800,1000,3,200,0.6,1.0,1.0,0.5,100.0,1.0,0.005,0.18194515584433776,0.5782267810467007,46.419371876806316,66.86773988997274,0.449,0.015728922404284407,0.4368889799709237
f7ea60de0858,transition,2026,272586019571800,1000,3,200,0.6,1.0,1.0,0.5,100.0,1.0,0.01,0.25688115059870104,0.8163754628858514,43.02041270500891,72.07106395909679,0.593,0.015535475531827148,0.5857145740263525
f7ea60de0858,transition,2026,272586019571800,1000,3,200,0.6,1.0,1.0,0.5,100.0,1.0,0.02,0.3623468099753624,1.1515482705890059,38.62912645725907,80.08738019686209,0.756,0.013581752464244074,0.7504932512369837
f7ea60de0858,transition,2026,272586019571800,1000,3,200,0.6,1.0,1.0,0.5,100.0,1.0,0.05,0.5695489178350956,1.8100423497406788,31.195511888166646,98.52599272709855,0.927,0.008226238508577293,0.9297107799994577
a3f5ee167ab9,transition,2026,180276656765625,1000,3,200,0.6,2.0,1.0,0.5,100.0,1.0,0.005,0.18194515584433776,1.3267729784261106,24.719269197396283,35.608445270402314,0.808,0.01245536029185828,0.8154162083773009
a3f5ee167ab9,transition,2026,180276656765625,1000,3,200,0.6,2.0,1.0,0.5,100.0,1.0,0.01,0.25688115059870104,1.873218155766423,22.90925360774975,38.37932223804684,0.933,0.007906389820898028,0.9389617337959619
a3f5ee167ab9,transition,2026,180276656765625,1000,3,200,0.6,2.0,1.0,0.5,100.0,1.0,0.02,0.3623468099753624,2.6422904971733145,20.570803463076643,42.64817532762925,0.992,0.0028170906978654425,0.9917652607112046
a3f5ee167ab9,transition,2026,180276656765625,1000,3,200,0.6,2.0,1.0,0.5,100.0,1.0,0.05,0.5695489178350956,4.153241181765459,16.612250983505156,52.467115316111446,1.0,0.0,0.9999672201072953
aec83c2bac22,transition,2026,192175026187298,1000,3,200,0.6,4.0,1.0,0.5,100.0,1.0,0.005,0.18194515584433776,3.1112151558740835,13.163518698077324,18.96222867202628,0.997,0.0017294507798720387,0.9981368086926288
aec83c2bac22,transition,2026,192175026187298,1000,3,200,0.6,4.0,1.0,0.5,100.0,1.0,0.01,0.25688115059870104,4.392601305004314,12.199648210327094,20.437777584188396,1.0,0.0,0.9999887997588155
aec83c2bac22,transition,2026,192175026187298,1000,3,200,0.6,4.0,1.0,0.5,100.0,1.0,0.02,0.3623468099753624,6.196036831244152,10.954375465485251,22.711029556782396,1.0,0.0,0.9999999994209743
aec83c2bac22,transition,2026,192175026187298,1000,3,200,0.6,4.0,1.0,0.5,100.0,1.0,0.05,0.5695489178350956,9.739139340957497,8.84636494276121,27.93981682802174,1.0,0.0,1.0
8e87c71db245,transition,2026,156713812341317,1000,5,10,0.6,0.5,1.0,0.5,100.0,1.0,0.005,0.18194515584433776,0.1140175204377396,87.16916621726831,125.56837581756443,0.073,0.008226238508577295,0.0907760952854113
8e87c71db245,transition,2026,156713812341317,1000,5,10,0.6,0.5,1.0,0.5,100.0,1.0,0.01,0.25688115059870104,0.1609768158022051,80.78639055631291,135.33949943094566,0.101,0.009528850927577786,0.12788833921205822
8e87c71db245,transition,2026,156713812341317,1000,5,10,0.6,0.5,1.0,0.5,100.0,1.0,0.02,0.3623468099753624,0.22706779205081729,72.54016176516095,150.39303364150007,0.146,0.011166198995181842,0.17962897184840676
8e87c71db245,transition,2026,156713812341317,1000,5,10,0.6,0.5,1.0,0.5,100.0,1.0,0.05,0.5695489178350956,0.3569128019825564,58.58086077142879,185.0182001502066,0.24,0.013505554412907307,0.27884291455259547
07a72f143046,transition,2026,8414630785094,1000,5,10,0.6,1.0,1.0,0.5,100.0,1.0,0.005,0.18194515584433776,0.2601888347911066,46.419371876806316,66.86773988997274,0.206,0.0127892142057282,0.2052818837038637
07a72f143046,transition,2026,8414630785094,1000,5,10,0.6,1.0,1.0,0.5,100.0,1.0,0.01,0.25688115059870104,0.3673502981923705,43.02041270500891,72.07106395909679,0.3,0.014491376746189439,0.2866422599024736
07a72f143046,transition,2026,8414630785094,1000,5,10,0.6,1.0,1.0,0.5,100.0,1.0,0.02,0.3623468099753624,0.5181704005267589,38.62912645725907,80.08738019686209,0.413,0.0155701958882989,0.3956606153810549
07a72f143046,transition,2026,8414630785094,1000,5,10,0.6,1.0,1.0,0.5,100.0,1.0,0.05,0.5695489178350956,0.8144776847745958,31.195511888166646,98.52599272709855,0.613,0.015402305022301045,0.5846286490515371
366e8dd2d662,transition,2026,59848453707362,1000,5,10,0.6,2.0,1.0,0.5,100.0,1.0,0.005,0.18194515584433776,0.605670566027221,24.719269197396283,35.608445270402314,0.469,0.01578096955196353,0.4552664668424027
366e8dd2d662,transition,2026,59848453707362,1000,5,10,0.6,2.0,1.0,0.5,100.0,1.0,0.01,0.25688115059870104,0.8551222546312215,22.90925360774975,38.37932223804684,0.607,0.015445096309184997,0.6075165294880673
366e8dd2d662,transition,2026,59848453707362,1000,5,10,0.6,2.0,1.0,0.5,100.0,1.0,0.02,0.3623468099753624,1.2062030257276866,20.570803463076643,42.64817532762925,0.765,0.013408019988051927,0.7722607824297536
366e8dd2d662,transition,2026,59848453707362,1000,5,10,0.6,2.0,1.0,0.5,100.0,1.0,0.05,0.5695489178350956,1.8959505343494911,16.612250983505156,52.467115316111446,0.93,0.008068457101577721,0.9420334142385669
aabb18945cbd,transition,2026,187720547982525,1000,5,10,0.6,4.0,1.0,0.5,100.0,1.0,0.005,0.18194515584433776,1.4482336187733547,13.163518698077324,18.96222867202628,0.862,0.01090669519148674,0.8524482746238355
aabb18945cbd,transition,2026,187720547982525,1000,5,10,0.6,4.0,1.0,0.5,100.0,1.0,0.01,0.25688115059870104,2.0447036174159154,12.199648210327094,20.437777584188396,0.962,0.006046155803483734,0.9591159132174307
aabb18945cbd,transition,2026,187720547982525,1000,5,10,0.6,4.0,1.0,0.5,100.0,1.0,0.02,0.3623468099753624,2.8841813865633132,10.954375465485251,22.711029556782396,0.996,0.0019959959919799443,0.9960756735625798
aabb18945cbd,transition,2026,187720547982525,1000,5,10,0.6,4.0,1.0,0.5,100.0,1.0,0.05,0.5695489178350956,4.53345342730892,8.84636494276121,27.93981682802174,1.0,0.0,0.9999941972934905
6a1143c08695,transition,2026,116622383679125,1000,5,20,0.6,0.5,1.0,0.5,100.0,1.0,0.005,0.18194515584433776,0.16124512375120292,87.16916621726831,125.56837581756443,0.124,0.010422283818818216,0.12809965753927965
6a1143c08695,transition,2026,116622383679125,1000,5,20,0.6,0.5,1.0,0.5,100.0,1.0,0.01,0.25688115059870104,0.22765559613511405,80.78639055631291,135.33949943094566,0.171,0.011906258858264422,0.18008600487938753
6a1143c08695,transition,2026,116622383679125,1000,5,20,0.6,0.5,1.0,0.5,100.0,1.0,0.02,0.3623468099753624,0.3211223510963795,72.54016176516095,150.39303364150007,0.256,0.013800869537822608,0.25188232715420833
6a1143c08695,transition,2026,116622383679125,1000,5,20,0.6,0.5,1.0,0.5,100.0,1.0,0.05,0.5695489178350956,0.5047509251483142,58.58086077142879,185.0182001502066,0.385,0.015387494922826133,0.38626621187550714
0ba73bc606a9,transition,2026,12812890277545,1000,5,20,0.6,1.0,1.0,0.5,100.0,1.0,0.005,0.18194515584433776,0.3679625789396356,46.419371876806316,66.86773988997274,0.282,0.014229406171727617,0.2870988627270221
0ba73bc606a9,transition,2026,12812890277545,1000,5,20,0.6,1.0,1.0,0.5,100.0,1.0,0.01,0.25688115059870104,0.519511773845451,43.02041270500891,72.07106395909679,0.38,0.015349267083479915,0.39659609540160945
0ba73bc606a9,transition,2026,12812890277545,1000,5,20,0.6,1.0,1.0,0.5,100.0,1.0,0.02,0.3623468099753624,0.7328036080452411,38.62912645725907,80.08738019686209,0.55,0.015732132722552274,0.5363217796059909
0ba73bc606a9,transition,2026,12812890277545,1000,5,20,0.6,1.0,1.0,0.5,100.0,1.0,0.05,0.5695489178350956,1.151845388058472,31.195511888166646,98.52599272709855,0.751,0.013674757767507255,0.7506153870242178
e8b5e6a0bd19,transition,2026,255867956018457,1000,5,20,0.6,2.0,1.0,0.5,100.0,1.0,0.005,0.18194515584433776,0.8565475288058852,24.719269197396283,35.608445270402314,0.605,0.015458816254810716,0.6083050050566421
e8b5e6a0bd19,transition,2026,255867956018457,1000,5,20,0.6,2.0,1.0,0.5,100.0,1.0,0.01,0.25688115059870104,1.2093254899865327,22.90925360774975,38.37932223804684,0.775,0.013205112646244256,0.7734621782916693
e8b5e6a0bd19,transition,2026,255867956018457,1000,5,20,0.6,2.0,1.0,0.5,100.0,1.0,0.02,0.3623468099753624,1.7058286779595575,20.570803463076643,42.64817532762925,0.925,0.00832916562447884,0.9119600179886427
e8b5e6a0bd19,transition,2026,255867956018457,1000,5,20,0.6,2.0,1.0,0.5,100.0,1.0,0.05,0.5695489178350956,2.681278959265567,16.612250983505156,52.467115316111446,0.99,0.003146426544510456,0.9926658650889317
901f2bcfad39,transition,2026,158463553416505,1000,5,20,0.6,4.0,1.0,0.5,100.0,1.0,0.005,0.18194515584433776,2.048111625153945,13.163518698077324,18.96222867202628,0.946,0.0071473071852271785,0.9594509369163324
901f2bcfad39,transition,2026,158463553416505,1000,5,20,0.6,4.0,1.0,0.5,100.0,1.0,0.01,0.25688115059870104,2.8916475867829163,12.199648210327094,20.437777584188396,0.994,0.002442130217658347,0.996167724503664
901f2bcfad39,transition,2026,158463553416505,1000,5,20,0.6,4.0,1.0,0.5,100.0,1.0,0.02,0.3623468099753624,4.078848433221876,10.954375465485251,22.711029556782396,1.0,0.0,0.9999547406693057
901f2bcfad39,transition,2026,158463553416505,1000,5,20,0.6,4.0,1.0,0.5,100.0,1.0,0.05,0.5695489178350956,6.411271321287066,8.84636494276121,27.93981682802174,1.0,0.0,0.999999999855689
995f2f621503,transition,2026,168634095899907,1000,5,50,0.6,0.5,1.0,0.5,100.0,1.0,0.005,0.18194515584433776,0.25495092632475735,87.16916621726831,125.56837581756443,0.193,0.012480024038438387,0.20123899796265832
995f2f621503,transition,2026,168634095899907,1000,5,50,0.6,0.5,1.0,0.5,100.0,1.0,0.01,0.25688115059870104,0.359955102935193,80.78639055631291,135.33949943094566,0.265,0.013956181426163821,0.2811192911872942
995f2f621503,transition,2026,168634095899907,1000,5,50,0.6,0.5,1.0,0.5,100.0,1.0,0.02,0.3623468099753624,0.5077390185264139,72.54016176516095,150.39303364150007,0.374,0.015301111070768685,0.3883636190492932
995f2f621503,transition,2026,168634095899907,1000,5,50,0.6,0.5,1.0,0.5,100.0,1.0,0.05,0.5695489178350956,0.7980812872729179,58.58086077142879,185.0182001502066,0.565,0.015677212762477903,0.575176680151005
8ab916d31eb0,transition,2026,152527556517552,1000,5,50,0.6,1.0,1.0,0.5,100.0,1.0,0.005,0.18194515584433776,0.5817999215793767,46.419371876806316,66.86773988997274,0.462,0.01576565888252058,0.43929854310910565
8ab916d31eb0,transition,2026,152527556517552,1000,5,50,0.6,1.0,1.0,0.5,100.0,1.0,0.01,0.25688115059870104,0.8214202383129585,43.02041270500891,72.07106395909679,0.607,0.015445096309184997,0.5885930604022147
8ab916d31eb0,transition,2026,152527556517552,1000,5,50,0.6,1.0,1.0,0.5,100.0,1.0,0.02,0.3623468099753624,1.1586642395061257,38.62912645725907,80.08738019686209,0.782,0.013056645817360598,0.7534069272659512
8ab916d31eb0,transition,2026,152527556517552,1000,5,50,0.6,1.0,1.0,0.5,100.0,1.0,0.05,0.5695489178350956,1.821227469312642,31.195511888166646,98.52599272709855,0.935,0.0077958322198467015,0.9314277134834248
a976c1400896,transition,2026,186327513434262,1000,5,50,0.6,2.0,1.0,0.5,100.0,1.0,0.005,0.18194515584433776,1.3543205576076411,24.719269197396283,35.608445270402314,0.851,0.011260506205317771,0.8243658697099667
a976c1400896,transition,2026,186327513434262,1000,5,50,0.6,2.0,1.0,0.5,100.0,1.0,0.01,0.25688115059870104,1.9121114904282959,22.90925360774975,38.37932223804684,0.953,0.00669260786241059,0.944138104649505
a976c1400896,transition,2026,186327513434262,1000,5,50,0.6,2.0,1.0,0.5,100.0,1.0,0.02,0.3623468099753624,2.6971519601930347,20.570803463076643,42.64817532762925,0.991,0.0029864694875387575,0.9930064651895023
a976c1400896,transition,2026,186327513434262,1000,5,50,0.6,2.0,1.0,0.5,100.0,1.0,0.05,0.5695489178350956,4.239474276782513,16.612250983505156,52.467115316111446,1.0,0.0,0.9999775956136376
c41720e42753,transition,2026,215603615115091,1000,5,50,0.6,4.0,1.0,0.5,100.0,1.0,0.005,0.18194515584433776,3.238348818877737,13.163518698077324,18.96222867202628,0.998,0.0014127986409959495,0.9987977628051845
c41720e42753,transition,2026,215603615115091,1000,5,50,0.6,4.0,1.0,0.5,100.0,1.0,0.01,0.25688115059870104,4.57209628238171,12.199648210327094,20.437777584188396,1.0,0.0,0.9999951713104538
c41720e42753,transition,2026,215603615115091,1000,5,50,0.6,4.0,1.0,0.5,100.0,1.0,0.02,0.3623468099753624,6.449225639795167,10.954375465485251,22.711029556782396,1.0,0.0,0.9999999998875768
c41720e42753,transition,2026,215603615115091,1000,5,50,0.6,4.0,1.0,0.5,100.0,1.0,0.05,0.5695489178350956,10.137110036292148,8.84636494276121,27.93981682802174,1.0,0.0,1.0
f4724940b9c3,transition,2026,268771692427715,1000,5,100,0.6,0.5,1.0,0.5,100.0,1.0,0.005,0.18194515584433776,0.3605550577480556,87.16916621726831,125.56837581756443,0.246,0.013619251080731275,0.2815679089034171
f4724940b9c3,transition,2026,268771692427715,1000,5,100,0.6,0.5,1.0,0.5,100.0,1.0,0.01,0.25688115059870104,0.5090533884163533,80.78639055631291,135.33949943094566,0.358,0.01516034300403523,0.3892851974959093
f4724940b9c3,transition,2026,268771692427715,1000,5,100,0.6,0.5,1.0,0.5,100.0,1.0,0.02,0.3623468099753624,0.7180514061460587,72.54016176516095,150.39303364150007,0.506,0.015810249839898167,0.5272744090395718
f4724940b9c3,transition,2026,268771692427715,1000,5,100,0.6,0.5,1.0,0.5,100.0,1.0,0.05,0.5695489178350956,1.1286573803375386,58.58086077142879,185.0182001502066,0.738,0.013905250806799567,0.740957605184329
1b621dfe1abe,transition,2026,30108223937214,1000,5,100,0.6,1.0,1.0,0.5,100.0,1.0,0.005,0.18194515584433776,0.8227893396851576,46.419371876806316,66.86773988997274,0.59,0.01555313473226539,0.5893722000933515
1b621dfe1abe,transition,2026,30108223937214,1000,5,100,0.6,1.0,1.0,0.5,100.0,1.0,0.01,0.25688115059870104,1.1616636414299257,43.02041270500891,72.07106395909679,0.747,0.013747399754135324,0.7546278800234405
1b621dfe1abe,transition,2026,30108223937214,1000,5,100,0.6,1.0,1.0,0.5,100.0,1.0,0.02,0.3623468099753624,1.638598681746271,38.62912645725907,80.08738019686209,0.894,0.009734680272099335,0.8987031329274067
1b621dfe1abe,transition,2026,30108223937214,1000,5,100,0.6,1.0,1.0,0.5,100.0,1.0,0.05,0.5695489178350956,2.5756045872683675,31.195511888166646,98.52599272709855,0.993,0.002636474919281427,0.989993499439533
82c1c315751d,transition,2026,143768713262365,1000,5,100,0.6,2.0,1.0,0.5,100.0,1.0,0.005,0.18194515584433776,1.9152985003694185,24.719269197396283,35.608445270402314,0.946,0.0071473071852271785,0.9445455532549132
82c1c315751d,transition,2026,143768713262365,1000,5,100,0.6,2.0,1.0,0.5,100.0,1.0,0.01,0.25688115059870104,2.704134002533128,22.90925360774975,38.37932223804684,0.99,0.003146426544510456,0.9931517334239257
82c1c315751d,transition,2026,143768713262365,1000,5,100,0.6,2.0,1.0,0.5,100.0,1.0,0.02,0.3623468099753624,3.8143488818861675,20.570803463076643,42.64817532762925,0.999,0.0009994998749374613,0.999863457541109
82c1c315751d,transition,2026,143768713262365,1000,5,100,0.6,2.0,1.0,0.5,100.0,1.0,0.05,0.5695489178350956,5.995522019557697,16.612250983505156,52.467115316111446,1.0,0.0,0.9999999979716718
8dd6039e9240,transition,2026,155950323241536,1000,5,100,0.6,4.0,1.0,0.5,100.0,1.0,0.005,0.18194515584433776,4.5797168193517885,13.163518698077324,18.96222867202628,1.0,0.0,0.9999953439410285
8dd6039e9240,transition,2026,155950323241536,1000,5,100,0.6,4.0,1.0,0.5,100.0,1.0,0.01,0.25688115059870104,6.465920571019822,12.199648210327094,20.437777584188396,1.0,0.0,0.9999999998993161
8dd6039e9240,transition,2026,155950323241536,1000,5,100,0.6,4.0,1.0,0.5,100.0,1.0,0.02,0.3623468099753624,9.120582366602626,10.954375465485251,22.711029556782396,1.0,0.0,1.0
8dd6039e9240,transition,2026,155950323241536,1000,5,100,0.6,4.0,1.0,0.5,100.0,1.0,0.05,0.5695489178350956,14.336038496592773,8.84636494276121,27.93981682802174,1.0,0.0,1.0
8b09040bf456,transition,2026,152870838858838,1000,5,200,0.6,0.5,1.0,0.5,100.0,1.0,0.005,0.18194515584433776,0.5099018526495147,87.16916621726831,125.56837581756443,0.396,0.01546557467409472,0.3898797760445756
8b09040bf456,transition,2026,152870838858838,1000,5,200,0.6,0.5,1.0,0.5,100.0,1.0,0.01,0.25688115059870104,0.719910205870386,80.78639055631291,135.33949943094566,0.539,0.015763216676808068,0.5284197161823805
8b09040bf456,transition,2026,152870838858838,1000,5,200,0.6,0.5,1.0,0.5,100.0,1.0,0.02,0.3623468099753624,1.0154780370528278,72.54016176516095,150.39303364150007,0.682,0.014726710426975875,0.6901219892868871
8b09040bf456,transition,2026,152870838858838,1000,5,200,0.6,0.5,1.0,0.5,100.0,1.0,0.05,0.5695489178350956,1.5961625745458359,58.58086077142879,185.0182001502066,0.885,0.010088359628799917,0.8895474990312235
216c00a21f95,transition,2026,36747750809493,1000,5,200,0.6,1.0,1.0,0.5,100.0,1.0,0.005,0.18194515584433776,1.1635998431587533,46.419371876806316,66.86773988997274,0.791,0.012857643641040918,0.7554137849915303
216c00a21f95,transition,2026,36747750809493,1000,5,200,0.6,1.0,1.0,0.5,100.0,1.0,0.01,0.25688115059870104,1.642840476625917,43.02041270500891,72.07106395909679,0.918,0.008676174272108645,0.8995840569007765
216c00a21f95,transition,2026,36747750809493,1000,5,200,0.6,1.0,1.0,0.5,100.0,1.0,0.02,0.3623468099753624,2.3173284790122515,38.62912645725907,80.08738019686209,0.975,0.004937104414532877,0.9795141549176933
216c00a21f95,transition,2026,36747750809493,1000,5,200,0.6,1.0,1.0,0.5,100.0,1.0,0.05,0.5695489178350956,3.642454938625284,31.195511888166646,98.52599272709855,1.0,0.0,0.9997299497382253
58ffaaf8ab75,transition,2026,97855108328309,1000,5,200,0.6,2.0,1.0,0.5,100.0,1.0,0.005,0.18194515584433776,2.7086411152152823,24.719269197396283,35.608445270402314,0.993,0.002636474919281427,0.9932440625098002
58ffaaf8ab75,transition,2026,97855108328309,1000,5,200,0.6,2.0,1.0,0.5,100.0,1.0,0.01,0.25688115059870104,3.8242229808565917,22.90925360774975,38.37932223804684,0.999,0.0009994998749374613,0.9998688148494379
58ffaaf8ab75,transition,2026,97855108328309,1000,5,200,0.6,2.0,1.0,0.5,100.0,1.0,0.02,0.3623468099753624,5.394303920386069,20.570803463076643,42.64817532762925,1.0,0.0,0.9999999312103005
58ffaaf8ab75,transition,2026,97855108328309,1000,5,200,0.6,2.0,1.0,0.5,100.0,1.0,0.05,0.5695489178350956,8.478948553565026,16.612250983505156,52.467115316111446,1.0,0.0,1.0
6d947bf8b082,transition,2026,120484502483074,1000,5,200,0.6,4.0,1.0,0.5,100.0,1.0,0.005,0.18194515584433776,6.476697637755474,13.163518698077324,18.96222867202628,1.0,0.0,0.9999999999062481
6d947bf8b082,transition,2026,120484502483074,1000,5,200,0.6,4.0,1.0,0.5,100.0,1.0,0.01,0.25688115059870104,9.14419256476342,12.199648210327094,20.437777584188396,1.0,0.0,1.0
6d947bf8b082,transition,2026,120484502483074,1000,5,200,0.6,4.0,1.0,0.5,100.0,1.0,0.02,0.3623468099753624,12.898451279590335,10.954375465485251,22.711029556782396,1.0,0.0,1.0
6d947bf8b082,transition,2026,120484502483074,1000,5,200,0.6,4.0,1.0,0.5,100.0,1.0,0.05,0.5695489178350956,20.274220072584296,8.84636494276121,27.93981682802174,1.0,0.0,1.0
d6fb56ddc094,transition,2026,236374982508692,1000,8,10,0.6,0.5,1.0,0.5,100.0,1.0,0.005,0.18194515584433776,0.2106443154169686,87.16916621726831,125.56837581756443,0.154,0.011414201680362931,0.16683517062651276
d6fb56ddc094,transition,2026,236374982508692,1000,8,10,0.6,0.5,1.0,0.5,100.0,1.0,0.01,0.25688115059870104,0.2974003559494631,80.78639055631291,135.33949943094566,0.214,0.012969348480166612,0.23383912803811646
d6fb56ddc094,transition,2026,236374982508692,1000,8,10,0.6,0.5,1.0,0.5,100.0,1.0,0.02,0.3623468099753624,0.41950166453501614,72.54016176516095,150.39303364150007,0.294,0.014407081592050487,0.3251504615306595
d6fb56ddc094,transition,2026,236374982508692,1000,8,10,0.6,0.5,1.0,0.5,100.0,1.0,0.05,0.5695489178350956,0.6593868429038618,58.58086077142879,185.0182001502066,0.438,0.015689359451551872,0.49035261121746254
0b49fb1c646f,transition,2026,12412373460079,1000,8,10,0.6,1.0,1.0,0.5,100.0,1.0,0.005,0.18194515584433776,0.48693290820057383,46.419371876806316,66.86773988997274,0.386,0.015394934231752989,0.3736941228319397
0b49fb1c646f,transition,2026,12412373460079,1000,8,10,0.6,1.0,1.0,0.5,100.0,1.0,0.01,0.25688115059870104,0.6874812640241433,43.02041270500891,72.07106395909679,0.501,0.015811356678033673,0.5082204964903521
0b49fb1c646f,transition,2026,12412373460079,1000,8,10,0.6,1.0,1.0,0.5,100.0,1.0,0.02,0.3623468099753624,0.9697350014058906,38.62912645725907,80.08738019686209,0.652,0.015063067416698366,0.6678214009412184
0b49fb1c646f,transition,2026,12412373460079,1000,8,10,0.6,1.0,1.0,0.5,100.0,1.0,0.05,0.5695489178350956,1.5242621307335207,31.195511888166646,98.52599272709855,0.843,0.01150439046625244,0.8725567569907453
213c1ccf13fe,transition,2026,36542065087486,1000,8,10,0.6,2.0,1.0,0.5,100.0,1.0,0.005,0.18194515584433776,1.1532159715685506,24.719269197396283,35.608445270402314,0.734,0.013972973913952606,0.7511782504619751
213c1ccf13fe,transition,2026,36542065087486,1000,8,10,0.6,2.0,1.0,0.5,100.0,1.0,0.01,0.25688115059870104,1.6281799000945885,22.90925360774975,38.37932223804684,0.895,0.009694070352540258,0.8965132545452443
213c1ccf13fe,transition,2026,36542065087486,1000,8,10,0.6,2.0,1.0,0.5,100.0,1.0,0.02,0.3623468099753624,2.2966488256934086,20.570803463076643,42.64817532762925,0.972,0.005216895628628201,0.9783611890653403
213c1ccf13fe,transition,2026,36542065087486,1000,8,10,0.6,2.0,1.0,0.5,100.0,1.0,0.05,0.5695489178350956,3.60994996315785,16.612250983505156,52.467115316111446,0.998,0.0014127986409959495,0.9996937439224518
f014475b6c2c,transition,2026,263969887185964,1000,8,10,0.6,4.0,1.0,0.5,100.0,1.0,0.005,0.18194515584433776,2.8250390487353108,13.163518698077324,18.96222867202628,0.996,0.0019959959919799443,0.9952725145689008
f014475b6c2c,transition,2026,263969887185964,1000,8,10,0.6,4.0,1.0,0.5,100.0,1.0,0.01,0.25688115059870104,3.9885606074956717,12.199648210327094,20.437777584188396,1.0,0.0,0.9999335245797456
f014475b6c2c,transition,2026,263969887185964,1000,8,10,0.6,4.0,1.0,0.5,100.0,1.0,0.02,0.3623468099753624,5.626112344759787,10.954375465485251,22.711029556782396,1.0,0.0,0.9999999815683671
f014475b6c2c,transition,2026,263969887185964,1000,8,10,0.6,4.0,1.0,0.5,100.0,1.0,0.05,0.5695489178350956,8.84331284107203,8.84636494276121,27.93981682802174,1.0,0.0,1.0
ba7acf1f5cc2,transition,2026,205036623715522,1000,8,20,0.6,0.5,1.0,0.5,100.0,1.0,0.005,0.18194515584433776,0.29789604769947303,87.16916621726831,125.56837581756443,0.224,0.013184233007649706,0.23421749543529002
ba7acf1f5cc2,transition,2026,205036623715522,1000,8,20,0.6,0.5,1.0,0.5,100.0,1.0,0.01,0.25688115059870104,0.42058761683831675,80.78639055631291,135.33949943094566,0.324,0.014799459449588015,0.325943762305247
ba7acf1f5cc2,transition,2026,205036623715522,1000,8,20,0.6,0.5,1.0,0.5,100.0,1.0,0.02,0.3623468099753624,0.5932649434235083,72.54016176516095,150.39303364150007,0.428,0.015646597074124458,0.44699614396381193
ba7acf1f5cc2,transition,2026,205036623715522,1000,8,20,0.6,0.5,1.0,0.5,100.0,1.0,0.05,0.5695489178350956,0.9325138160850188,58.58086077142879,185.0182001502066,0.625,0.015309310892394862,0.648928950070077
80543280ac07,transition,2026,141099112901639,1000,8,20,0.6,1.0,1.0,0.5,100.0,1.0,0.005,0.18194515584433776,0.6886271227430247,46.419371876806316,66.86773988997274,0.529,0.01578477114183161,0.5089420517316166
80543280ac07,transition,2026,141099112901639,1000,8,20,0.6,1.0,1.0,0.5,100.0,1.0,0.01,0.25688115059870104,0.972245327460342,43.02041270500891,72.07106395909679,0.681,0.01473902981881779,0.6690714844167478
80543280ac07,transition,2026,141099112901639,1000,8,20,0.6,1.0,1.0,0.5,100.0,1.0,0.02,0.3623468099753624,1.3714123908961033,38.62912645725907,80.08738019686209,0.845,0.011444430960078356,0.8297535630101112
80543280ac07,transition,2026,141099112901639,1000,8,20,0.6,1.0,1.0,0.5,100.0,1.0,0.05,0.5695489178350956,2.1556321778950567,31.195511888166646,98.52599272709855,0.966,0.005730968504537434,0.9688876021233068
5fbc11f7f8a7,transition,2026,105261359954087,1000,8,20,0.6,2.0,1.0,0.5,100.0,1.0,0.005,0.18194515584433776,1.6308936673375098,24.719269197396283,35.608445270402314,0.898,0.009570579919733181,0.8970872417849878
5fbc11f7f8a7,transition,2026,105261359954087,1000,8,20,0.6,2.0,1.0,0.5,100.0,1.0,0.01,0.25688115059870104,2.302594096697038,22.90925360774975,38.37932223804684,0.979,0.00453420334788814,0.9786983083822289
5fbc11f7f8a7,transition,2026,105261359954087,1000,8,20,0.6,2.0,1.0,0.5,100.0,1.0,0.02,0.3623468099753624,3.2479519173038613,20.570803463076643,42.64817532762925,0.998,0.0014127986409959495,0.9988376108819728
5fbc11f7f8a7,transition,2026,105261359954087,1000,8,20,0.6,2.0,1.0,0.5,100.0,1.0,0.05,0.5695489178350956,5.105240197386086,16.612250983505156,52.467115316111446,1.0,0.0,0.9999996696254008
304358e1b0bf,transition,2026,53065812127935,1000,8,20,0.6,4.0,1.0,0.5,100.0,1.0,0.005,0.18194515584433776,3.9952085369550634,13.163518698077324,18.96222867202628,1.0,0.0,0.999935362667296
304358e1b0bf,transition,2026,53065812127935,1000,8,20,0.6,4.0,1.0,0.5,100.0,1.0,0.01,0.25688115059870104,5.64067650546745,12.199648210327094,20.437777584188396,1.0,0.0,0.9999999830616668
304358e1b0bf,transition,2026,53065812127935,1000,8,20,0.6,4.0,1.0,0.5,100.0,1.0,0.02,0.3623468099753624,7.956524381393987,10.954375465485251,22.711029556782396,1.0,0.0,0.9999999999999982
304358e1b0bf,transition,2026,53065812127935,1000,8,20,0.6,4.0,1.0,0.5,100.0,1.0,0.05,0.5695489178350956,12.506332956152214,8.84636494276121,27.93981682802174,1.0,0.0,1.0
b6d4a08e0e00,transition,2026,201024342986240,1000,8,50,0.6,0.5,1.0,0.5,100.0,1.0,0.005,0.18194515584433776,0.4710150083462487,87.16916621726831,125.56837581756443,0.378,0.015333492752794452,0.36236998273770826
b6d4a08e0e00,transition,2026,201024342986240,1000,8,50,0.6,0.5,1.0,0.5,100.0,1.0,0.01,0.25688115059870104,0.6650074124356334,80.78639055631291,135.33949943094566,0.538,0.015765658882520576,0.49395424794710996
b6d4a08e0e00,transition,2026,201024342986240,1000,8,50,0.6,0.5,1.0,0.5,100.0,1.0,0.02,0.3623468099753624,0.9380342385746088,72.54016176516095,150.39303364150007,0.67,0.014869431730903503,0.6517731850470432
b6d4a08e0e00,transition,2026,201024342986240,1000,8,50,0.6,0.5,1.0,0.5,100.0,1.0,0.05,0.5695489178350956,1.47443380420201,58.58086077142879,185.0182001502066,0.86,0.010972693379476163,0.8596351715960753
1cda40aacaa2,transition,2026,31723713383074,1000,8,50,0.6,1.0,1.0,0.5,100.0,1.0,0.005,0.18194515584433776,1.0888150832181478,46.419371876806316,66.86773988997274,0.736,0.013939296969359681,0.7237645611840762
1cda40aacaa2,transition,2026,31723713383074,1000,8,50,0.6,1.0,1.0,0.5,100.0,1.0,0.01,0.25688115059870104,1.5372548396154648,43.02041270500891,72.07106395909679,0.876,0.010422283818818216,0.8757690842266261
1cda40aacaa2,transition,2026,31723713383074,1000,8,50,0.6,1.0,1.0,0.5,100.0,1.0,0.02,0.3623468099753624,2.1683933833044255,38.62912645725907,80.08738019686209,0.97,0.0053944415837044735,0.9698712312939484
1cda40aacaa2,transition,2026,31723713383074,1000,8,50,0.6,1.0,1.0,0.5,100.0,1.0,0.05,0.5695489178350956,3.4083537398488235,31.195511888166646,98.52599272709855,0.999,0.0009994998749374613,0.9993464388921678
1ed121c138da,transition,2026,33883563309274,1000,8,50,0.6,2.0,1.0,0.5,100.0,1.0,0.005,0.18194515584433776,2.578669305165744,24.719269197396283,35.608445270402314,0.991,0.0029864694875387575,0.9900818315982405
1ed121c138da,transition,2026,33883563309274,1000,8,50,0.6,2.0,1.0,0.5,100.0,1.0,0.01,0.25688115059870104,3.640720936210316,22.90925360774975,38.37932223804684,1.0,0.0,0.9997281243067562
1ed121c138da,transition,2026,33883563309274,1000,8,50,0.6,2.0,1.0,0.5,100.0,1.0,0.02,0.3623468099753624,5.135462894695527,20.570803463076643,42.64817532762925,1.0,0.0,0.9999997185495917
1ed121c138da,transition,2026,33883563309274,1000,8,50,0.6,2.0,1.0,0.5,100.0,1.0,0.05,0.5695489178350956,8.072093512993813,16.612250983505156,52.467115316111446,1.0,0.0,0.9999999999999993
a0a8adb0e6c5,transition,2026,176646329001669,1000,8,50,0.6,4.0,1.0,0.5,100.0,1.0,0.005,0.18194515584433776,6.316979352063496,13.163518698077324,18.96222867202628,1.0,0.0,0.9999999997332747
a0a8adb0e6c5,transition,2026,176646329001669,1000,8,50,0.6,4.0,1.0,0.5,100.0,1.0,0.01,0.25688115059870104,8.918692650738178,12.199648210327094,20.437777584188396,1.0,0.0,1.0
a0a8adb0e6c5,transition,2026,176646329001669,1000,8,50,0.6,4.0,1.0,0.5,100.0,1.0,0.02,0.3623468099753624,12.580369651933617,10.954375465485251,22.711029556782396,1.0,0.0,1.0
a0a8adb0e6c5,transition,2026,176646329001669,1000,8,50,0.6,4.0,1.0,0.5,100.0,1.0,0.05,0.5695489178350956,19.774248658933857,8.84636494276121,27.93981682802174,1.0,0.0,1.0
27981592c660,transition,2026,43534150452832,1000,8,100,0.6,0.5,1.0,0.5,100.0,1.0,0.005,0.18194515584433776,0.6661158128845415,87.16916621726831,125.56837581756443,0.492,0.015809364313595912,0.49466292200979955
27981592c660,transition,2026,43534150452832,1000,8,100,0.6,0.5,1.0,0.5,100.0,1.0,0.01,0.25688115059870104,0.9404625017451114,80.78639055631291,135.33949943094566,0.632,0.015250442616527561,0.6530196245947009
27981592c660,transition,2026,43534150452832,1000,8,100,0.6,0.5,1.0,0.5,100.0,1.0,0.02,0.3623468099753624,1.326580742162531,72.54016176516095,150.39303364150007,0.789,0.012902674141432851,0.8153525902749683
27981592c660,transition,2026,43534150452832,1000,8,100,0.6,0.5,1.0,0.5,100.0,1.0,0.05,0.5695489178350956,2.085164282723839,58.58086077142879,185.0182001502066,0.953,0.00669260786241059,0.9629456091926252
95e75aa54494,transition,2026,164820890764436,1000,8,100,0.6,1.0,1.0,0.5,100.0,1.0,0.005,0.18194515584433776,1.5398170576034946,46.419371876806316,66.86773988997274,0.883,0.010164201887015036,0.8763950471569841
95e75aa54494,transition,2026,164820890764436,1000,8,100,0.6,1.0,1.0,0.5,100.0,1.0,0.01,0.25688115059870104,2.1740066430078673,43.02041270500891,72.07106395909679,0.974,0.005032295698784007,0.9702953636881502
95e75aa54494,transition,2026,164820890764436,1000,8,100,0.6,1.0,1.0,0.5,100.0,1.0,0.02,0.3623468099753624,3.0665713312292,38.62912645725907,80.08738019686209,0.996,0.0019959959919799443,0.9978347086245511
95e75aa54494,transition,2026,164820890764436,1000,8,100,0.6,1.0,1.0,0.5,100.0,1.0,0.05,0.5695489178350956,4.820140084259266,31.195511888166646,98.52599272709855,1.0,0.0,0.9999985654254859
5d7bd2b3bb7f,transition,2026,102786397354879,1000,8,100,0.6,2.0,1.0,0.5,100.0,1.0,0.005,0.18194515584433776,3.6467891042406,24.719269197396283,35.608445270402314,1.0,0.0,0.9997344623126494
5d7bd2b3bb7f,transition,2026,102786397354879,1000,8,100,0.6,2.0,1.0,0.5,100.0,1.0,0.01,0.25688115059870104,5.1487569248043,22.90925360774975,38.37932223804684,1.0,0.0,0.9999997377815704
5d7bd2b3bb7f,transition,2026,102786397354879,1000,8,100,0.6,2.0,1.0,0.5,100.0,1.0,0.02,0.3623468099753624,7.262641274742207,20.570803463076643,42.64817532762925,1.0,0.0,0.9999999999996203
5d7bd2b3bb7f,transition,2026,102786397354879,1000,8,100,0.6,2.0,1.0,0.5,100.0,1.0,0.05,0.5695489178350956,11.415664122819733,16.612250983505156,52.467115316111446,1.0,0.0,1.0
348ad0b58670,transition,2026,57770811688560,1000,8,100,0.6,4.0,1.0,0.5,100.0,1.0,0.005,0.18194515584433776,8.933557872919001,13.163518698077324,18.96222867202628,1.0,0.0,1.0
348ad0b58670,transition,2026,57770811688560,1000,8,100,0.6,4.0,1.0,0.5,100.0,1.0,0.01,0.25688115059870104,12.612936105311181,12.199648210327094,20.437777584188396,1.0,0.0,1.0
348ad0b58670,transition,2026,57770811688560,1000,8,100,0.6,4.0,1.0,0.5,100.0,1.0,0.02,0.3623468099753624,17.791329381431414,10.954375465485251,22.711029556782396,1.0,0.0,1.0
348ad0b58670,transition,2026,57770811688560,1000,8,100,0.6,4.0,1.0,0.5,100.0,1.0,0.05,0.5695489178350956,27.965010639202244,8.84636494276121,27.93981682802174,1.0,0.0,1.0
53ac87f919c3,transition,2026,92000480729539,1000,8,200,0.6,0.5,1.0,0.5,100.0,1.0,0.005,0.18194515584433776,0.9420300166924974,87.16916621726831,125.56837581756443,0.667,0.01490338887635963,0.6538227277625441
53ac87f919c3,transition,2026,92000480729539,1000,8,200,0.6,0.5,1.0,0.5,100.0,1.0,0.01,0.25688115059870104,1.3300148248712669,80.78639055631291,135.33949943094566,0.82,0.012149074038789953,0.8164866131414303
53ac87f919c3,transition,2026,92000480729539,1000,8,200,0.6,0.5,1.0,0.5,100.0,1.0,0.02,0.3623468099753624,1.8760684771492175,72.54016176516095,150.39303364150007,0.942,0.007391616873188169,0.9393541224250073
53ac87f919c3,transition,2026,92000480729539,1000,8,200,0.6,0.5,1.0,0.5,100.0,1.0,0.05,0.5695489178350956,2.94886760840402,58.58086077142879,185.0182001502066,0.995,0.002230470802319547,0.9968105942656931
6b6a40066362,transition,2026,118104084865890,1000,8,200,0.6,1.0,1.0,0.5,100.0,1.0,0.005,0.18194515584433776,2.1776301664362956,46.419371876806316,66.86773988997274,0.971,0.005306505441436956,0.9705664182075671
6b6a40066362,transition,2026,118104084865890,1000,8,200,0.6,1.0,1.0,0.5,100.0,1.0,0.01,0.25688115059870104,3.0745096792309297,43.02041270500891,72.07106395909679,1.0,0.0,0.9978915112048554
6b6a40066362,transition,2026,118104084865890,1000,8,200,0.6,1.0,1.0,0.5,100.0,1.0,0.02,0.3623468099753624,4.336786766608851,38.62912645725907,80.08738019686209,1.0,0.0,0.9999855419239241
6b6a40066362,transition,2026,118104084865890,1000,8,200,0.6,1.0,1.0,0.5,100.0,1.0,0.05,0.5695489178350956,6.816707479697647,31.195511888166646,98.52599272709855,1.0,0.0,0.999999999990685
7ca56b0fcb06,transition,2026,137049907645190,1000,8,200,0.6,2.0,1.0,0.5,100.0,1.0,0.005,0.18194515584433776,5.157338610331488,24.719269197396283,35.608445270402314,1.0,0.0,0.9999997495154143
7ca56b0fcb06,transition,2026,137049907645190,1000,8,200,0.6,2.0,1.0,0.5,100.0,1.0,0.01,0.25688115059870104,7.281441872420632,22.90925360774975,38.37932223804684,1.0,0.0,0.9999999999996698
7ca56b0fcb06,transition,2026,137049907645190,1000,8,200,0.6,2.0,1.0,0.5,100.0,1.0,0.02,0.3623468099753624,10.270925789391054,20.570803463076643,42.64817532762925,1.0,0.0,1.0
7ca56b0fcb06,transition,2026,137049907645190,1000,8,200,0.6,2.0,1.0,0.5,100.0,1.0,0.05,0.5695489178350956,16.144187025987627,16.612250983505156,52.467115316111446,1.0,0.0,1.0
10f162925071,transition,2026,18628926918769,1000,8,200,0.6,4.0,1.0,0.5,100.0,1.0,0.005,0.18194515584433776,12.633958704126991,13.163518698077324,18.96222867202628,1.0,0.0,1.0
10f162925071,transition,2026,18628926918769,1000,8,200,0.6,4.0,1.0,0.5,100.0,1.0,0.01,0.25688115059870104,17.837385301476356,12.199648210327094,20.437777584188396,1.0,0.0,1.0
10f162925071,transition,2026,18628926918769,1000,8,200,0.6,4.0,1.0,0.5,100.0,1.0,0.02,0.3623468099753624,25.160739303867235,10.954375465485251,22.711029556782396,1.0,0.0,1.0
10f162925071,transition,2026,18628926918769,1000,8,200,0.6,4.0,1.0,0.5,100.0,1.0,0.05,0.5695489178350956,39.548497317867714,8.84636494276121,27.93981682802174,1.0,0.0,1.0
d717ae8e7882,transition,2026,236496712792194,1000,10,10,0.6,0.5,1.0,0.5,100.0,1.0,0.005,0.18194515584433776,0.2818433635770131,87.16916621726831,125.56837581756443,0.176,0.012042591083317577,0.22193638113027347
d717ae8e7882,transition,2026,236496712792194,1000,10,10,0.6,0.5,1.0,0.5,100.0,1.0,0.01,0.25688115059870104,0.3979234686864256,80.78639055631291,135.33949943094566,0.252,0.013729384545565033,0.3093133999984714
d717ae8e7882,transition,2026,236496712792194,1000,10,10,0.6,0.5,1.0,0.5,100.0,1.0,0.02,0.3623468099753624,0.5612957554760595,72.54016176516095,150.39303364150007,0.364,0.015215255502291114,0.425404065367212
d717ae8e7882,transition,2026,236496712792194,1000,10,10,0.6,0.5,1.0,0.5,100.0,1.0,0.05,0.5695489178350956,0.882263569916785,58.58086077142879,185.0182001502066,0.564,0.015681326474504636,0.6223657079894358
9bc6768279c7,transition,2026,171276694092231,1000,10,10,0.6,1.0,1.0,0.5,100.0,1.0,0.005,0.18194515584433776,0.6562593775351108,46.419371876806316,66.86773988997274,0.474,0.01578999683343857,0.4883427499788824
9bc6768279c7,transition,2026,171276694092231,1000,10,10,0.6,1.0,1.0,0.5,100.0,1.0,0.01,0.25688115059870104,0.9265465915269264,43.02041270500891,72.07106395909679,0.648,0.015102847413650183,0.6458380041505549
9bc6768279c7,transition,2026,171276694092231,1000,10,10,0.6,1.0,1.0,0.5,100.0,1.0,0.02,0.3623468099753624,1.3069514869068972,38.62912645725907,80.08738019686209,0.808,0.01245536029185828,0.8087708117775105
9bc6768279c7,transition,2026,171276694092231,1000,10,10,0.6,1.0,1.0,0.5,100.0,1.0,0.05,0.5695489178350956,2.054310358303985,31.195511888166646,98.52599272709855,0.955,0.00655553201502365,0.9600543371631398
d731a56ef7a0,transition,2026,236608228882336,1000,10,10,0.6,2.0,1.0,0.5,100.0,1.0,0.005,0.18194515584433776,1.5697180510933761,24.719269197396283,35.608445270402314,0.882,0.01020176455325254,0.8835192801845937
d731a56ef7a0,transition,2026,236608228882336,1000,10,10,0.6,2.0,1.0,0.5,100.0,1.0,0.01,0.25688115059870104,2.216222670008314,22.90925360774975,38.37932223804684,0.967,0.005648982209212561,0.9733237439732101
d731a56ef7a0,transition,2026,236608228882336,1000,10,10,0.6,2.0,1.0,0.5,100.0,1.0,0.02,0.3623468099753624,3.12611965806359,20.570803463076643,42.64817532762925,0.997,0.0017294507798720387,0.9982287053653098
d731a56ef7a0,transition,2026,236608228882336,1000,10,10,0.6,2.0,1.0,0.5,100.0,1.0,0.05,0.5695489178350956,4.913740149648895,16.612250983505156,52.467115316111446,1.0,0.0,0.9999991064483746
01db206a77a3,transition,2026,2040653313955,1000,10,10,0.6,4.0,1.0,0.5,100.0,1.0,0.005,0.18194515584433776,3.9007896366320103,13.163518698077324,18.96222867202628,1.0,0.0,0.9999041205606218
01db206a77a3,transition,2026,2040653313955,1000,10,10,0.6,4.0,1.0,0.5,100.0,1.0,0.01,0.25688115059870104,5.507370204232363,12.199648210327094,20.437777584188396,1.0,0.0,0.9999999635766224
01db206a77a3,transition,2026,2040653313955,1000,10,10,0.6,4.0,1.0,0.5,100.0,1.0,0.02,0.3623468099753624,7.768487567912069,10.954375465485251,22.711029556782396,1.0,0.0,0.999999999999992
01db206a77a3,transition,2026,2040653313955,1000,10,10,0.6,4.0,1.0,0.5,100.0,1.0,0.05,0.5695489178350956,12.210770360640286,8.84636494276121,27.93981682802174,1.0,0.0,1.0
6d6a81fb687e,transition,2026,120304214698110,1000,10,20,0.6,0.5,1.0,0.5,100.0,1.0,0.005,0.18194515584433776,0.39858670723546313,87.16916621726831,125.56837581756443,0.285,0.014274978108564651,0.30980224222991515
6d6a81fb687e,transition,2026,120304214698110,1000,10,20,0.6,0.5,1.0,0.5,100.0,1.0,0.01,0.25688115059870104,0.5627487662028886,80.78639055631291,135.33949943094566,0.416,0.01558666096378567,0.4263940279254146
6d6a81fb687e,transition,2026,120304214698110,1000,10,20,0.6,0.5,1.0,0.5,100.0,1.0,0.02,0.3623468099753624,0.7937920698966957,72.54016176516095,150.39303364150007,0.576,0.015627667772255716,0.5726835099973595
6d6a81fb687e,transition,2026,120304214698110,1000,10,20,0.6,0.5,1.0,0.5,100.0,1.0,0.05,0.5695489178350956,1.2477091061640206,58.58086077142879,185.0182001502066,0.779,0.01312093746650749,0.7878623947051415
8fab33f1554e,transition,2026,157965473633614,1000,10,20,0.6,1.0,1.0,0.5,100.0,1.0,0.005,0.18194515584433776,0.9280909121446789,46.419371876806316,66.86773988997274,0.652,0.015063067416698366,0.6466395867018078
8fab33f1554e,transition,2026,157965473633614,1000,10,20,0.6,1.0,1.0,0.5,100.0,1.0,0.01,0.25688115059870104,1.3103347559079435,43.02041270500891,72.07106395909679,0.811,0.012380589646701,0.8099173853352355
8fab33f1554e,transition,2026,157965473633614,1000,10,20,0.6,1.0,1.0,0.5,100.0,1.0,0.02,0.3623468099753624,1.8483085181474166,38.62912645725907,80.08738019686209,0.939,0.007568289106528638,0.9354422758294647
8fab33f1554e,transition,2026,157965473633614,1000,10,20,0.6,1.0,1.0,0.5,100.0,1.0,0.05,0.5695489178350956,2.9052335700370273,31.195511888166646,98.52599272709855,0.992,0.0028170906978654425,0.9963302086716479
edc0bd38d39a,transition,2026,261412064121754,1000,10,20,0.6,2.0,1.0,0.5,100.0,1.0,0.005,0.18194515584433776,2.219916556958115,24.719269197396283,35.608445270402314,0.966,0.005730968504537434,0.9735755676197819
edc0bd38d39a,transition,2026,261412064121754,1000,10,20,0.6,2.0,1.0,0.5,100.0,1.0,0.01,0.25688115059870104,3.1342121571644697,22.90925360774975,38.37932223804684,0.997,0.0017294507798720387,0.9982768377978992
edc0bd38d39a,transition,2026,261412064121754,1000,10,20,0.6,2.0,1.0,0.5,100.0,1.0,0.02,0.3623468099753624,4.4210008180346705,20.570803463076643,42.64817532762925,1.0,0.0,0.9999901755198182
edc0bd38d39a,transition,2026,261412064121754,1000,10,20,0.6,2.0,1.0,0.5,100.0,1.0,0.05,0.5695489178350956,6.949077961610668,16.612250983505156,52.467115316111446,1.0,0.0,0.9999999999963232
db543c96202c,transition,2026,241154840207404,1000,10,20,0.6,4.0,1.0,0.5,100.0,1.0,0.005,0.18194515584433776,5.516549608089406,13.163518698077324,18.96222867202628,1.0,0.0,0.9999999654280067
db543c96202c,transition,2026,241154840207404,1000,10,20,0.6,4.0,1.0,0.5,100.0,1.0,0.01,0.25688115059870104,7.78859763583489,12.199648210327094,20.437777584188396,1.0,0.0,0.9999999999999931
db543c96202c,transition,2026,241154840207404,1000,10,20,0.6,4.0,1.0,0.5,100.0,1.0,0.02,0.3623468099753624,10.986300477668028,10.954375465485251,22.711029556782396,1.0,0.0,1.0
db543c96202c,transition,2026,241154840207404,1000,10,20,0.6,4.0,1.0,0.5,100.0,1.0,0.05,0.5695489178350956,17.2686370510409,8.84636494276121,27.93981682802174,1.0,0.0,1.0
26f9dcbe25b2,transition,2026,42854592161202,1000,10,50,0.6,0.5,1.0,0.5,100.0,1.0,0.005,0.18194515584433776,0.6302209199653895,87.16916621726831,125.56837581756443,0.492,0.015809364313595912,0.47144994612131974
26f9dcbe25b2,transition,2026,42854592161202,1000,10,50,0.6,0.5,1.0,0.5,100.0,1.0,0.01,0.25688115059870104,0.8897839258253565,80.78639055631291,135.33949943094566,0.63,0.015267612779999367,0.6264180807039645
26f9dcbe25b2,transition,2026,42854592161202,1000,10,50,0.6,0.5,1.0,0.5,100.0,1.0,0.02,0.3623468099753624,1.2550954647265686,72.54016176516095,150.39303364150007,0.797,0.012719709116170855,0.790555893337866
26f9dcbe25b2,transition,2026,42854592161202,1000,10,50,0.6,0.5,1.0,0.5,100.0,1.0,0.05,0.5695489178350956,1.9728013164055698,58.58086077142879,185.0182001502066,0.946,0.0071473071852271785,0.9514817968587881
a5788fea1ea6,transition,2026,181937229143718,1000,10,50,0.6,1.0,1.0,0.5,100.0,1.0,0.005,0.18194515584433776,1.4674405790402059,46.419371876806316,66.86773988997274,0.854,0.011166198995181844,0.8577437574890638
a5788fea1ea6,transition,2026,181937229143718,1000,10,50,0.6,1.0,1.0,0.5,100.0,1.0,0.01,0.25688115059870104,2.071821162974938,43.02041270500891,72.07106395909679,0.968,0.005565608681896351,0.9617178776963449
a5788fea1ea6,transition,2026,181937229143718,1000,10,50,0.6,1.0,1.0,0.5,100.0,1.0,0.02,0.3623468099753624,2.922432368018248,38.62912645725907,80.08738019686209,0.997,0.0017294507798720387,0.9965269096015861
a5788fea1ea6,transition,2026,181937229143718,1000,10,50,0.6,1.0,1.0,0.5,100.0,1.0,0.05,0.5695489178350956,4.593577608049658,31.195511888166646,98.52599272709855,1.0,0.0,0.9999956428912764
00b00ff23625,transition,2026,756181775909,1000,10,50,0.6,2.0,1.0,0.5,100.0,1.0,0.005,0.18194515584433776,3.5099962677532766,24.719269197396283,35.608445270402314,0.999,0.0009994998749374613,0.9995518870162079
00b00ff23625,transition,2026,756181775909,1000,10,50,0.6,2.0,1.0,0.5,100.0,1.0,0.01,0.25688115059870104,4.9556245434146735,22.90925360774975,38.37932223804684,1.0,0.0,0.9999992790167787
00b00ff23625,transition,2026,756181775909,1000,10,50,0.6,2.0,1.0,0.5,100.0,1.0,0.02,0.3623468099753624,6.990216061228584,20.570803463076643,42.64817532762925,1.0,0.0,0.9999999999972553
00b00ff23625,transition,2026,756181775909,1000,10,50,0.6,2.0,1.0,0.5,100.0,1.0,0.05,0.5695489178350956,10.987456998384918,16.612250983505156,52.467115316111446,1.0,0.0,1.0
dbc43f2862af,transition,2026,241635919684271,1000,10,50,0.6,4.0,1.0,0.5,100.0,1.0,0.005,0.18194515584433776,8.722430793435876,13.163518698077324,18.96222867202628,1.0,0.0,1.0
dbc43f2862af,transition,2026,241635919684271,1000,10,50,0.6,4.0,1.0,0.5,100.0,1.0,0.01,0.25688115059870104,12.314854153920463,12.199648210327094,20.437777584188396,1.0,0.0,1.0
dbc43f2862af,transition,2026,241635919684271,1000,10,50,0.6,4.0,1.0,0.5,100.0,1.0,0.02,0.3623468099753624,17.370866284213395,10.954375465485251,22.711029556782396,1.0,0.0,1.0
dbc43f2862af,transition,2026,241635919684271,1000,10,50,0.6,4.0,1.0,0.5,100.0,1.0,0.05,0.5695489178350956,27.304112584031298,8.84636494276121,27.93981682802174,1.0,0.0,1.0
2bf6040a608a,transition,2026,48335629738122,1000,10,100,0.6,0.5,1.0,0.5,100.0,1.0,0.005,0.18194515584433776,0.8912669723063029,87.16916621726831,125.56837581756443,0.639,0.01518812035770062,0.627214037194987
2bf6040a608a,transition,2026,48335629738122,1000,10,100,0.6,0.5,1.0,0.5,100.0,1.0,0.01,0.25688115059870104,1.2583444954837952,80.78639055631291,135.33949943094566,0.793,0.012812142677944232,0.7917328041752736
2bf6040a608a,transition,2026,48335629738122,1000,10,100,0.6,0.5,1.0,0.5,100.0,1.0,0.02,0.3623468099753624,1.7749730282892764,72.54016176516095,150.39303364150007,0.932,0.00796090447122687,0.9240976592309145
2bf6040a608a,transition,2026,48335629738122,1000,10,100,0.6,0.5,1.0,0.5,100.0,1.0,0.05,0.5695489178350956,2.7899623775282523,58.58086077142879,185.0182001502066,0.995,0.002230470802319547,0.9947285833325572
bc02077ba77d,transition,2026,206716901500797,1000,10,100,0.6,1.0,1.0,0.5,100.0,1.0,0.005,0.18194515584433776,2.075274368855287,46.419371876806316,66.86773988997274,0.959,0.006270486424512857,0.9620388864642988
bc02077ba77d,transition,2026,206716901500797,1000,10,100,0.6,1.0,1.0,0.5,100.0,1.0,0.01,0.25688115059870104,2.929997587490756,43.02041270500891,72.07106395909679,0.997,0.0017294507798720387,0.9966103536452422
bc02077ba77d,transition,2026,206716901500797,1000,10,100,0.6,1.0,1.0,0.5,100.0,1.0,0.02,0.3623468099753624,4.132943489969527,38.62912645725907,80.08738019686209,1.0,0.0,0.9999641853194221
bc02077ba77d,transition,2026,206716901500797,1000,10,100,0.6,1.0,1.0,0.5,100.0,1.0,0.05,0.5695489178350956,6.4962997531171895,31.195511888166646,98.52599272709855,1.0,0.0,0.9999999999176805
4d920540feb2,transition,2026,85289548709554,1000,10,100,0.6,2.0,1.0,0.5,100.0,1.0,0.005,0.18194515584433776,4.96388432573563,24.719269197396283,35.608445270402314,1.0,0.0,0.9999993090289345
4d920540feb2,transition,2026,85289548709554,1000,10,100,0.6,2.0,1.0,0.5,100.0,1.0,0.01,0.25688115059870104,7.008311439326009,22.90925360774975,38.37932223804684,1.0,0.0,0.9999999999975879
4d920540feb2,transition,2026,85289548709554,1000,10,100,0.6,2.0,1.0,0.5,100.0,1.0,0.02,0.3623468099753624,9.885658357707703,20.570803463076643,42.64817532762925,1.0,0.0,1.0
4d920540feb2,transition,2026,85289548709554,1000,10,100,0.6,2.0,1.0,0.5,100.0,1.0,0.05,0.5695489178350956,15.538610703107128,16.612250983505156,52.467115316111446,1.0,0.0,1.0
4e2dba47a9de,transition,2026,85958305753566,1000,10,100,0.6,4.0,1.0,0.5,100.0,1.0,0.005,0.18194515584433776,12.335379924937735,13.163518698077324,18.96222867202628,1.0,0.0,1.0
4e2dba47a9de,transition,2026,85958305753566,1000,10,100,0.6,4.0,1.0,0.5,100.0,1.0,0.01,0.25688115059870104,17.41583376312097,12.199648210327094,20.437777584188396,1.0,0.0,1.0
4e2dba47a9de,transition,2026,85958305753566,1000,10,100,0.6,4.0,1.0,0.5,100.0,1.0,0.02,0.3623468099753624,24.566114689304122,10.954375465485251,22.711029556782396,1.0,0.0,1.0
4e2dba47a9de,transition,2026,85958305753566,1000,10,100,0.6,4.0,1.0,0.5,100.0,1.0,0.05,0.5695489178350956,38.61384632489896,8.84636494276121,27.93981682802174,1.0,0.0,1.0
36a6fea8a5ad,transition,2026,60090864936365,1000,10,200,0.6,0.5,1.0,0.5,100.0,1.0,0.005,0.18194515584433776,1.260441839930779,87.16916621726831,125.56837581756443,0.792,0.012834952278836098,0.7924899837572297
36a6fea8a5ad,transition,2026,60090864936365,1000,10,200,0.6,0.5,1.0,0.5,100.0,1.0,0.01,0.25688115059870104,1.779567851650713,80.78639055631291,135.33949943094566,0.911,0.009004387819280108,0.9248532886204515
36a6fea8a5ad,transition,2026,60090864936365,1000,10,200,0.6,0.5,1.0,0.5,100.0,1.0,0.02,0.3623468099753624,2.5101909294531373,72.54016176516095,150.39303364150007,0.979,0.00453420334788814,0.987933410027392
36a6fea8a5ad,transition,2026,60090864936365,1000,10,200,0.6,0.5,1.0,0.5,100.0,1.0,0.05,0.5695489178350956,3.9456026328111395,58.58086077142879,185.0182001502066,0.999,0.0009994998749374613,0.9999204004726219
4b9c4ed30759,transition,2026,83134709434201,1000,10,200,0.6,1.0,1.0,0.5,100.0,1.0,0.005,0.18194515584433776,2.9348811580804117,46.419371876806316,66.86773988997274,0.999,0.0009994998749374613,0.9966632454163307
4b9c4ed30759,transition,2026,83134709434201,1000,10,200,0.6,1.0,1.0,0.5,100.0,1.0,0.01,0.25688115059870104,4.143642325949876,43.02041270500891,72.07106395909679,1.0,0.0,0.9999658167245511
4b9c4ed30759,transition,2026,83134709434201,1000,10,200,0.6,1.0,1.0,0.5,100.0,1.0,0.02,0.3623468099753624,5.844864736036496,38.62912645725907,80.08738019686209,1.0,0.0,0.9999999949301994
4b9c4ed30759,transition,2026,83134709434201,1000,10,200,0.6,1.0,1.0,0.5,100.0,1.0,0.05,0.5695489178350956,9.187155216099317,31.195511888166646,98.52599272709855,1.0,0.0,1.0
3d45a69e6a2d,transition,2026,67369357437485,1000,10,200,0.6,2.0,1.0,0.5,100.0,1.0,0.005,0.18194515584433776,7.019992535506553,24.719269197396283,35.608445270402314,1.0,0.0,0.9999999999977811
3d45a69e6a2d,transition,2026,67369357437485,1000,10,200,0.6,2.0,1.0,0.5,100.0,1.0,0.01,0.25688115059870104,9.911249086829347,22.90925360774975,38.37932223804684,1.0,0.0,1.0
3d45a69e6a2d,transition,2026,67369357437485,1000,10,200,0.6,2.0,1.0,0.5,100.0,1.0,0.02,0.3623468099753624,13.980432122457168,20.570803463076643,42.64817532762925,1.0,0.0,1.0
3d45a69e6a2d,transition,2026,67369357437485,1000,10,200,0.6,2.0,1.0,0.5,100.0,1.0,0.05,0.5695489178350956,21.974913996769835,16.612250983505156,52.467115316111446,1.0,0.0,1.0
8a476d93a304,transition,2026,152039385703172,1000,10,200,0.6,4.0,1.0,0.5,100.0,1.0,0.005,0.18194515584433776,17.444861586871752,13.163518698077324,18.96222867202628,1.0,0.0,1.0
8a476d93a304,transition,2026,152039385703172,1000,10,200,0.6,4.0,1.0,0.5,100.0,1.0,0.01,0.25688115059870104,24.629708307840925,12.199648210327094,20.437777584188396,1.0,0.0,1.0
8a476d93a304,transition,2026,152039385703172,1000,10,200,0.6,4.0,1.0,0.5,100.0,1.0,0.02,0.3623468099753624,34.74173256842679,10.954375465485251,22.711029556782396,1.0,0.0,1.0
8a476d93a304,transition,2026,152039385703172,1000,10,200,0.6,4.0,1.0,0.5,100.0,1.0,0.05,0.5695489178350956,54.608225168062596,8.84636494276121,27.93981682802174,1.0,0.0,1.0
f62eae1f96db,transition,2026,270680350234331,1000,3,10,0.9,0.5,1.0,0.5,100.0,1.0,0.005,0.14754445126356783,0.1008902315390109,24.882421144179176,33.5222446594815,0.078,0.008480330182251162,0.08036240235718117
f62eae1f96db,transition,2026,270680350234331,1000,3,10,0.9,0.5,1.0,0.5,100.0,1.0,0.01,0.20773002892672437,0.1420448585937278,23.360010735508972,35.601750778378545,0.106,0.009734680272099337,0.11295542713829909
f62eae1f96db,transition,2026,270680350234331,1000,3,10,0.9,0.5,1.0,0.5,100.0,1.0,0.02,0.29187153419325484,0.19958044109568604,21.349073028553885,38.72697249959971,0.158,0.011534123287012324,0.1581912742319762
f62eae1f96db,transition,2026,270680350234331,1000,3,10,0.9,0.5,1.0,0.5,100.0,1.0,0.05,0.4553053662009084,0.31133575965459864,17.816837424515555,45.60284719649889,0.255,0.013783141876945184,0.24445461510936806
b528a9eef733,transition,2026,199186254329651,1000,3,10,0.9,1.0,1.0,0.5,100.0,1.0,0.005,0.14754445126356783,0.2337147234037303,15.166005562210282,20.432036979745504,0.202,0.012696298673235441,0.18479354334294262
b528a9eef733,transition,2026,199186254329651,1000,3,10,0.9,1.0,1.0,0.5,100.0,1.0,0.01,0.20773002892672437,0.3290504375968106,14.238086024474285,21.699510156214128,0.285,0.014274978108564651,0.25788243492589435
b528a9eef733,transition,2026,199186254329651,1000,3,10,0.9,1.0,1.0,0.5,100.0,1.0,0.02,0.29187153419325484,0.4623330413255789,13.01240576320784,23.604354131506636,0.39,0.01542400726140908,0.3561574914675434
b528a9eef733,transition,2026,199186254329651,1000,3,10,0.9,1.0,1.0,0.5,100.0,1.0,0.05,0.4553053662009084,0.721217008261394,10.85948404761288,27.795246701566217,0.586,0.015575750383207868,0.5292239911149215
b2ed0ec89e28,transition,2026,196731225021992,1000,3,10,0.9,2.0,1.0,0.5,100.0,1.0,0.005,0.14754445126356783,0.5551278991118059,9.243783930037678,12.453466030760271,0.425,0.01563249820086348,0.42119281887472004
b2ed0ec89e28,transition,2026,196731225021992,1000,3,10,0.9,2.0,1.0,0.5,100.0,1.0,0.01,0.20773002892672437,0.7815728314616842,8.678210636786035,13.225999584986855,0.575,0.015632498200863484,0.565534341219589
b2ed0ec89e28,transition,2026,196731225021992,1000,3,10,0.9,2.0,1.0,0.5,100.0,1.0,0.02,0.29187153419325484,1.0981506264698766,7.931150149699682,14.387014992492205,0.739,0.013888088421377507,0.7278612783082157
b2ed0ec89e28,transition,2026,196731225021992,1000,3,10,0.9,2.0,1.0,0.5,100.0,1.0,0.05,0.4553053662009084,1.7130614484575488,6.618929665827893,16.94139262559556,0.908,0.009139803061335619,0.91329876456124
c13276fbcff4,transition,2026,212422488739828,1000,3,10,0.9,4.0,1.0,0.5,100.0,1.0,0.005,0.14754445126356783,1.3657099266128108,5.634149413615918,7.59047256683419,0.833,0.01179453263168999,0.8279699725959344
c13276fbcff4,transition,2026,212422488739828,1000,3,10,0.9,4.0,1.0,0.5,100.0,1.0,0.01,0.20773002892672437,1.9228033323598508,5.289428630152346,8.06133704230085,0.948,0.007021111023192843,0.9454952465553332
c13276fbcff4,transition,2026,212422488739828,1000,3,10,0.9,4.0,1.0,0.5,100.0,1.0,0.02,0.29187153419325484,2.701639052704011,4.83409016301489,8.768983859546248,0.993,0.002636474919281427,0.9931001378242303
c13276fbcff4,transition,2026,212422488739828,1000,3,10,0.9,4.0,1.0,0.5,100.0,1.0,0.05,0.4553053662009084,4.214425232094121,4.034282819431633,10.32589446592,1.0,0.0,0.9999749584909725
53cb14e2892f,transition,2026,92131693857071,1000,3,20,0.9,0.5,1.0,0.5,100.0,1.0,0.005,0.14754445126356783,0.14268033375343098,24.882421144179176,33.5222446594815,0.105,0.009694070352540258,0.11345735081944341
53cb14e2892f,transition,2026,92131693857071,1000,3,20,0.9,0.5,1.0,0.5,100.0,1.0,0.01,0.20773002892672437,0.20088176548861833,23.360010735508972,35.601750778378545,0.165,0.011737759581794134,0.15920897388872568
53cb14e2892f,transition,2026,92131693857071,1000,3,20,0.9,0.5,1.0,0.5,100.0,1.0,0.02,0.29187153419325484,0.28224936658192384,21.349073028553885,38.72697249959971,0.237,0.013447341744746431,0.2222476926636512
53cb14e2892f,transition,2026,92131693857071,1000,3,20,0.9,0.5,1.0,0.5,100.0,1.0,0.05,0.4553053662009084,0.4402952537552637,17.816837424515555,45.60284719649889,0.356,0.015141466243399283,0.34027672215382365
73ed0c3bf78b,transition,2026,127461949699979,1000,3,20,0.9,1.0,1.0,0.5,100.0,1.0,0.005,0.14754445126356783,0.330522531563832,15.166005562210282,20.432036979745504,0.264,0.013939296969359681,0.25899482938099316
73ed0c3bf78b,transition,2026,127461949699979,1000,3,20,0.9,1.0,1.0,0.5,100.0,1.0,0.01,0.20773002892672437,0.4653475915542113,14.238086024474285,21.699510156214128,0.365,0.015224158433227107,0.3583174414642336
73ed0c3bf78b,transition,2026,127461949699979,1000,3,20,0.9,1.0,1.0,0.5,100.0,1.0,0.02,0.29187153419325484,0.6538376573758343,13.01240576320784,23.604354131506636,0.504,0.01581088232832058,0.48678359760266354
73ed0c3bf78b,transition,2026,127461949699979,1000,3,20,0.9,1.0,1.0,0.5,100.0,1.0,0.05,0.4553053662009084,1.019954874497412,10.85948404761288,27.795246701566217,0.717,0.014244683218660919,0.692250137364969
fb130d0dc8fd,transition,2026,276059241957629,1000,3,20,0.9,2.0,1.0,0.5,100.0,1.0,0.005,0.14754445126356783,0.7850694037755992,9.243783930037678,12.453466030760271,0.581,0.015602531845825537,0.5675871225365821
fb130d0dc8fd,transition,2026,276059241957629,1000,3,20,0.9,2.0,1.0,0.5,100.0,1.0,0.01,0.20773002892672437,1.1053108982354551,8.678210636786035,13.225999584986855,0.741,0.013853483316480371,0.7309751027790679
fb130d0dc8fd,transition,2026,276059241957629,1000,3,20,0.9,2.0,1.0,0.5,100.0,1.0,0.02,0.29187153419325484,1.5530195094822103,7.931150149699682,14.387014992492205,0.889,0.00993373041711924,0.8795815262017432
fb130d0dc8fd,transition,2026,276059241957629,1000,3,20,0.9,2.0,1.0,0.5,100.0,1.0,0.05,0.4553053662009084,2.4226347335871643,6.618929665827893,16.94139262559556,0.982,0.004204283529925166,0.9845915892197026
0f3636c9598c,transition,2026,16725521815948,1000,3,20,0.9,4.0,1.0,0.5,100.0,1.0,0.005,0.14754445126356783,1.9314055004834012,5.634149413615918,7.59047256683419,0.934,0.007851369307324675,0.9465670745288617
0f3636c9598c,transition,2026,16725521815948,1000,3,20,0.9,4.0,1.0,0.5,100.0,1.0,0.01,0.20773002892672437,2.7192545503994827,5.289428630152346,8.06133704230085,0.992,0.0028170906978654425,0.9934570765440303
0f3636c9598c,transition,2026,16725521815948,1000,3,20,0.9,4.0,1.0,0.5,100.0,1.0,0.02,0.29187153419325484,3.820694588970814,4.83409016301489,8.768983859546248,0.999,0.0009994998749374613,0.9998669236379616
0f3636c9598c,transition,2026,16725521815948,1000,3,20,0.9,4.0,1.0,0.5,100.0,1.0,0.05,0.4553053662009084,5.960097320834885,4.034282819431633,10.32589446592,1.0,0.0,0.9999999974791225
a6ddbb326e8b,transition,2026,183471258627723,1000,3,50,0.9,0.5,1.0,0.5,100.0,1.0,0.005,0.14754445126356783,0.22559741598692162,24.882421144179176,33.5222446594815,0.199,0.012625331678811452,0.17848544920981357
a6ddbb326e8b,transition,2026,183471258627723,1000,3,50,0.9,0.5,1.0,0.5,100.0,1.0,0.01,0.20773002892672437,0.3176219596699206,23.360010735508972,35.601750778378545,0.261,0.013888088421377507,0.24922828531477825
a6ddbb326e8b,transition,2026,183471258627723,1000,3,50,0.9,0.5,1.0,0.5,100.0,1.0,0.02,0.29187153419325484,0.44627543326934666,21.349073028553885,38.72697249959971,0.347,0.01505293991218991,0.34460170030561166
a6ddbb326e8b,transition,2026,183471258627723,1000,3,50,0.9,0.5,1.0,0.5,100.0,1.0,0.05,0.4553053662009084,0.696167922414219,17.816837424515555,45.60284719649889,0.55,0.015732132722552274,0.5136763261779635
795632d9c0ca,transition,2026,133411127279818,1000,3,50,0.9,1.0,1.0,0.5,100.0,1.0,0.005,0.14754445126356783,0.522602008873302,15.166005562210282,20.432036979745504,0.401,0.015498354751392161,0.3987487577212123
795632d9c0ca,transition,2026,133411127279818,1000,3,50,0.9,1.0,1.0,0.5,100.0,1.0,0.01,0.20773002892672437,0.735779146492521,14.238086024474285,21.699510156214128,0.544,0.01575004761897563,0.5381348859334372
795632d9c0ca,transition,2026,133411127279818,1000,3,50,0.9,1.0,1.0,0.5,100.0,1.0,0.02,0.29187153419325484,1.033808108648214,13.01240576320784,23.604354131506636,0.72,0.014198591479439079,0.6987741198639617
795632d9c0ca,transition,2026,133411127279818,1000,3,50,0.9,1.0,1.0,0.5,100.0,1.0,0.05,0.4553053662009084,1.6126902570015045,10.85948404761288,27.795246701566217,0.893,0.009775019181566856,0.8931881816691496
deea78390970,transition,2026,245098620717424,1000,3,50,0.9,2.0,1.0,0.5,100.0,1.0,0.005,0.14754445126356783,1.2413037186206433,9.243783930037678,12.453466030760271,0.764,0.013427732496590778,0.7855064285031104
deea78390970,transition,2026,245098620717424,1000,3,50,0.9,2.0,1.0,0.5,100.0,1.0,0.01,0.20773002892672437,1.7476499805153123,8.678210636786035,13.225999584986855,0.908,0.009139803061335619,0.9194753449116841
deea78390970,transition,2026,245098620717424,1000,3,50,0.9,2.0,1.0,0.5,100.0,1.0,0.02,0.29187153419325484,2.4555394503206243,7.931150149699682,14.387014992492205,0.976,0.004839834707921338,0.9859326688566974
deea78390970,transition,2026,245098620717424,1000,3,50,0.9,2.0,1.0,0.5,100.0,1.0,0.05,0.4553053662009084,3.8305218483853314,6.618929665827893,16.94139262559556,1.0,0.0,0.999872128221927
c4c593c18f3a,transition,2026,216352866537274,1000,3,50,0.9,4.0,1.0,0.5,100.0,1.0,0.005,0.14754445126356783,3.053820233452494,5.634149413615918,7.59047256683419,0.997,0.0017294507798720387,0.9977405257045973
c4c593c18f3a,transition,2026,216352866537274,1000,3,50,0.9,4.0,1.0,0.5,100.0,1.0,0.01,0.20773002892672437,4.299518958519748,5.289428630152346,8.06133704230085,1.0,0.0,0.9999828830766333
c4c593c18f3a,transition,2026,216352866537274,1000,3,50,0.9,4.0,1.0,0.5,100.0,1.0,0.02,0.29187153419325484,6.041048572514307,4.83409016301489,8.768983859546248,1.0,0.0,0.9999999984688412
c4c593c18f3a,transition,2026,216352866537274,1000,3,50,0.9,4.0,1.0,0.5,100.0,1.0,0.05,0.4553053662009084,9.423741305052783,4.034282819431633,10.32589446592,1.0,0.0,1.0
12a9ee073893,transition,2026,20521052223635,1000,3,100,0.9,0.5,1.0,0.5,100.0,1.0,0.005,0.14754445126356783,0.3190429253250294,24.882421144179176,33.5222446594815,0.272,0.014071815803228808,0.25030603741039203
12a9ee073893,transition,2026,20521052223635,1000,3,100,0.9,0.5,1.0,0.5,100.0,1.0,0.01,0.20773002892672437,0.4491852830727218,23.360010735508972,35.601750778378545,0.387,0.015402305022301045,0.3467019969507743
12a9ee073893,transition,2026,20521052223635,1000,3,100,0.9,0.5,1.0,0.5,100.0,1.0,0.02,0.29187153419325484,0.6311287702834391,21.349073028553885,38.72697249959971,0.515,0.01580427157448264,0.4720436690518277
12a9ee073893,transition,2026,20521052223635,1000,3,100,0.9,0.5,1.0,0.5,100.0,1.0,0.05,0.4553053662009084,0.9845301175672891,17.816837424515555,45.60284719649889,0.718,0.014229406171727618,0.6751450693615673
1400748b6e41,transition,2026,21992187850305,1000,3,100,0.9,1.0,1.0,0.5,100.0,1.0,0.005,0.14754445126356783,0.7390708486720483,15.166005562210282,20.432036979745504,0.547,0.015741378592740853,0.5401360227725771
1400748b6e41,transition,2026,21992187850305,1000,3,100,0.9,1.0,1.0,0.5,100.0,1.0,0.01,0.20773002892672437,1.0405488478810234,14.238086024474285,21.699510156214128,0.707,0.014392741226048637,0.7019150180019431
1400748b6e41,transition,2026,21992187850305,1000,3,100,0.9,1.0,1.0,0.5,100.0,1.0,0.02,0.29187153419325484,1.4620254481415822,13.01240576320784,23.604354131506636,0.874,0.010493998284733994,0.8562657635824076
1400748b6e41,transition,2026,21992187850305,1000,3,100,0.9,1.0,1.0,0.5,100.0,1.0,0.05,0.4553053662009084,2.28068843335848,10.85948404761288,27.795246701566217,0.976,0.004839834707921338,0.9774331099030347
d6e3761ca07e,transition,2026,236272427507838,1000,3,100,0.9,2.0,1.0,0.5,100.0,1.0,0.005,0.14754445126356783,1.75546855389747,9.243783930037678,12.453466030760271,0.907,0.009184280047995052,0.9208208050802476
d6e3761ca07e,transition,2026,236272427507838,1000,3,100,0.9,2.0,1.0,0.5,100.0,1.0,0.01,0.20773002892672437,2.4715503047258296,8.678210636786035,13.225999584986855,0.983,0.004087909000944127,0.9865471377330866
d6e3761ca07e,transition,2026,236272427507838,1000,3,100,0.9,2.0,1.0,0.5,100.0,1.0,0.02,0.29187153419325484,3.472657193585601,7.931150149699682,14.387014992492205,0.999,0.0009994998749374613,0.9994846668712161
d6e3761ca07e,transition,2026,236272427507838,1000,3,100,0.9,2.0,1.0,0.5,100.0,1.0,0.05,0.4553053662009084,5.417175948952993,6.618929665827893,16.94139262559556,1.0,0.0,0.9999999394522496
d4ad8991a72b,transition,2026,233841802454827,1000,3,100,0.9,4.0,1.0,0.5,100.0,1.0,0.005,0.14754445126356783,4.318753991197888,5.634149413615918,7.59047256683419,1.0,0.0,0.9999843087431031
d4ad8991a72b,transition,2026,233841802454827,1000,3,100,0.9,4.0,1.0,0.5,100.0,1.0,0.01,0.20773002892672437,6.080438022818871,5.289428630152346,8.06133704230085,1.0,0.0,0.9999999988014532
d4ad8991a72b,transition,2026,233841802454827,1000,3,100,0.9,4.0,1.0,0.5,100.0,1.0,0.02,0.29187153419325484,8.543332822204357,4.83409016301489,8.768983859546248,1.0,0.0,1.0
d4ad8991a72b,transition,2026,233841802454827,1000,3,100,0.9,4.0,1.0,0.5,100.0,1.0,0.05,0.4553053662009084,13.327182761901176,4.034282819431633,10.32589446592,1.0,0.0,1.0
eb4ea9f7ef86,transition,2026,258723091574662,1000,3,200,0.9,0.5,1.0,0.5,100.0,1.0,0.005,0.14754445126356783,0.45119483197384325,24.882421144179176,33.5222446594815,0.339,0.014969268519202935,0.3481508659315846
eb4ea9f7ef86,transition,2026,258723091574662,1000,3,200,0.9,0.5,1.0,0.5,100.0,1.0,0.01,0.20773002892672437,0.6352439193398411,23.360010735508972,35.601750778378545,0.472,0.015786576576319513,0.4747306569000489
eb4ea9f7ef86,transition,2026,258723091574662,1000,3,200,0.9,0.5,1.0,0.5,100.0,1.0,0.02,0.29187153419325484,0.8925508665386933,21.349073028553885,38.72697249959971,0.635,0.015224158433227107,0.6279022588646836
eb4ea9f7ef86,transition,2026,258723091574662,1000,3,200,0.9,0.5,1.0,0.5,100.0,1.0,0.05,0.4553053662009084,1.392335844828438,17.816837424515555,45.60284719649889,0.858,0.011037934589405756,0.8361792781298147
4edc1ccc1a8d,transition,2026,86707282909837,1000,3,200,0.9,1.0,1.0,0.5,100.0,1.0,0.005,0.14754445126356783,1.045204017746604,15.166005562210282,20.432036979745504,0.736,0.013939296969359681,0.7040713130651186
4edc1ccc1a8d,transition,2026,86707282909837,1000,3,200,0.9,1.0,1.0,0.5,100.0,1.0,0.01,0.20773002892672437,1.471558292985042,14.238086024474285,21.699510156214128,0.873,0.010529529904036551,0.858859804861922
4edc1ccc1a8d,transition,2026,86707282909837,1000,3,200,0.9,1.0,1.0,0.5,100.0,1.0,0.02,0.29187153419325484,2.067616217296428,13.01240576320784,23.604354131506636,0.965,0.005811626278418119,0.9613238741175665
4edc1ccc1a8d,transition,2026,86707282909837,1000,3,200,0.9,1.0,1.0,0.5,100.0,1.0,0.05,0.4553053662009084,3.225380514003009,10.85948404761288,27.795246701566217,1.0,0.0,0.9987419466251581
b342ed70b6f0,transition,2026,197100032800496,1000,3,200,0.9,2.0,1.0,0.5,100.0,1.0,0.005,0.14754445126356783,2.4826074372412865,9.243783930037678,12.453466030760271,0.984,0.00396787096564392,0.9869575269089894
b342ed70b6f0,transition,2026,197100032800496,1000,3,200,0.9,2.0,1.0,0.5,100.0,1.0,0.01,0.20773002892672437,3.4952999610306246,8.678210636786035,13.225999584986855,1.0,0.0,0.9995264707430713
b342ed70b6f0,transition,2026,197100032800496,1000,3,200,0.9,2.0,1.0,0.5,100.0,1.0,0.02,0.29187153419325484,4.9110789006412485,7.931150149699682,14.387014992492205,1.0,0.0,0.9999990942337018
b342ed70b6f0,transition,2026,197100032800496,1000,3,200,0.9,2.0,1.0,0.5,100.0,1.0,0.05,0.4553053662009084,7.661043696770663,6.618929665827893,16.94139262559556,1.0,0.0,0.9999999999999816
f5a64fce71b5,transition,2026,270094652305845,1000,3,200,0.9,4.0,1.0,0.5,100.0,1.0,0.005,0.14754445126356783,6.107640466904988,5.634149413615918,7.59047256683419,1.0,0.0,0.999999998988852
f5a64fce71b5,transition,2026,270094652305845,1000,3,200,0.9,4.0,1.0,0.5,100.0,1.0,0.01,0.20773002892672437,8.599037917039496,5.289428630152346,8.06133704230085,1.0,0.0,1.0
f5a64fce71b5,transition,2026,270094652305845,1000,3,200,0.9,4.0,1.0,0.5,100.0,1.0,0.02,0.29187153419325484,12.082097145028614,4.83409016301489,8.768983859546248,1.0,0.0,1.0
f5a64fce71b5,transition,2026,270094652305845,1000,3,200,0.9,4.0,1.0,0.5,100.0,1.0,0.05,0.4553053662009084,18.847482610105565,4.034282819431633,10.32589446592,1.0,0.0,1.0
631f88adad7f,transition,2026,108987088219519,1000,5,10,0.9,0.5,1.0,0.5,100.0,1.0,0.005,0.14754445126356783,0.23201950283802253,24.882421144179176,33.5222446594815,0.164,0.011709141727727102,0.18347713398401355
631f88adad7f,transition,2026,108987088219519,1000,5,10,0.9,0.5,1.0,0.5,100.0,1.0,0.01,0.20773002892672437,0.326663711331364,23.360010735508972,35.601750778378545,0.229,0.013287550564344055,0.25607775009353784
631f88adad7f,transition,2026,108987088219519,1000,5,10,0.9,0.5,1.0,0.5,100.0,1.0,0.02,0.29187153419325484,0.45897956633501336,21.349073028553885,38.72697249959971,0.327,0.014834790190629594,0.3537511602243153
631f88adad7f,transition,2026,108987088219519,1000,5,10,0.9,0.5,1.0,0.5,100.0,1.0,0.05,0.4553053662009084,0.715985750739672,17.816837424515555,45.60284719649889,0.495,0.01581059771166163,0.5259998525023171
a7a29ae52b37,transition,2026,184316825250615,1000,5,10,0.9,1.0,1.0,0.5,100.0,1.0,0.005,0.14754445126356783,0.5497708297338795,15.166005562210282,20.432036979745504,0.423,0.015622771841129857,0.41752343144913895
a7a29ae52b37,transition,2026,184316825250615,1000,5,10,0.9,1.0,1.0,0.5,100.0,1.0,0.01,0.20773002892672437,0.7740305337520182,14.238086024474285,21.699510156214128,0.567,0.015668790636165896,0.5610872649866432
a7a29ae52b37,transition,2026,184316825250615,1000,5,10,0.9,1.0,1.0,0.5,100.0,1.0,0.02,0.29187153419325484,1.087553304478269,13.01240576320784,23.604354131506636,0.716,0.014259873772232349,0.7232076454503946
a7a29ae52b37,transition,2026,184316825250615,1000,5,10,0.9,1.0,1.0,0.5,100.0,1.0,0.05,0.4553053662009084,1.6965301427121142,10.85948404761288,27.795246701566217,0.903,0.009359006357514668,0.9102144732726469
e86a7afd218e,transition,2026,255544027586958,1000,5,10,0.9,2.0,1.0,0.5,100.0,1.0,0.005,0.14754445126356783,1.3477189096439797,9.243783930037678,12.453466030760271,0.829,0.011906258858264422,0.8222511922600055
e86a7afd218e,transition,2026,255544027586958,1000,5,10,0.9,2.0,1.0,0.5,100.0,1.0,0.01,0.20773002892672437,1.8974735117983146,8.678210636786035,13.225999584986855,0.94,0.007509993342207438,0.9422345284966771
e86a7afd218e,transition,2026,255544027586958,1000,5,10,0.9,2.0,1.0,0.5,100.0,1.0,0.02,0.29187153419325484,2.6660493325930914,7.931150149699682,14.387014992492205,0.994,0.002442130217658347,0.9923251570170066
e86a7afd218e,transition,2026,255544027586958,1000,5,10,0.9,2.0,1.0,0.5,100.0,1.0,0.05,0.4553053662009084,4.158907003525243,6.618929665827893,16.94139262559556,1.0,0.0,0.9999680225953604
a2dba7d4c0c9,transition,2026,179064297275593,1000,5,10,0.9,4.0,1.0,0.5,100.0,1.0,0.005,0.14754445126356783,3.474935986757226,5.634149413615918,7.59047256683419,1.0,0.0,0.9994890247304622
a2dba7d4c0c9,transition,2026,179064297275593,1000,5,10,0.9,4.0,1.0,0.5,100.0,1.0,0.01,0.20773002892672437,4.89241409531634,5.289428630152346,8.06133704230085,1.0,0.0,0.999999003934037
a2dba7d4c0c9,transition,2026,179064297275593,1000,5,10,0.9,4.0,1.0,0.5,100.0,1.0,0.02,0.29187153419325484,6.874097188964379,4.83409016301489,8.768983859546248,1.0,0.0,0.9999999999937617
a2dba7d4c0c9,transition,2026,179064297275593,1000,5,10,0.9,4.0,1.0,0.5,100.0,1.0,0.05,0.4553053662009084,10.72325654015215,4.034282819431633,10.32589446592,1.0,0.0,1.0
e97b21189c09,transition,2026,256715045510153,1000,5,20,0.9,0.5,1.0,0.5,100.0,1.0,0.005,0.14754445126356783,0.32812512764859425,24.882421144179176,33.5222446594815,0.275,0.014120021246442939,0.25718294428757527
e97b21189c09,transition,2026,256715045510153,1000,5,20,0.9,0.5,1.0,0.5,100.0,1.0,0.01,0.20773002892672437,0.46197225089994465,23.360010735508972,35.601750778378545,0.383,0.015372410351015223,0.35589878001435915
e97b21189c09,transition,2026,256715045510153,1000,5,20,0.9,0.5,1.0,0.5,100.0,1.0,0.02,0.29187153419325484,0.6490951275630975,21.349073028553885,38.72697249959971,0.525,0.015791611697353755,0.4837231089709584
e97b21189c09,transition,2026,256715045510153,1000,5,20,0.9,0.5,1.0,0.5,100.0,1.0,0.05,0.4553053662009084,1.0125567591619262,17.816837424515555,45.60284719649889,0.714,0.014289996501049257,0.6887280773045581
4a9142712012,transition,2026,81987745423378,1000,5,20,0.9,1.0,1.0,0.5,100.0,1.0,0.005,0.14754445126356783,0.7774933636067621,15.166005562210282,20.432036979745504,0.569,0.015660108556456435,0.5631322516743182
4a9142712012,transition,2026,81987745423378,1000,5,20,0.9,1.0,1.0,0.5,100.0,1.0,0.01,0.20773002892672437,1.09464447852299,14.238086024474285,21.699510156214128,0.746,0.013765318739498916,0.7263275785820733
4a9142712012,transition,2026,81987745423378,1000,5,20,0.9,1.0,1.0,0.5,100.0,1.0,0.02,0.29187153419325484,1.5380326329968441,13.01240576320784,23.604354131506636,0.874,0.010493998284733994,0.8759593639968735
4a9142712012,transition,2026,81987745423378,1000,5,20,0.9,1.0,1.0,0.5,100.0,1.0,0.05,0.4553053662009084,2.399255936798234,10.85948404761288,27.795246701566217,0.972,0.005216895628628201,0.9835715724884566
fb4c2872d3c7,transition,2026,276304514700231,1000,5,20,0.9,2.0,1.0,0.5,100.0,1.0,0.005,0.14754445126356783,1.9059623602851958,9.243783930037678,12.453466030760271,0.948,0.007021111023192843,0.9433449107282297
fb4c2872d3c7,transition,2026,276304514700231,1000,5,20,0.9,2.0,1.0,0.5,100.0,1.0,0.01,0.20773002892672437,2.6834327746288813,8.678210636786035,13.225999584986855,0.997,0.0017294507798720387,0.9927129376132169
fb4c2872d3c7,transition,2026,276304514700231,1000,5,20,0.9,2.0,1.0,0.5,100.0,1.0,0.02,0.29187153419325484,3.770363124108888,7.931150149699682,14.387014992492205,0.999,0.0009994998749374613,0.9998369898116906
fb4c2872d3c7,transition,2026,276304514700231,1000,5,20,0.9,2.0,1.0,0.5,100.0,1.0,0.05,0.4553053662009084,5.881582689033848,6.618929665827893,16.94139262559556,1.0,0.0,0.9999999959363814
6e36b40ef688,transition,2026,121181228168840,1000,5,20,0.9,4.0,1.0,0.5,100.0,1.0,0.005,0.14754445126356783,4.914301600850403,5.634149413615918,7.59047256683419,1.0,0.0,0.9999991090050009
6e36b40ef688,transition,2026,121181228168840,1000,5,20,0.9,4.0,1.0,0.5,100.0,1.0,0.01,0.20773002892672437,6.918918366341665,5.289428630152346,8.06133704230085,1.0,0.0,0.999999999995449
6e36b40ef688,transition,2026,121181228168840,1000,5,20,0.9,4.0,1.0,0.5,100.0,1.0,0.02,0.29187153419325484,9.721441473704193,4.83409016301489,8.768983859546248,1.0,0.0,1.0
6e36b40ef688,transition,2026,121181228168840,1000,5,20,0.9,4.0,1.0,0.5,100.0,1.0,0.05,0.4553053662009084,15.16497483188916,4.034282819431633,10.32589446592,1.0,0.0,1.0
2362dbfa1dc7,transition,2026,38907504369095,1000,5,50,0.9,0.5,1.0,0.5,100.0,1.0,0.005,0.14754445126356783,0.5188113804515238,24.882421144179176,33.5222446594815,0.415,0.015581238718407466,0.39610771899705743
2362dbfa1dc7,transition,2026,38907504369095,1000,5,50,0.9,0.5,1.0,0.5,100.0,1.0,0.01,0.20773002892672437,0.7304422643192983,23.360010735508972,35.601750778378545,0.549,0.01573527883451704,0.5348801079515826
2362dbfa1dc7,transition,2026,38907504369095,1000,5,50,0.9,0.5,1.0,0.5,100.0,1.0,0.02,0.29187153419325484,1.0263095106084639,21.349073028553885,38.72697249959971,0.704,0.014435511767859151,0.6952542842437863
2362dbfa1dc7,transition,2026,38907504369095,1000,5,50,0.9,0.5,1.0,0.5,100.0,1.0,0.05,0.4553053662009084,1.600992809575127,17.816837424515555,45.60284719649889,0.886,0.010050074626588601,0.8906214882605417
ef9886ca4d51,transition,2026,263438375472465,1000,5,50,0.9,1.0,1.0,0.5,100.0,1.0,0.005,0.14754445126356783,1.2293249473314174,15.166005562210282,20.432036979745504,0.795,0.012766166221697099,0.7810500026547817
ef9886ca4d51,transition,2026,263438375472465,1000,5,50,0.9,1.0,1.0,0.5,100.0,1.0,0.01,0.20773002892672437,1.730784890129958,14.238086024474285,21.699510156214128,0.926,0.008277922444671728,0.916509862182316
ef9886ca4d51,transition,2026,263438375472465,1000,5,50,0.9,1.0,1.0,0.5,100.0,1.0,0.02,0.29187153419325484,2.431843117967936,13.01240576320784,23.604354131506636,0.984,0.00396787096564392,0.984977787617622
ef9886ca4d51,transition,2026,263438375472465,1000,5,50,0.9,1.0,1.0,0.5,100.0,1.0,0.05,0.4553053662009084,3.7935567249817064,10.85948404761288,27.795246701566217,0.999,0.0009994998749374613,0.9998514953142359
5750408c4579,transition,2026,96002191934841,1000,5,50,0.9,2.0,1.0,0.5,100.0,1.0,0.005,0.14754445126356783,3.0135910965258352,9.243783930037678,12.453466030760271,0.997,0.0017294507798720387,0.9974182448147604
5750408c4579,transition,2026,96002191934841,1000,5,50,0.9,2.0,1.0,0.5,100.0,1.0,0.01,0.20773002892672437,4.24287975788628,8.678210636786035,13.225999584986855,0.999,0.0009994998749374613,0.9999779330315948
5750408c4579,transition,2026,96002191934841,1000,5,50,0.9,2.0,1.0,0.5,100.0,1.0,0.02,0.29187153419325484,5.961467539046098,7.931150149699682,14.387014992492205,1.0,0.0,0.9999999975001741
5750408c4579,transition,2026,96002191934841,1000,5,50,0.9,2.0,1.0,0.5,100.0,1.0,0.05,0.4553053662009084,9.299598771982401,6.618929665827893,16.94139262559556,1.0,0.0,1.0
3421536b5c32,transition,2026,57317738110002,1000,5,50,0.9,4.0,1.0,0.5,100.0,1.0,0.005,0.14754445126356783,7.770193083849467,5.634149413615918,7.59047256683419,1.0,0.0,0.9999999999999922
3421536b5c32,transition,2026,57317738110002,1000,5,50,0.9,4.0,1.0,0.5,100.0,1.0,0.01,0.20773002892672437,10.939770491205472,5.289428630152346,8.06133704230085,1.0,0.0,1.0
3421536b5c32,transition,2026,57317738110002,1000,5,50,0.9,4.0,1.0,0.5,100.0,1.0,0.02,0.29187153419325484,15.37094859846457,4.83409016301489,8.768983859546248,1.0,0.0,1.0
3421536b5c32,transition,2026,57317738110002,1000,5,50,0.9,4.0,1.0,0.5,100.0,1.0,0.05,0.4553053662009084,23.97793056394941,4.034282819431633,10.32589446592,1.0,0.0,1.0
c3c5657adb0e,transition,2026,215252578523918,1000,5,100,0.9,0.5,1.0,0.5,100.0,1.0,0.005,0.14754445126356783,0.7337100905480525,24.882421144179176,33.5222446594815,0.524,0.01579316307773715,0.5368745526762444
c3c5657adb0e,transition,2026,215252578523918,1000,5,100,0.9,0.5,1.0,0.5,100.0,1.0,0.01,0.20773002892672437,1.0330013567308647,23.360010735508972,35.601750778378545,0.709,0.014363808687113596,0.698396736260483
c3c5657adb0e,transition,2026,215252578523918,1000,5,100,0.9,0.5,1.0,0.5,100.0,1.0,0.02,0.29187153419325484,1.4514208290949837,21.349073028553885,38.72697249959971,0.851,0.011260506205317771,0.853337286798324
c3c5657adb0e,transition,2026,215252578523918,1000,5,100,0.9,0.5,1.0,0.5,100.0,1.0,0.05,0.4553053662009084,2.26414574456295,17.816837424515555,45.60284719649889,0.965,0.005811626278418119,0.9764348477398412
59075b993a90,transition,2026,97888136411792,1000,5,100,0.9,1.0,1.0,0.5,100.0,1.0,0.005,0.14754445126356783,1.7385280130796807,15.166005562210282,20.432036979745504,0.927,0.008226238508577293,0.9178821815147109
59075b993a90,transition,2026,97888136411792,1000,5,100,0.9,1.0,1.0,0.5,100.0,1.0,0.01,0.20773002892672437,2.447699465172214,14.238086024474285,21.699510156214128,0.981,0.004317290817167639,0.9856228478554119
59075b993a90,transition,2026,97888136411792,1000,5,100,0.9,1.0,1.0,0.5,100.0,1.0,0.02,0.29187153419325484,3.43914551899393,13.01240576320784,23.604354131506636,1.0,0.0,0.999416446535853
59075b993a90,transition,2026,97888136411792,1000,5,100,0.9,1.0,1.0,0.5,100.0,1.0,0.05,0.4553053662009084,5.36489937010079,10.85948404761288,27.795246701566217,1.0,0.0,0.9999999190056381
dc20c7a2a147,transition,2026,242033346388295,1000,5,100,0.9,2.0,1.0,0.5,100.0,1.0,0.005,0.14754445126356783,4.261861400153642,9.243783930037678,12.453466030760271,1.0,0.0,0.9999797268829591
dc20c7a2a147,transition,2026,242033346388295,1000,5,100,0.9,2.0,1.0,0.5,100.0,1.0,0.01,0.20773002892672437,6.000338097121052,8.678210636786035,13.225999584986855,1.0,0.0,0.9999999980309291
dc20c7a2a147,transition,2026,242033346388295,1000,5,100,0.9,2.0,1.0,0.5,100.0,1.0,0.02,0.29187153419325484,8.430788245365951,7.931150149699682,14.387014992492205,1.0,0.0,1.0
dc20c7a2a147,transition,2026,242033346388295,1000,5,100,0.9,2.0,1.0,0.5,100.0,1.0,0.05,0.4553053662009084,13.15161870796569,6.618929665827893,16.94139262559556,1.0,0.0,1.0
08dae403f5d2,transition,2026,9736221357522,1000,5,100,0.9,4.0,1.0,0.5,100.0,1.0,0.005,0.14754445126356783,10.988712441437539,5.634149413615918,7.59047256683419,1.0,0.0,1.0
08dae403f5d2,transition,2026,9736221357522,1000,5,100,0.9,4.0,1.0,0.5,100.0,1.0,0.01,0.20773002892672437,15.471171797911756,5.289428630152346,8.06133704230085,1.0,0.0,1.0
08dae403f5d2,transition,2026,9736221357522,1000,5,100,0.9,4.0,1.0,0.5,100.0,1.0,0.02,0.29187153419325484,21.737803974488312,4.83409016301489,8.768983859546248,1.0,0.0,1.0
08dae403f5d2,transition,2026,9736221357522,1000,5,100,0.9,4.0,1.0,0.5,100.0,1.0,0.05,0.4553053662009084,33.90991460117761,4.034282819431633,10.32589446592,1.0,0.0,1.0
f112bbb86b48,transition,2026,265062761130824,1000,5,200,0.9,0.5,1.0,0.5,100.0,1.0,0.005,0.14754445126356783,1.0376227609030475,24.882421144179176,33.5222446594815,0.725,0.014120021246442939,0.7005542829278397
f112bbb86b48,transition,2026,265062761130824,1000,5,200,0.9,0.5,1.0,0.5,100.0,1.0,0.01,0.20773002892672437,1.4608845286385965,23.360010735508972,35.601750778378545,0.875,0.010458250331675944,0.8559528668632772
f112bbb86b48,transition,2026,265062761130824,1000,5,200,0.9,0.5,1.0,0.5,100.0,1.0,0.02,0.29187153419325484,2.0526190212169277,21.349073028553885,38.72697249959971,0.963,0.005969170796685251,0.9598904586982107
f112bbb86b48,transition,2026,265062761130824,1000,5,200,0.9,0.5,1.0,0.5,100.0,1.0,0.05,0.4553053662009084,3.201985619150254,17.816837424515555,45.60284719649889,0.997,0.0017294507798720387,0.9986351618849041
d36c47e83d21,transition,2026,232462016331041,1000,5,200,0.9,1.0,1.0,0.5,100.0,1.0,0.005,0.14754445126356783,2.458649894662835,15.166005562210282,20.432036979745504,0.987,0.0035820385257559714,0.9860539455229476
d36c47e83d21,transition,2026,232462016331041,1000,5,200,0.9,1.0,1.0,0.5,100.0,1.0,0.01,0.20773002892672437,3.461569780259916,14.238086024474285,21.699510156214128,0.998,0.0014127986409959495,0.9994629651203966
d36c47e83d21,transition,2026,232462016331041,1000,5,200,0.9,1.0,1.0,0.5,100.0,1.0,0.02,0.29187153419325484,4.863686235935872,13.01240576320784,23.604354131506636,1.0,0.0,0.999998847804884
d36c47e83d21,transition,2026,232462016331041,1000,5,200,0.9,1.0,1.0,0.5,100.0,1.0,0.05,0.4553053662009084,7.587113449963413,10.85948404761288,27.795246701566217,1.0,0.0,0.9999999999999674
ab28d83025d1,transition,2026,188191914075601,1000,5,200,0.9,2.0,1.0,0.5,100.0,1.0,0.005,0.14754445126356783,6.0271821930516705,9.243783930037678,12.453466030760271,1.0,0.0,0.999999998331571
ab28d83025d1,transition,2026,188191914075601,1000,5,200,0.9,2.0,1.0,0.5,100.0,1.0,0.01,0.20773002892672437,8.48575951577256,8.678210636786035,13.225999584986855,1.0,0.0,1.0
ab28d83025d1,transition,2026,188191914075601,1000,5,200,0.9,2.0,1.0,0.5,100.0,1.0,0.02,0.29187153419325484,11.922935078092197,7.931150149699682,14.387014992492205,1.0,0.0,1.0
ab28d83025d1,transition,2026,188191914075601,1000,5,200,0.9,2.0,1.0,0.5,100.0,1.0,0.05,0.4553053662009084,18.599197543964802,6.618929665827893,16.94139262559556,1.0,0.0,1.0
ab3fc6097925,transition,2026,188290393798949,1000,5,200,0.9,4.0,1.0,0.5,100.0,1.0,0.005,0.14754445126356783,15.540386167698934,5.634149413615918,7.59047256683419,1.0,0.0,1.0
ab3fc6097925,transition,2026,188290393798949,1000,5,200,0.9,4.0,1.0,0.5,100.0,1.0,0.01,0.20773002892672437,21.879540982410944,5.289428630152346,8.06133704230085,1.0,0.0,1.0
ab3fc6097925,transition,2026,188290393798949,1000,5,200,0.9,4.0,1.0,0.5,100.0,1.0,0.02,0.29187153419325484,30.74189719692914,4.83409016301489,8.768983859546248,1.0,0.0,1.0
ab3fc6097925,transition,2026,188290393798949,1000,5,200,0.9,4.0,1.0,0.5,100.0,1.0,0.05,0.4553053662009084,47.95586112789882,4.034282819431633,10.32589446592,1.0,0.0,1.0
f80ed5dc94a5,transition,2026,272742601233573,1000,8,10,0.9,0.5,1.0,0.5,100.0,1.0,0.005,0.14754445126356783,0.5061831650279,24.882421144179176,33.5222446594815,0.369,0.015259062880793171,0.3872719278346899
f80ed5dc94a5,transition,2026,272742601233573,1000,8,10,0.9,0.5,1.0,0.5,100.0,1.0,0.01,0.20773002892672437,0.7126628118710583,23.360010735508972,35.601750778378545,0.481,0.01579996835439869,0.5239455663317236
f80ed5dc94a5,transition,2026,272742601233573,1000,8,10,0.9,0.5,1.0,0.5,100.0,1.0,0.02,0.29187153419325484,1.001328451827529,21.349073028553885,38.72697249959971,0.633,0.015241751867813621,0.6833319580134778
f80ed5dc94a5,transition,2026,272742601233573,1000,8,10,0.9,0.5,1.0,0.5,100.0,1.0,0.05,0.4553053662009084,1.5620235755668215,17.816837424515555,45.60284719649889,0.82,0.012149074038789953,0.8817175649228066
1c6153683410,transition,2026,31204336743440,1000,8,10,0.9,1.0,1.0,0.5,100.0,1.0,0.005,0.14754445126356783,1.2349978870126244,15.166005562210282,20.432036979745504,0.762,0.01346684818359515,0.783168709468314
1c6153683410,transition,2026,31204336743440,1000,8,10,0.9,1.0,1.0,0.5,100.0,1.0,0.01,0.20773002892672437,1.7387719063409006,14.238086024474285,21.699510156214128,0.9,0.009486832980505136,0.9179251079346913
1c6153683410,transition,2026,31204336743440,1000,8,10,0.9,1.0,1.0,0.5,100.0,1.0,0.02,0.29187153419325484,2.4430652926682366,13.01240576320784,23.604354131506636,0.976,0.004839834707921338,0.9854368977208752
1c6153683410,transition,2026,31204336743440,1000,8,10,0.9,1.0,1.0,0.5,100.0,1.0,0.05,0.4553053662009084,3.811062770494551,10.85948404761288,27.795246701566217,0.999,0.0009994998749374613,0.9998616293773066
0c365586f06d,transition,2026,13427502674029,1000,8,10,0.9,2.0,1.0,0.5,100.0,1.0,0.005,0.14754445126356783,3.1610347764969284,9.243783930037678,12.453466030760271,0.998,0.0014127986409959495,0.998427902723747
0c365586f06d,transition,2026,13427502674029,1000,8,10,0.9,2.0,1.0,0.5,100.0,1.0,0.01,0.20773002892672437,4.45046790941049,8.678210636786035,13.225999584986855,1.0,0.0,0.9999914316602949
0c365586f06d,transition,2026,13427502674029,1000,8,10,0.9,2.0,1.0,0.5,100.0,1.0,0.02,0.29187153419325484,6.25313972808279,7.931150149699682,14.387014992492205,1.0,0.0,0.999999999597718
0c365586f06d,transition,2026,13427502674029,1000,8,10,0.9,2.0,1.0,0.5,100.0,1.0,0.05,0.4553053662009084,9.754593169456056,6.618929665827893,16.94139262559556,1.0,0.0,1.0
db6fee1e8898,transition,2026,241273782831256,1000,8,10,0.9,4.0,1.0,0.5,100.0,1.0,0.005,0.14754445126356783,8.734272703532335,5.634149413615918,7.59047256683419,1.0,0.0,1.0
db6fee1e8898,transition,2026,241273782831256,1000,8,10,0.9,4.0,1.0,0.5,100.0,1.0,0.01,0.20773002892672437,12.297112536733406,5.289428630152346,8.06133704230085,1.0,0.0,1.0
db6fee1e8898,transition,2026,241273782831256,1000,8,10,0.9,4.0,1.0,0.5,100.0,1.0,0.02,0.29187153419325484,17.278085025971617,4.83409016301489,8.768983859546248,1.0,0.0,1.0
db6fee1e8898,transition,2026,241273782831256,1000,8,10,0.9,4.0,1.0,0.5,100.0,1.0,0.05,0.4553053662009084,26.952970428392813,4.034282819431633,10.32589446592,1.0,0.0,1.0
899e3c23d748,transition,2026,151312706819912,1000,8,20,0.9,0.5,1.0,0.5,100.0,1.0,0.005,0.14754445126356783,0.7158510970273948,24.882421144179176,33.5222446594815,0.494,0.015810249839898167,0.5259167025659082
899e3c23d748,transition,2026,151312706819912,1000,8,20,0.9,0.5,1.0,0.5,100.0,1.0,0.01,0.20773002892672437,1.0078574139469962,23.360010735508972,35.601750778378545,0.654,0.015042739112276061,0.6864770815623518
899e3c23d748,transition,2026,151312706819912,1000,8,20,0.9,0.5,1.0,0.5,100.0,1.0,0.02,0.29187153419325484,1.416092276964546,21.349073028553885,38.72697249959971,0.829,0.011906258858264422,0.8432515110127197
899e3c23d748,transition,2026,151312706819912,1000,8,20,0.9,0.5,1.0,0.5,100.0,1.0,0.05,0.4553053662009084,2.209034925313114,17.816837424515555,45.60284719649889,0.964,0.005891010100144119,0.9728277882453371
edb9698b4ec0,transition,2026,261380595470016,1000,8,20,0.9,1.0,1.0,0.5,100.0,1.0,0.005,0.14754445126356783,1.7465507613153688,15.166005562210282,20.432036979745504,0.923,0.008430361795320529,0.9192847053971716
edb9698b4ec0,transition,2026,261380595470016,1000,8,20,0.9,1.0,1.0,0.5,100.0,1.0,0.01,0.20773002892672437,2.458994811820623,14.238086024474285,21.699510156214128,0.991,0.0029864694875387575,0.986067336876693
edb9698b4ec0,transition,2026,261380595470016,1000,8,20,0.9,1.0,1.0,0.5,100.0,1.0,0.02,0.29187153419325484,3.4550160706544153,13.01240576320784,23.604354131506636,1.0,0.0,0.9994497399772402
edb9698b4ec0,transition,2026,261380595470016,1000,8,20,0.9,1.0,1.0,0.5,100.0,1.0,0.05,0.4553053662009084,5.389656657088576,10.85948404761288,27.795246701566217,1.0,0.0,0.9999999294075794
92a2daeb7def,transition,2026,161228155223535,1000,8,20,0.9,2.0,1.0,0.5,100.0,1.0,0.005,0.14754445126356783,4.470378252054962,9.243783930037678,12.453466030760271,1.0,0.0,0.9999921918618355
92a2daeb7def,transition,2026,161228155223535,1000,8,20,0.9,2.0,1.0,0.5,100.0,1.0,0.01,0.20773002892672437,6.29391207639455,8.678210636786035,13.225999584986855,1.0,0.0,0.9999999996904367
92a2daeb7def,transition,2026,161228155223535,1000,8,20,0.9,2.0,1.0,0.5,100.0,1.0,0.02,0.29187153419325484,8.84327501086869,7.931150149699682,14.387014992492205,1.0,0.0,1.0
92a2daeb7def,transition,2026,161228155223535,1000,8,20,0.9,2.0,1.0,0.5,100.0,1.0,0.05,0.4553053662009084,13.795077955676708,6.618929665827893,16.94139262559556,1.0,0.0,1.0
2cc142a29224,transition,2026,49208558260772,1000,8,20,0.9,4.0,1.0,0.5,100.0,1.0,0.005,0.14754445126356783,12.352126914800548,5.634149413615918,7.59047256683419,1.0,0.0,1.0
2cc142a29224,transition,2026,49208558260772,1000,8,20,0.9,4.0,1.0,0.5,100.0,1.0,0.01,0.20773002892672437,17.3907433274766,5.289428630152346,8.06133704230085,1.0,0.0,1.0
2cc142a29224,transition,2026,49208558260772,1000,8,20,0.9,4.0,1.0,0.5,100.0,1.0,0.02,0.29187153419325484,24.434902175564552,4.83409016301489,8.768983859546248,1.0,0.0,1.0
2cc142a29224,transition,2026,49208558260772,1000,8,20,0.9,4.0,1.0,0.5,100.0,1.0,0.05,0.4553053662009084,38.117256326074084,4.034282819431633,10.32589446592,1.0,0.0,1.0
b22596f8afe9,transition,2026,195874516414441,1000,8,50,0.9,0.5,1.0,0.5,100.0,1.0,0.005,0.14754445126356783,1.1318599660683788,24.882421144179176,33.5222446594815,0.728,0.014071815803228808,0.7423066879870643
b22596f8afe9,transition,2026,195874516414441,1000,8,50,0.9,0.5,1.0,0.5,100.0,1.0,0.01,0.20773002892672437,1.5935624923798306,23.360010735508972,35.601750778378545,0.88,0.010276186062932104,0.8889659390256439
b22596f8afe9,transition,2026,195874516414441,1000,8,50,0.9,0.5,1.0,0.5,100.0,1.0,0.02,0.29187153419325484,2.2390384860909784,21.349073028553885,38.72697249959971,0.976,0.004839834707921338,0.974846587873671
b22596f8afe9,transition,2026,195874516414441,1000,8,50,0.9,0.5,1.0,0.5,100.0,1.0,0.05,0.4553053662009084,3.492790897424693,17.816837424515555,45.60284719649889,0.998,0.0014127986409959495,0.9995219993511417
9681c51e576f,transition,2026,165484102047599,1000,8,50,0.9,1.0,1.0,0.5,100.0,1.0,0.005,0.14754445126356783,2.761539227428833,15.166005562210282,20.432036979745504,0.991,0.0029864694875387575,0.9942470394817646
9681c51e576f,transition,2026,165484102047599,1000,8,50,0.9,1.0,1.0,0.5,100.0,1.0,0.01,0.20773002892672437,3.888012179945152,14.238086024474285,21.699510156214128,0.999,0.0009994998749374613,0.9998989314438858
9681c51e576f,transition,2026,165484102047599,1000,8,50,0.9,1.0,1.0,0.5,100.0,1.0,0.02,0.29187153419325484,5.462860067876596,13.01240576320784,23.604354131506636,1.0,0.0,0.999999953147608
9681c51e576f,transition,2026,165484102047599,1000,8,50,0.9,1.0,1.0,0.5,100.0,1.0,0.05,0.4553053662009084,8.521795421344496,10.85948404761288,27.795246701566217,1.0,0.0,1.0
45222ed30548,transition,2026,76013116785992,1000,8,50,0.9,2.0,1.0,0.5,100.0,1.0,0.005,0.14754445126356783,7.068288639487987,9.243783930037678,12.453466030760271,1.0,0.0,0.9999999999984315
45222ed30548,transition,2026,76013116785992,1000,8,50,0.9,2.0,1.0,0.5,100.0,1.0,0.01,0.20773002892672437,9.951548777123232,8.678210636786035,13.225999584986855,1.0,0.0,1.0
45222ed30548,transition,2026,76013116785992,1000,8,50,0.9,2.0,1.0,0.5,100.0,1.0,0.02,0.29187153419325484,13.98244550479767,7.931150149699682,14.387014992492205,1.0,0.0,1.0
45222ed30548,transition,2026,76013116785992,1000,8,50,0.9,2.0,1.0,0.5,100.0,1.0,0.05,0.4553053662009084,21.81193341975887,6.618929665827893,16.94139262559556,1.0,0.0,1.0
58e9972bc087,transition,2026,97760286851207,1000,8,50,0.9,4.0,1.0,0.5,100.0,1.0,0.005,0.14754445126356783,19.53042749911917,5.634149413615918,7.59047256683419,1.0,0.0,1.0
58e9972bc087,transition,2026,97760286851207,1000,8,50,0.9,4.0,1.0,0.5,100.0,1.0,0.01,0.20773002892672437,27.49717955910078,5.289428630152346,8.06133704230085,1.0,0.0,1.0
58e9972bc087,transition,2026,97760286851207,1000,8,50,0.9,4.0,1.0,0.5,100.0,1.0,0.02,0.29187153419325484,38.63497263909376,4.83409016301489,8.768983859546248,1.0,0.0,1.0
58e9972bc087,transition,2026,97760286851207,1000,8,50,0.9,4.0,1.0,0.5,100.0,1.0,0.05,0.4553053662009084,60.26867407342796,4.034282819431633,10.32589446592,1.0,0.0,1.0
239fb70b8450,transition,2026,39168877757520,1000,8,100,0.9,0.5,1.0,0.5,100.0,1.0,0.005,0.14754445126356783,1.6006917147210524,24.882421144179176,33.5222446594815,0.903,0.009359006357514668,0.8905547828528788
239fb70b8450,transition,2026,39168877757520,1000,8,100,0.9,0.5,1.0,0.5,100.0,1.0,0.01,0.20773002892672437,2.253637689212628,23.360010735508972,35.601750778378545,0.974,0.005032295698784007,0.975781029726088
239fb70b8450,transition,2026,39168877757520,1000,8,100,0.9,0.5,1.0,0.5,100.0,1.0,0.02,0.29187153419325484,3.1664785937051843,21.349073028553885,38.72697249959971,0.998,0.0014127986409959495,0.9984570329802751
239fb70b8450,transition,2026,39168877757520,1000,8,100,0.9,0.5,1.0,0.5,100.0,1.0,0.05,0.4553053662009084,4.939552257671294,17.816837424515555,45.60284719649889,1.0,0.0,0.9999992169784244
1fdf7fff25a8,transition,2026,35044785595816,1000,8,100,0.9,1.0,1.0,0.5,100.0,1.0,0.005,0.14754445126356783,3.9054062284551745,15.166005562210282,20.432036979745504,0.999,0.0009994998749374613,0.9999059327696587
1fdf7fff25a8,transition,2026,35044785595816,1000,8,100,0.9,1.0,1.0,0.5,100.0,1.0,0.01,0.20773002892672437,5.498479555550216,14.238086024474285,21.699510156214128,1.0,0.0,0.9999999616920057
1fdf7fff25a8,transition,2026,35044785595816,1000,8,100,0.9,1.0,1.0,0.5,100.0,1.0,0.02,0.29187153419325484,7.725650797337488,13.01240576320784,23.604354131506636,1.0,0.0,0.9999999999999889
1fdf7fff25a8,transition,2026,35044785595816,1000,8,100,0.9,1.0,1.0,0.5,100.0,1.0,0.05,0.4553053662009084,12.05163866063433,10.85948404761288,27.795246701566217,1.0,0.0,1.0
925fb0975d16,transition,2026,160939682258198,1000,8,100,0.9,2.0,1.0,0.5,100.0,1.0,0.005,0.14754445126356783,9.996069656731583,9.243783930037678,12.453466030760271,1.0,0.0,1.0
925fb0975d16,transition,2026,160939682258198,1000,8,100,0.9,2.0,1.0,0.5,100.0,1.0,0.01,0.20773002892672437,14.073615247225066,8.678210636786035,13.225999584986855,1.0,0.0,1.0
925fb0975d16,transition,2026,160939682258198,1000,8,100,0.9,2.0,1.0,0.5,100.0,1.0,0.02,0.29187153419325484,19.77416406802758,7.931150149699682,14.387014992492205,1.0,0.0,1.0
925fb0975d16,transition,2026,160939682258198,1000,8,100,0.9,2.0,1.0,0.5,100.0,1.0,0.05,0.4553053662009084,30.84673206380195,6.618929665827893,16.94139262559556,1.0,0.0,1.0
b423c5cec101,transition,2026,198065735516417,1000,8,100,0.9,4.0,1.0,0.5,100.0,1.0,0.005,0.14754445126356783,27.62019544819878,5.634149413615918,7.59047256683419,1.0,0.0,1.0
b423c5cec101,transition,2026,198065735516417,1000,8,100,0.9,4.0,1.0,0.5,100.0,1.0,0.01,0.20773002892672437,38.88688425948856,5.289428630152346,8.06133704230085,1.0,0.0,1.0
b423c5cec101,transition,2026,198065735516417,1000,8,100,0.9,4.0,1.0,0.5,100.0,1.0,0.02,0.29187153419325484,54.638102288119846,4.83409016301489,8.768983859546248,1.0,0.0,1.0
b423c5cec101,transition,2026,198065735516417,1000,8,100,0.9,4.0,1.0,0.5,100.0,1.0,0.05,0.4553053662009084,85.23277626088554,4.034282819431633,10.32589446592,1.0,0.0,1.0
979038ba281a,transition,2026,166645682808858,1000,8,200,0.9,0.5,1.0,0.5,100.0,1.0,0.005,0.14754445126356783,2.2637199321367576,24.882421144179176,33.5222446594815,0.987,0.0035820385257559714,0.9764086542299648
979038ba281a,transition,2026,166645682808858,1000,8,200,0.9,0.5,1.0,0.5,100.0,1.0,0.01,0.20773002892672437,3.187124984759661,23.360010735508972,35.601750778378545,0.999,0.0009994998749374613,0.9985630533388912
979038ba281a,transition,2026,166645682808858,1000,8,200,0.9,0.5,1.0,0.5,100.0,1.0,0.02,0.29187153419325484,4.478076972181957,21.349073028553885,38.72697249959971,1.0,0.0,0.9999924681553913
979038ba281a,transition,2026,166645682808858,1000,8,200,0.9,0.5,1.0,0.5,100.0,1.0,0.05,0.4553053662009084,6.985581794849386,17.816837424515555,45.60284719649889,1.0,0.0,0.9999999999971632
7625f81df61d,transition,2026,129905448580637,1000,8,200,0.9,1.0,1.0,0.5,100.0,1.0,0.005,0.14754445126356783,5.523078454857666,15.166005562210282,20.432036979745504,1.0,0.0,0.9999999666889101
7625f81df61d,transition,2026,129905448580637,1000,8,200,0.9,1.0,1.0,0.5,100.0,1.0,0.01,0.20773002892672437,7.776024359890304,14.238086024474285,21.699510156214128,1.0,0.0,0.9999999999999925
7625f81df61d,transition,2026,129905448580637,1000,8,200,0.9,1.0,1.0,0.5,100.0,1.0,0.02,0.29187153419325484,10.925720135753192,13.01240576320784,23.604354131506636,1.0,0.0,1.0
7625f81df61d,transition,2026,129905448580637,1000,8,200,0.9,1.0,1.0,0.5,100.0,1.0,0.05,0.4553053662009084,17.043590842688992,10.85948404761288,27.795246701566217,1.0,0.0,1.0
65963caa3ead,transition,2026,111695937289901,1000,8,200,0.9,2.0,1.0,0.5,100.0,1.0,0.005,0.14754445126356783,14.136577278975974,9.243783930037678,12.453466030760271,1.0,0.0,1.0
65963caa3ead,transition,2026,111695937289901,1000,8,200,0.9,2.0,1.0,0.5,100.0,1.0,0.01,0.20773002892672437,19.903097554246465,8.678210636786035,13.225999584986855,1.0,0.0,1.0
65963caa3ead,transition,2026,111695937289901,1000,8,200,0.9,2.0,1.0,0.5,100.0,1.0,0.02,0.29187153419325484,27.96489100959534,7.931150149699682,14.387014992492205,1.0,0.0,1.0
65963caa3ead,transition,2026,111695937289901,1000,8,200,0.9,2.0,1.0,0.5,100.0,1.0,0.05,0.4553053662009084,43.62386683951774,6.618929665827893,16.94139262559556,1.0,0.0,1.0
cb7543bcd8ef,transition,2026,223704508061935,1000,8,200,0.9,4.0,1.0,0.5,100.0,1.0,0.005,0.14754445126356783,39.06085499823834,5.634149413615918,7.59047256683419,1.0,0.0,1.0
cb7543bcd8ef,transition,2026,223704508061935,1000,8,200,0.9,4.0,1.0,0.5,100.0,1.0,0.01,0.20773002892672437,54.99435911820156,5.289428630152346,8.06133704230085,1.0,0.0,1.0
cb7543bcd8ef,transition,2026,223704508061935,1000,8,200,0.9,4.0,1.0,0.5,100.0,1.0,0.02,0.29187153419325484,77.26994527818752,4.83409016301489,8.768983859546248,1.0,0.0,1.0
cb7543bcd8ef,transition,2026,223704508061935,1000,8,200,0.9,4.0,1.0,0.5,100.0,1.0,0.05,0.4553053662009084,120.53734814685592,4.034282819431633,10.32589446592,1.0,0.0,1.0
6c00092367c7,transition,2026,118747409115079,1000,10,10,0.9,0.5,1.0,0.5,100.0,1.0,0.005,0.14754445126356783,0.7411419462454534,24.882421144179176,33.5222446594815,0.514,0.015805189021330938,0.5413926213415803
6c00092367c7,transition,2026,118747409115079,1000,10,10,0.9,0.5,1.0,0.5,100.0,1.0,0.01,0.20773002892672437,1.0434647769800105,23.360010735508972,35.601750778378545,0.658,0.01500119995200384,0.7032669140383874
6c00092367c7,transition,2026,118747409115079,1000,10,10,0.9,0.5,1.0,0.5,100.0,1.0,0.02,0.29187153419325484,1.4661224807377715,21.349073028553885,38.72697249959971,0.81,0.012405643876881197,0.857385077713869
6c00092367c7,transition,2026,118747409115079,1000,10,10,0.9,0.5,1.0,0.5,100.0,1.0,0.05,0.4553053662009084,2.2870796045006094,17.816837424515555,45.60284719649889,0.932,0.00796090447122687,0.9778088228921016
28651d688169,transition,2026,44414750196073,1000,10,10,0.9,1.0,1.0,0.5,100.0,1.0,0.005,0.14754445126356783,1.8411818935044286,15.166005562210282,20.432036979745504,0.935,0.0077958322198467015,0.9344050921744878
28651d688169,transition,2026,44414750196073,1000,10,10,0.9,1.0,1.0,0.5,100.0,1.0,0.01,0.20773002892672437,2.592227391281617,14.238086024474285,21.699510156214128,0.99,0.003146426544510456,0.9904643279115355
28651d688169,transition,2026,44414750196073,1000,10,10,0.9,1.0,1.0,0.5,100.0,1.0,0.02,0.29187153419325484,3.6422147995657856,13.01240576320784,23.604354131506636,0.999,0.0009994998749374613,0.9997296976244496
28651d688169,transition,2026,44414750196073,1000,10,10,0.9,1.0,1.0,0.5,100.0,1.0,0.05,0.4553053662009084,5.681677549276376,10.85948404761288,27.795246701566217,1.0,0.0,0.9999999866620048
72d9cfa1d5d6,transition,2026,126279816959446,1000,10,10,0.9,2.0,1.0,0.5,100.0,1.0,0.005,0.14754445126356783,4.846230201349091,9.243783930037678,12.453466030760271,1.0,0.0,0.9999987417049412
72d9cfa1d5d6,transition,2026,126279816959446,1000,10,10,0.9,2.0,1.0,0.5,100.0,1.0,0.01,0.20773002892672437,6.823079629836217,8.678210636786035,13.225999584986855,1.0,0.0,0.9999999999910891
72d9cfa1d5d6,transition,2026,126279816959446,1000,10,10,0.9,2.0,1.0,0.5,100.0,1.0,0.02,0.29187153419325484,9.586783046111833,7.931150149699682,14.387014992492205,1.0,0.0,1.0
72d9cfa1d5d6,transition,2026,126279816959446,1000,10,10,0.9,2.0,1.0,0.5,100.0,1.0,0.05,0.4553053662009084,14.954914248706757,6.618929665827893,16.94139262559556,1.0,0.0,1.0
af4b0d538792,transition,2026,192736880986002,1000,10,10,0.9,4.0,1.0,0.5,100.0,1.0,0.005,0.14754445126356783,14.045287007193663,5.634149413615918,7.59047256683419,1.0,0.0,1.0
af4b0d538792,transition,2026,192736880986002,1000,10,10,0.9,4.0,1.0,0.5,100.0,1.0,0.01,0.20773002892672437,19.774568621876163,5.289428630152346,8.06133704230085,1.0,0.0,1.0
af4b0d538792,transition,2026,192736880986002,1000,10,10,0.9,4.0,1.0,0.5,100.0,1.0,0.02,0.29187153419325484,27.784301150377757,4.83409016301489,8.768983859546248,1.0,0.0,1.0
af4b0d538792,transition,2026,192736880986002,1000,10,10,0.9,4.0,1.0,0.5,100.0,1.0,0.05,0.4553053662009084,43.34215546190601,4.034282819431633,10.32589446592,1.0,0.0,1.0
d56323183449,transition,2026,234621767267401,1000,10,20,0.9,0.5,1.0,0.5,100.0,1.0,0.005,0.14754445126356783,1.0481329920239117,24.882421144179176,33.5222446594815,0.665,0.014925649064613572,0.7054226622474016
d56323183449,transition,2026,234621767267401,1000,10,20,0.9,0.5,1.0,0.5,100.0,1.0,0.01,0.20773002892672437,1.475682039463748,23.360010735508972,35.601750778378545,0.832,0.011822690049223148,0.8599707302711197
d56323183449,transition,2026,234621767267401,1000,10,20,0.9,0.5,1.0,0.5,100.0,1.0,0.02,0.29187153419325484,2.073410296359443,21.349073028553885,38.72697249959971,0.948,0.007021111023192843,0.9618658884777056
d56323183449,transition,2026,234621767267401,1000,10,20,0.9,0.5,1.0,0.5,100.0,1.0,0.05,0.4553053662009084,3.234418994911656,17.816837424515555,45.60284719649889,0.988,0.003443254274665176,0.9987810950794485
014ae228f77f,transition,2026,1421133543295,1000,10,20,0.9,1.0,1.0,0.5,100.0,1.0,0.005,0.14754445126356783,2.6038244045897385,15.166005562210282,20.432036979745504,0.989,0.0032983329122452166,0.9907810024185186
014ae228f77f,transition,2026,1421133543295,1000,10,20,0.9,1.0,1.0,0.5,100.0,1.0,0.01,0.20773002892672437,3.6659631335054907,14.238086024474285,21.699510156214128,0.999,0.0009994998749374613,0.9997535905750972
014ae228f77f,transition,2026,1421133543295,1000,10,20,0.9,1.0,1.0,0.5,100.0,1.0,0.02,0.29187153419325484,5.150869566621938,13.01240576320784,23.604354131506636,1.0,0.0,0.9999997407185299
014ae228f77f,transition,2026,1421133543295,1000,10,20,0.9,1.0,1.0,0.5,100.0,1.0,0.05,0.4553053662009084,8.035105447217381,10.85948404761288,27.795246701566217,1.0,0.0,0.9999999999999991
ee5a51c3df15,transition,2026,262071686258453,1000,10,20,0.9,2.0,1.0,0.5,100.0,1.0,0.005,0.14754445126356783,6.8536044771299816,9.243783930037678,12.453466030760271,1.0,0.0,0.9999999999927989
ee5a51c3df15,transition,2026,262071686258453,1000,10,20,0.9,2.0,1.0,0.5,100.0,1.0,0.01,0.20773002892672437,9.649291749665975,8.678210636786035,13.225999584986855,1.0,0.0,1.0
ee5a51c3df15,transition,2026,262071686258453,1000,10,20,0.9,2.0,1.0,0.5,100.0,1.0,0.02,0.29187153419325484,13.557758603339806,7.931150149699682,14.387014992492205,1.0,0.0,1.0
ee5a51c3df15,transition,2026,262071686258453,1000,10,20,0.9,2.0,1.0,0.5,100.0,1.0,0.05,0.4553053662009084,21.14944255464774,6.618929665827893,16.94139262559556,1.0,0.0,1.0
db569cc28ba0,transition,2026,241165043665824,1000,10,20,0.9,4.0,1.0,0.5,100.0,1.0,0.005,0.14754445126356783,19.863035372995896,5.634149413615918,7.59047256683419,1.0,0.0,1.0
db569cc28ba0,transition,2026,241165043665824,1000,10,20,0.9,4.0,1.0,0.5,100.0,1.0,0.01,0.20773002892672437,27.965463135134716,5.289428630152346,8.06133704230085,1.0,0.0,1.0
db569cc28ba0,transition,2026,241165043665824,1000,10,20,0.9,4.0,1.0,0.5,100.0,1.0,0.02,0.29187153419325484,39.292935507922614,4.83409016301489,8.768983859546248,1.0,0.0,1.0
db569cc28ba0,transition,2026,241165043665824,1000,10,20,0.9,4.0,1.0,0.5,100.0,1.0,0.05,0.4553053662009084,61.295064076710595,4.034282819431633,10.32589446592,1.0,0.0,1.0
8a2821efd009,transition,2026,151904972689417,1000,10,50,0.9,0.5,1.0,0.5,100.0,1.0,0.005,0.14754445126356783,1.6572437727813287,24.882421144179176,33.5222446594815,0.91,0.009049861877399012,0.9025297999998865
8a2821efd009,transition,2026,151904972689417,1000,10,50,0.9,0.5,1.0,0.5,100.0,1.0,0.01,0.20773002892672437,2.3332581734539612,23.360010735508972,35.601750778378545,0.979,0.00453420334788814,0.9803654007290192
8a2821efd009,transition,2026,151904972689417,1000,10,50,0.9,0.5,1.0,0.5,100.0,1.0,0.02,0.29187153419325484,3.2783495302702836,21.349073028553885,38.72697249959971,0.999,0.0009994998749374613,0.9989558398441651
8a2821efd009,transition,2026,151904972689417,1000,10,50,0.9,0.5,1.0,0.5,100.0,1.0,0.05,0.4553053662009084,5.114065465616696,17.816837424515555,45.60284719649889,1.0,0.0,0.9999996847019974
c0d959a84f67,transition,2026,212039744638823,1000,10,50,0.9,1.0,1.0,0.5,100.0,1.0,0.005,0.14754445126356783,4.11700787281768,15.166005562210282,20.432036979745504,1.0,0.0,0.9999616177033555
c0d959a84f67,transition,2026,212039744638823,1000,10,50,0.9,1.0,1.0,0.5,100.0,1.0,0.01,0.20773002892672437,5.7963966600426415,14.238086024474285,21.699510156214128,1.0,0.0,0.9999999932245098
c0d959a84f67,transition,2026,212039744638823,1000,10,50,0.9,1.0,1.0,0.5,100.0,1.0,0.02,0.29187153419325484,8.14423988048487,13.01240576320784,23.604354131506636,1.0,0.0,0.9999999999999996
c0d959a84f67,transition,2026,212039744638823,1000,10,50,0.9,1.0,1.0,0.5,100.0,1.0,0.05,0.4553053662009084,12.704617226416389,10.85948404761288,27.795246701566217,1.0,0.0,1.0
70a672e133d7,transition,2026,123860194243543,1000,10,50,0.9,2.0,1.0,0.5,100.0,1.0,0.005,0.14754445126356783,10.836500164829062,9.243783930037678,12.453466030760271,1.0,0.0,1.0
70a672e133d7,transition,2026,123860194243543,1000,10,50,0.9,2.0,1.0,0.5,100.0,1.0,0.01,0.20773002892672437,15.256869868207884,8.678210636786035,13.225999584986855,1.0,0.0,1.0
70a672e133d7,transition,2026,123860194243543,1000,10,50,0.9,2.0,1.0,0.5,100.0,1.0,0.02,0.29187153419325484,21.436698576648563,7.931150149699682,14.387014992492205,1.0,0.0,1.0
70a672e133d7,transition,2026,123860194243543,1000,10,50,0.9,2.0,1.0,0.5,100.0,1.0,0.05,0.4553053662009084,33.44020485778851,6.618929665827893,16.94139262559556,1.0,0.0,1.0
8bdf32450620,transition,2026,153790737352224,1000,10,50,0.9,4.0,1.0,0.5,100.0,1.0,0.005,0.14754445126356783,31.406216511579604,5.634149413615918,7.59047256683419,1.0,0.0,1.0
8bdf32450620,transition,2026,153790737352224,1000,10,50,0.9,4.0,1.0,0.5,100.0,1.0,0.01,0.20773002892672437,44.21727966424944,5.289428630152346,8.06133704230085,1.0,0.0,1.0
8bdf32450620,transition,2026,153790737352224,1000,10,50,0.9,4.0,1.0,0.5,100.0,1.0,0.02,0.29187153419325484,62.127586079570285,4.83409016301489,8.768983859546248,1.0,0.0,1.0
8bdf32450620,transition,2026,153790737352224,1000,10,50,0.9,4.0,1.0,0.5,100.0,1.0,0.05,0.4553053662009084,96.91600590418564,4.034282819431633,10.32589446592,1.0,0.0,1.0
3cc2cf258502,transition,2026,66807396664578,1000,10,100,0.9,0.5,1.0,0.5,100.0,1.0,0.005,0.14754445126356783,2.343696619625711,24.882421144179176,33.5222446594815,0.982,0.004204283529925166,0.9809063046584254
3cc2cf258502,transition,2026,66807396664578,1000,10,100,0.9,0.5,1.0,0.5,100.0,1.0,0.01,0.20773002892672437,3.299725353416468,23.360010735508972,35.601750778378545,0.999,0.0009994998749374613,0.9990322050909823
3cc2cf258502,transition,2026,66807396664578,1000,10,100,0.9,0.5,1.0,0.5,100.0,1.0,0.02,0.29187153419325484,4.6362863679077,21.349073028553885,38.72697249959971,1.0,0.0,0.999996452755539
3cc2cf258502,transition,2026,66807396664578,1000,10,100,0.9,0.5,1.0,0.5,100.0,1.0,0.05,0.4553053662009084,7.23238074033901,17.816837424515555,45.60284719649889,1.0,0.0,0.9999999999995255
54ac82c1c5fe,transition,2026,93099904845310,1000,10,100,0.9,1.0,1.0,0.5,100.0,1.0,0.005,0.14754445126356783,5.822328370135571,15.166005562210282,20.432036979745504,1.0,0.0,0.9999999941966615
54ac82c1c5fe,transition,2026,93099904845310,1000,10,100,0.9,1.0,1.0,0.5,100.0,1.0,0.01,0.20773002892672437,8.197342769526415,14.238086024474285,21.699510156214128,1.0,0.0,0.9999999999999998
54ac82c1c5fe,transition,2026,93099904845310,1000,10,100,0.9,1.0,1.0,0.5,100.0,1.0,0.02,0.29187153419325484,11.517694494201535,13.01240576320784,23.604354131506636,1.0,0.0,1.0
54ac82c1c5fe,transition,2026,93099904845310,1000,10,100,0.9,1.0,1.0,0.5,100.0,1.0,0.05,0.4553053662009084,17.967041986356914,10.85948404761288,27.795246701566217,1.0,0.0,1.0
d502769280ce,transition,2026,234206555963598,1000,10,100,0.9,2.0,1.0,0.5,100.0,1.0,0.005,0.14754445126356783,15.32512550175954,9.243783930037678,12.453466030760271,1.0,0.0,1.0
d502769280ce,transition,2026,234206555963598,1000,10,100,0.9,2.0,1.0,0.5,100.0,1.0,0.01,0.20773002892672437,21.576472286981005,8.678210636786035,13.225999584986855,1.0,0.0,1.0
d502769280ce,transition,2026,234206555963598,1000,10,100,0.9,2.0,1.0,0.5,100.0,1.0,0.02,0.29187153419325484,30.316069859600418,7.931150149699682,14.387014992492205,1.0,0.0,1.0
d502769280ce,transition,2026,234206555963598,1000,10,100,0.9,2.0,1.0,0.5,100.0,1.0,0.05,0.4553053662009084,47.291591238419166,6.618929665827893,16.94139262559556,1.0,0.0,1.0
dcc2ffe5fdec,transition,2026,242730075028972,1000,10,100,0.9,4.0,1.0,0.5,100.0,1.0,0.005,0.14754445126356783,44.41509733350171,5.634149413615918,7.59047256683419,1.0,0.0,1.0
dcc2ffe5fdec,transition,2026,242730075028972,1000,10,100,0.9,4.0,1.0,0.5,100.0,1.0,0.01,0.20773002892672437,62.53267659242562,5.289428630152346,8.06133704230085,1.0,0.0,1.0
dcc2ffe5fdec,transition,2026,242730075028972,1000,10,100,0.9,4.0,1.0,0.5,100.0,1.0,0.02,0.29187153419325484,87.86167483123019,4.83409016301489,8.768983859546248,1.0,0.0,1.0
dcc2ffe5fdec,transition,2026,242730075028972,1000,10,100,0.9,4.0,1.0,0.5,100.0,1.0,0.05,0.4553053662009084,137.0599299607303,4.034282819431633,10.32589446592,1.0,0.0,1.0
02d7122ae4f6,transition,2026,3122746025206,1000,10,200,0.9,0.5,1.0,0.5,100.0,1.0,0.005,0.14754445126356783,3.3144875455626575,24.882421144179176,33.5222446594815,1.0,0.0,0.9990818873021865
02d7122ae4f6,transition,2026,3122746025206,1000,10,200,0.9,0.5,1.0,0.5,100.0,1.0,0.01,0.20773002892672437,4.6665163469079225,23.360010735508972,35.601750778378545,1.0,0.0,0.9999969365071659
02d7122ae4f6,transition,2026,3122746025206,1000,10,200,0.9,0.5,1.0,0.5,100.0,1.0,0.02,0.29187153419325484,6.556699060540567,21.349073028553885,38.72697249959971,1.0,0.0,0.9999999999449882
02d7122ae4f6,transition,2026,3122746025206,1000,10,200,0.9,0.5,1.0,0.5,100.0,1.0,0.05,0.4553053662009084,10.228130931233393,17.816837424515555,45.60284719649889,1.0,0.0,1.0
ada01707e970,transition,2026,190903092767088,1000,10,200,0.9,1.0,1.0,0.5,100.0,1.0,0.005,0.14754445126356783,8.23401574563536,15.166005562210282,20.432036979745504,1.0,0.0,0.9999999999999998
ada01707e970,transition,2026,190903092767088,1000,10,200,0.9,1.0,1.0,0.5,100.0,1.0,0.01,0.20773002892672437,11.592793320085283,14.238086024474285,21.699510156214128,1.0,0.0,1.0
ada01707e970,transition,2026,190903092767088,1000,10,200,0.9,1.0,1.0,0.5,100.0,1.0,0.02,0.29187153419325484,16.28847976096974,13.01240576320784,23.604354131506636,1.0,0.0,1.0
ada01707e970,transition,2026,190903092767088,1000,10,200,0.9,1.0,1.0,0.5,100.0,1.0,0.05,0.4553053662009084,25.409234452832777,10.85948404761288,27.795246701566217,1.0,0.0,1.0
5e6178907374,transition,2026,103772727571316,1000,10,200,0.9,2.0,1.0,0.5,100.0,1.0,0.005,0.14754445126356783,21.673000329658123,9.243783930037678,12.453466030760271,1.0,0.0,1.0
5e6178907374,transition,2026,103772727571316,1000,10,200,0.9,2.0,1.0,0.5,100.0,1.0,0.01,0.20773002892672437,30.51373973641577,8.678210636786035,13.225999584986855,1.0,0.0,1.0
5e6178907374,transition,2026,103772727571316,1000,10,200,0.9,2.0,1.0,0.5,100.0,1.0,0.02,0.29187153419325484,42.87339715329713,7.931150149699682,14.387014992492205,1.0,0.0,1.0
5e6178907374,transition,2026,103772727571316,1000,10,200,0.9,2.0,1.0,0.5,100.0,1.0,0.05,0.4553053662009084,66.88040971557702,6.618929665827893,16.94139262559556,1.0,0.0,1.0
19ae0e6b64fd,transition,2026,28235356923133,1000,10,200,0.9,4.0,1.0,0.5,100.0,1.0,0.005,0.14754445126356783,62.81243302315921,5.634149413615918,7.59047256683419,1.0,0.0,1.0
19ae0e6b64fd,transition,2026,28235356923133,1000,10,200,0.9,4.0,1.0,0.5,100.0,1.0,0.01,0.20773002892672437,88.43455932849888,5.289428630152346,8.06133704230085,1.0,0.0,1.0
19ae0e6b64fd,transition,2026,28235356923133,1000,10,200,0.9,4.0,1.0,0.5,100.0,1.0,0.02,0.29187153419325484,124.25517215914057,4.83409016301489,8.768983859546248,1.0,0.0,1.0
19ae0e6b64fd,transition,2026,28235356923133,1000,10,200,0.9,4.0,1.0,0.5,100.0,1.0,0.05,0.4553053662009084,193.83201180837128,4.034282819431633,10.32589446592,1.0,0.0,1.0
