time,drift,oracle_horizon,oracle_horizon_delta,fixed_100,fixed_200,adwin_width,cube_n_star,cube_width,fixed_100_regret,fixed_200_regret,adwin_regret,cube_regret,adwin_log_regret,cube_log_regret,cube_error,adwin_error,fixed_error,fixed_long_error
0,0.0002,292.4,0.0,1.0,1.0,1.0,500.0,1.0,291.4,291.4,291.4,291.4,5.6781,5.6781,0.6133,0.6133,0.6133,0.6133
1,0.0002,292.4,0.0,2.0,2.0,2.0,500.0,2.0,290.4,290.4,290.4,290.4,4.985,4.985,0.501,0.501,0.501,0.501
2,0.0002,292.4,0.0,3.0,3.0,3.0,500.0,3.0,289.4,289.4,289.4,289.4,4.5795,4.5795,0.4259,0.4259,0.4259,0.4259
3,0.0002,292.4,0.0,4.0,4.0,4.0,500.0,4.0,288.4,288.4,288.4,288.4,4.2918,4.2918,0.6296,0.6296,0.6296,0.6296
4,0.0002,292.4,0.0,5.0,5.0,5.0,500.0,5.0,287.4,287.4,287.4,287.4,4.0687,4.0687,0.6653,0.6653,0.6653,0.6653
5,0.0002,292.4,0.0,6.0,6.0,6.0,500.0,6.0,286.4,286.4,286.4,286.4,3.8864,3.8864,0.5451,0.5451,0.5451,0.5451
6,0.0002,292.4,0.0,7.0,7.0,7.0,500.0,7.0,285.4,285.4,285.4,285.4,3.7322,3.7322,0.7435,0.7435,0.7435,0.7435
7,0.0002,292.4,0.0,8.0,8.0,8.0,500.0,8.0,284.4,284.4,284.4,284.4,3.5987,3.5987,0.6385,0.6385,0.6385,0.6385
8,0.0002,292.4,0.0,9.0,9.0,9.0,500.0,9.0,283.4,283.4,283.4,283.4,3.4809,3.4809,0.5004,0.5004,0.5004,0.5004
9,0.0002,292.4,0.0,10.0,10.0,10.0,500.0,10.0,282.4,282.4,282.4,282.4,3.3755,3.3755,0.3132,0.3132,0.3132,0.3132
10,0.0002,292.4,0.0,11.0,11.0,11.0,500.0,11.0,281.4,281.4,281.4,281.4,3.2802,3.2802,0.2435,0.2435,0.2435,0.2435
11,0.0002,292.4,0.0,12.0,12.0,12.0,500.0,12.0,280.4,280.4,280.4,280.4,3.1932,3.1932,0.1269,0.1269,0.1269,0.1269
12,0.0002,292.4,0.0,13.0,13.0,13.0,500.0,13.0,279.4,279.4,279.4,279.4,3.1132,3.1132,0.0942,0.0942,0.0942,0.0942
13,0.0002,292.4,0.0,14.0,14.0,14.0,500.0,14.0,278.4,278.4,278.4,278.4,3.0391,3.0391,0.0191,0.0191,0.0191,0.0191
14,0.0002,292.4,0.0,15.0,15.0,15.0,500.0,15.0,277.4,277.4,277.4,277.4,2.9701,2.9701,0.0262,0.0262,0.0262,0.0262
15,0.0002,292.4,0.0,16.0,16.0,16.0,500.0,16.0,276.4,276.4,276.4,276.4,2.9055,2.9055,0.1548,0.1548,0.1548,0.1548
16,0.0002,292.4,0.0,17.0,17.0,17.0,500.0,17.0,275.4,275.4,275.4,275.4,2.8449,2.8449,0.1808,0.1808,0.1808,0.1808
17,0.0002,292.4,0.0,18.0,18.0,18.0,500.0,18.0,274.4,274.4,274.4,274.4,2.7878,2.7878,0.1396,0.1396,0.1396,0.1396
18,0.0002,292.4,0.0,19.0,19.0,19.0,500.0,19.0,273.4,273.4,273.4,273.4,2.7337,2.7337,0.1418,0.1418,0.1418,0.1418
19,0.0002,292.4,0.0,20.0,20.0,20.0,500.0,20.0,272.4,272.4,272.4,272.4,2.6824,2.6824,0.0474,0.0474,0.0474,0.0474
20,0.0002,292.4,0.0,21.0,21.0,21.0,500.0,21.0,271.4,271.4,271.4,271.4,2.6336,2.6336,0.1027,0.1027,0.1027,0.1027
21,0.0002,292.4,0.0,22.0,22.0,22.0,500.0,22.0,270.4,270.4,270.4,270.4,2.5871,2.5871,0.0854,0.0854,0.0854,0.0854
22,0.0002,292.4,0.0,23.0,23.0,23.0,500.0,23.0,269.4,269.4,269.4,269.4,2.5426,2.5426,0.1351,0.1351,0.1351,0.1351
23,0.0002,292.4,0.0,24.0,24.0,24.0,500.0,24.0,268.4,268.4,268.4,268.4,2.5001,2.5001,0.2213,0.2213,0.2213,0.2213
24,0.0002,292.4,0.0,25.0,25.0,25.0,500.0,25.0,267.4,267.4,267.4,267.4,2.4593,2.4593,0.2127,0.2127,0.2127,0.2127
25,0.0002,292.4,0.0,26.0,26.0,26.0,500.0,26.0,266.4,266.4,266.4,266.4,2.42,2.42,0.2058,0.2058,0.2058,0.2058
26,0.0002,292.4,0.0,27.0,27.0,27.0,500.0,27.0,265.4,265.4,265.4,265.4,2.3823,2.3823,0.1924,0.1924,0.1924,0.1924
27,0.0002,292.4,0.0,28.0,28.0,28.0,500.0,28.0,264.4,264.4,264.4,264.4,2.3459,2.3459,0.1986,0.1986,0.1986,0.1986
28,0.0002,292.4,0.0,29.0,29.0,29.0,500.0,29.0,263.4,263.4,263.4,263.4,2.3108,2.3108,0.268,0.268,0.268,0.268
29,0.0002,292.4,0.0,30.0,30.0,30.0,500.0,30.0,262.4,262.4,262.4,262.4,2.2769,2.2769,0.3017,0.3017,0.3017,0.3017
30,0.0002,292.4,0.0,31.0,31.0,31.0,500.0,31.0,261.4,261.4,261.4,261.4,2.2441,2.2441,0.2996,0.2996,0.2996,0.2996
31,0.0002,292.4,0.0,32.0,32.0,32.0,500.0,32.0,260.4,260.4,260.4,260.4,2.2124,2.2124,0.3231,0.3231,0.3231,0.3231
32,0.0002,292.4,0.0,33.0,33.0,33.0,500.0,33.0,259.4,259.4,259.4,259.4,2.1816,2.1816,0.2508,0.2508,0.2508,0.2508
33,0.0002,292.4,0.0,34.0,34.0,34.0,500.0,34.0,258.4,258.4,258.4,258.4,2.1518,2.1518,0.2469,0.2469,0.2469,0.2469
34,0.0002,292.4,0.0,35.0,35.0,35.0,500.0,35.0,257.4,257.4,257.4,257.4,2.1228,2.1228,0.1588,0.1588,0.1588,0.1588
35,0.0002,292.4,0.0,36.0,36.0,36.0,500.0,36.0,256.4,256.4,256.4,256.4,2.0946,2.0946,0.1854,0.1854,0.1854,0.1854
36,0.0002,292.4,0.0,37.0,37.0,37.0,500.0,37.0,255.4,255.4,255.4,255.4,2.0672,2.0672,0.1216,0.1216,0.1216,0.1216
37,0.0002,292.4,0.0,38.0,38.0,38.0,500.0,38.0,254.4,254.4,254.4,254.4,2.0405,2.0405,0.1326,0.1326,0.1326,0.1326
38,0.0002,292.4,0.0,39.0,39.0,39.0,500.0,39.0,253.4,253.4,253.4,253.4,2.0146,2.0146,0.1059,0.1059,0.1059,0.1059
39,0.0002,292.4,0.0,40.0,40.0,40.0,500.0,40.0,252.4,252.4,252.4,252.4,1.9892,1.9892,0.167,0.167,0.167,0.167
40,0.0002,292.4,0.0,41.0,41.0,41.0,500.0,41.0,251.4,251.4,251.4,251.4,1.9646,1.9646,0.1319,0.1319,0.1319,0.1319
41,0.0002,292.4,0.0,42.0,42.0,42.0,500.0,42.0,250.4,250.4,250.4,250.4,1.9405,1.9405,0.1207,0.1207,0.1207,0.1207
42,0.0002,292.4,0.0,43.0,43.0,43.0,500.0,43.0,249.4,249.4,249.4,249.4,1.9169,1.9169,0.1571,0.1571,0.1571,0.1571
43,0.0002,292.4,0.0,44.0,44.0,44.0,500.0,44.0,248.4,248.4,248.4,248.4,1.8939,1.8939,0.1634,0.1634,0.1634,0.1634
44,0.0002,292.4,0.0,45.0,45.0,45.0,500.0,45.0,247.4,247.4,247.4,247.4,1.8715,1.8715,0.1642,0.1642,0.1642,0.1642
45,0.0002,292.4,0.0,46.0,46.0,46.0,500.0,46.0,246.4,246.4,246.4,246.4,1.8495,1.8495,0.1554,0.1554,0.1554,0.1554
46,0.0002,292.4,0.0,47.0,47.0,47.0,500.0,47.0,245.4,245.4,245.4,245.4,1.828,1.828,0.1539,0.1539,0.1539,0.1539
47,0.0002,292.4,0.0,48.0,48.0,48.0,500.0,48.0,244.4,244.4,244.4,244.4,1.8069,1.8069,0.1349,0.1349,0.1349,0.1349
48,0.0002,292.4,0.0,49.0,49.0,49.0,500.0,49.0,243.4,243.4,243.4,243.4,1.7863,1.7863,0.1286,0.1286,0.1286,0.1286
49,0.0002,292.4,0.0,50.0,50.0,50.0,500.0,50.0,242.4,242.4,242.4,242.4,1.7661,1.7661,0.1249,0.1249,0.1249,0.1249
50,0.0002,292.4,0.0,51.0,51.0,51.0,500.0,51.0,241.4,241.4,241.4,241.4,1.7463,1.7463,0.1366,0.1366,0.1366,0.1366
51,0.0002,292.4,0.0,52.0,52.0,52.0,500.0,52.0,240.4,240.4,240.4,240.4,1.7269,1.7269,0.1354,0.1354,0.1354,0.1354
52,0.0002,292.4,0.0,53.0,53.0,53.0,500.0,53.0,239.4,239.4,239.4,239.4,1.7078,1.7078,0.1486,0.1486,0.1486,0.1486
53,0.0002,292.4,0.0,54.0,54.0,54.0,500.0,54.0,238.4,238.4,238.4,238.4,1.6891,1.6891,0.1181,0.1181,0.1181,0.1181
54,0.0002,292.4,0.0,55.0,55.0,55.0,500.0,55.0,237.4,237.4,237.4,237.4,1.6708,1.6708,0.1414,0.1414,0.1414,0.1414
55,0.0002,292.4,0.0,56.0,56.0,56.0,500.0,56.0,236.4,236.4,236.4,236.4,1.6528,1.6528,0.1469,0.1469,0.1469,0.1469
56,0.0002,292.4,0.0,57.0,57.0,57.0,500.0,57.0,235.4,235.4,235.4,235.4,1.6351,1.6351,0.1728,0.1728,0.1728,0.1728
57,0.0002,292.4,0.0,58.0,58.0,58.0,500.0,58.0,234.4,234.4,234.4,234.4,1.6177,1.6177,0.1788,0.1788,0.1788,0.1788
58,0.0002,292.4,0.0,59.0,59.0,59.0,500.0,59.0,233.4,233.4,233.4,233.4,1.6006,1.6006,0.1739,0.1739,0.1739,0.1739
59,0.0002,292.4,0.0,60.0,60.0,60.0,500.0,60.0,232.4,232.4,232.4,232.4,1.5838,1.5838,0.1732,0.1732,0.1732,0.1732
60,0.0002,292.4,0.0,61.0,61.0,61.0,500.0,61.0,231.4,231.4,231.4,231.4,1.5673,1.5673,0.1512,0.1512,0.1512,0.1512
61,0.0002,292.4,0.0,62.0,62.0,62.0,500.0,62.0,230.4,230.4,230.4,230.4,1.551,1.551,0.1449,0.1449,0.1449,0.1449
62,0.0002,292.4,0.0,63.0,63.0,63.0,500.0,63.0,229.4,229.4,229.4,229.4,1.535,1.535,0.1454,0.1454,0.1454,0.1454
63,0.0002,292.4,0.0,64.0,64.0,64.0,500.0,64.0,228.4,228.4,228.4,228.4,1.5192,1.5192,0.145,0.145,0.145,0.145
64,0.0002,292.4,0.0,65.0,65.0,65.0,500.0,65.0,227.4,227.4,227.4,227.4,1.5037,1.5037,0.1174,0.1174,0.1174,0.1174
65,0.0002,292.4,0.0,66.0,66.0,66.0,500.0,66.0,226.4,226.4,226.4,226.4,1.4885,1.4885,0.1229,0.1229,0.1229,0.1229
66,0.0002,292.4,0.0,67.0,67.0,67.0,500.0,67.0,225.4,225.4,225.4,225.4,1.4734,1.4734,0.1059,0.1059,0.1059,0.1059
67,0.0002,292.4,0.0,68.0,68.0,68.0,500.0,68.0,224.4,224.4,224.4,224.4,1.4586,1.4586,0.101,0.101,0.101,0.101
68,0.0002,292.4,0.0,69.0,69.0,69.0,500.0,69.0,223.4,223.4,223.4,223.4,1.444,1.444,0.1116,0.1116,0.1116,0.1116
69,0.0002,292.4,0.0,70.0,70.0,70.0,500.0,70.0,222.4,222.4,222.4,222.4,1.4296,1.4296,0.0998,0.0998,0.0998,0.0998
70,0.0002,292.4,0.0,71.0,71.0,71.0,500.0,71.0,221.4,221.4,221.4,221.4,1.4154,1.4154,0.0964,0.0964,0.0964,0.0964
71,0.0002,292.4,0.0,72.0,72.0,72.0,500.0,72.0,220.4,220.4,220.4,220.4,1.4015,1.4015,0.0887,0.0887,0.0887,0.0887
72,0.0002,292.4,0.0,73.0,73.0,73.0,500.0,73.0,219.4,219.4,219.4,219.4,1.3877,1.3877,0.0947,0.0947,0.0947,0.0947
73,0.0002,292.4,0.0,74.0,74.0,74.0,500.0,74.0,218.4,218.4,218.4,218.4,1.3741,1.3741,0.0777,0.0777,0.0777,0.0777
74,0.0002,292.4,0.0,75.0,75.0,75.0,500.0,75.0,217.4,217.4,217.4,217.4,1.3606,1.3606,0.0558,0.0558,0.0558,0.0558
75,0.0002,292.4,0.0,76.0,76.0,76.0,500.0,76.0,216.4,216.4,216.4,216.4,1.3474,1.3474,0.0275,0.0275,0.0275,0.0275
76,0.0002,292.4,0.0,77.0,77.0,77.0,500.0,77.0,215.4,215.4,215.4,215.4,1.3343,1.3343,0.0553,0.0553,0.0553,0.0553
77,0.0002,292.4,0.0,78.0,78.0,78.0,500.0,78.0,214.4,214.4,214.4,214.4,1.3214,1.3214,0.063,0.063,0.063,0.063
78,0.0002,292.4,0.0,79.0,79.0,79.0,500.0,79.0,213.4,213.4,213.4,213.4,1.3087,1.3087,0.0825,0.0825,0.0825,0.0825
79,0.0002,292.4,0.0,80.0,80.0,80.0,500.0,80.0,212.4,212.4,212.4,212.4,1.2961,1.2961,0.0766,0.0766,0.0766,0.0766
80,0.0002,292.4,0.0,81.0,81.0,81.0,500.0,81.0,211.4,211.4,211.4,211.4,1.2837,1.2837,0.0893,0.0893,0.0893,0.0893
81,0.0002,292.4,0.0,82.0,82.0,82.0,500.0,82.0,210.4,210.4,210.4,210.4,1.2714,1.2714,0.0826,0.0826,0.0826,0.0826
82,0.0002,292.4,0.0,83.0,83.0,83.0,500.0,83.0,209.4,209.4,209.4,209.4,1.2593,1.2593,0.0662,0.0662,0.0662,0.0662
83,0.0002,292.4,0.0,84.0,84.0,84.0,500.0,84.0,208.4,208.4,208.4,208.4,1.2473,1.2473,0.0753,0.0753,0.0753,0.0753
84,0.0002,292.4,0.0,85.0,85.0,85.0,500.0,85.0,207.4,207.4,207.4,207.4,1.2355,1.2355,0.0708,0.0708,0.0708,0.0708
85,0.0002,292.4,0.0,86.0,86.0,86.0,500.0,86.0,206.4,206.4,206.4,206.4,1.2238,1.2238,0.0728,0.0728,0.0728,0.0728
86,0.0002,292.4,0.0,87.0,87.0,87.0,500.0,87.0,205.4,205.4,205.4,205.4,1.2122,1.2122,0.0765,0.0765,0.0765,0.0765
87,0.0002,292.4,0.0,88.0,88.0,88.0,500.0,88.0,204.4,204.4,204.4,204.4,1.2008,1.2008,0.0822,0.0822,0.0822,0.0822
88,0.0002,292.4,0.0,89.0,89.0,89.0,500.0,89.0,203.4,203.4,203.4,203.4,1.1895,1.1895,0.0787,0.0787,0.0787,0.0787
89,0.0002,292.4,0.0,90.0,90.0,90.0,500.0,90.0,202.4,202.4,202.4,202.4,1.1783,1.1783,0.052,0.052,0.052,0.052
90,0.0002,292.4,0.0,91.0,91.0,91.0,500.0,91.0,201.4,201.4,201.4,201.4,1.1673,1.1673,0.0381,0.0381,0.0381,0.0381
91,0.0002,292.4,0.0,92.0,92.0,92.0,500.0,92.0,200.4,200.4,200.4,200.4,1.1563,1.1563,0.0437,0.0437,0.0437,0.0437
92,0.0002,292.4,0.0,93.0,93.0,93.0,500.0,93.0,199.4,199.4,199.4,199.4,1.1455,1.1455,0.0639,0.0639,0.0639,0.0639
93,0.0002,292.4,0.0,94.0,94.0,94.0,500.0,94.0,198.4,198.4,198.4,198.4,1.1348,1.1348,0.0627,0.0627,0.0627,0.0627
94,0.0002,292.4,0.0,95.0,95.0,95.0,500.0,95.0,197.4,197.4,197.4,197.4,1.1243,1.1243,0.0763,0.0763,0.0763,0.0763
95,0.0002,292.4,0.0,96.0,96.0,96.0,500.0,96.0,196.4,196.4,196.4,196.4,1.1138,1.1138,0.0506,0.0506,0.0506,0.0506
96,0.0002,292.4,0.0,97.0,97.0,97.0,500.0,97.0,195.4,195.4,195.4,195.4,1.1034,1.1034,0.0652,0.0652,0.0652,0.0652
97,0.0002,292.4,0.0,98.0,98.0,98.0,500.0,98.0,194.4,194.4,194.4,194.4,1.0932,1.0932,0.0528,0.0528,0.0528,0.0528
98,0.0002,292.4,0.0,99.0,99.0,99.0,500.0,99.0,193.4,193.4,193.4,193.4,1.083,1.083,0.0418,0.0418,0.0418,0.0418
99,0.0002,292.4,0.0,100.0,100.0,100.0,500.0,100.0,192.4,192.4,192.4,192.4,1.073,1.073,0.0382,0.0382,0.0382,0.0382
100,0.0002,292.4,0.0,100.0,101.0,101.0,500.0,101.0,192.4,191.4,191.4,191.4,1.063,1.063,0.0406,0.0406,0.0473,0.0406
101,0.0002,292.4,0.0,100.0,102.0,102.0,500.0,102.0,192.4,190.4,190.4,190.4,1.0532,1.0532,0.0282,0.0282,0.0392,0.0282
102,0.0002,292.4,0.0,100.0,103.0,103.0,500.0,103.0,192.4,189.4,189.4,189.4,1.0434,1.0434,0.0374,0.0374,0.0519,0.0374
103,0.0002,292.4,0.0,100.0,104.0,104.0,500.0,104.0,192.4,188.4,188.4,188.4,1.0337,1.0337,0.023,0.023,0.0499,0.023
104,0.0002,292.4,0.0,100.0,105.0,105.0,500.0,105.0,192.4,187.4,187.4,187.4,1.0242,1.0242,0.0239,0.0239,0.0593,0.0239
105,0.0002,292.4,0.0,100.0,106.0,106.0,500.0,106.0,192.4,186.4,186.4,186.4,1.0147,1.0147,0.0151,0.0151,0.0499,0.0151
106,0.0002,292.4,0.0,100.0,107.0,107.0,500.0,107.0,192.4,185.4,185.4,185.4,1.0053,1.0053,0.0168,0.0168,0.0714,0.0168
107,0.0002,292.4,0.0,100.0,108.0,108.0,500.0,108.0,192.4,184.4,184.4,184.4,0.996,0.996,0.0023,0.0023,0.0502,0.0023
108,0.0002,292.4,0.0,100.0,109.0,109.0,500.0,109.0,192.4,183.4,183.4,183.4,0.9868,0.9868,0.0114,0.0114,0.0344,0.0114
109,0.0002,292.4,0.0,100.0,110.0,110.0,500.0,110.0,192.4,182.4,182.4,182.4,0.9776,0.9776,0.0229,0.0229,0.0082,0.0229
110,0.0002,292.4,0.0,100.0,111.0,111.0,500.0,111.0,192.4,181.4,181.4,181.4,0.9686,0.9686,0.0147,0.0147,0.0127,0.0147
111,0.0002,292.4,0.0,100.0,112.0,112.0,500.0,112.0,192.4,180.4,180.4,180.4,0.9596,0.9596,0.0347,0.0347,0.0213,0.0347
112,0.0002,292.4,0.0,100.0,113.0,113.0,500.0,113.0,192.4,179.4,179.4,179.4,0.9507,0.9507,0.0193,0.0193,0.007,0.0193
113,0.0002,292.4,0.0,100.0,114.0,114.0,500.0,114.0,192.4,178.4,178.4,178.4,0.9419,0.9419,0.0238,0.0238,0.0271,0.0238
114,0.0002,292.4,0.0,100.0,115.0,115.0,500.0,115.0,192.4,177.4,177.4,177.4,0.9332,0.9332,0.0222,0.0222,0.0264,0.0222
115,0.0002,292.4,0.0,100.0,116.0,116.0,500.0,116.0,192.4,176.4,176.4,176.4,0.9245,0.9245,0.0441,0.0441,0.0728,0.0441
116,0.0002,292.4,0.0,100.0,117.0,117.0,500.0,117.0,192.4,175.4,175.4,175.4,0.916,0.916,0.0508,0.0508,0.0867,0.0508
117,0.0002,292.4,0.0,100.0,118.0,118.0,500.0,118.0,192.4,174.4,174.4,174.4,0.9074,0.9074,0.0435,0.0435,0.0728,0.0435
118,0.0002,292.4,0.0,100.0,119.0,119.0,500.0,119.0,192.4,173.4,173.4,173.4,0.899,0.899,0.0307,0.0307,0.0596,0.0307
119,0.0002,292.4,0.0,100.0,120.0,120.0,500.0,120.0,192.4,172.4,172.4,172.4,0.8906,0.8906,0.0389,0.0389,0.0521,0.0389
120,0.0002,292.4,0.0,100.0,121.0,121.0,500.0,121.0,192.4,171.4,171.4,171.4,0.8823,0.8823,0.0294,0.0294,0.0529,0.0294
121,0.0002,292.4,0.0,100.0,122.0,122.0,500.0,122.0,192.4,170.4,170.4,170.4,0.8741,0.8741,0.0279,0.0279,0.0484,0.0279
122,0.0002,292.4,0.0,100.0,123.0,123.0,500.0,123.0,192.4,169.4,169.4,169.4,0.8659,0.8659,0.0227,0.0227,0.0543,0.0227
123,0.0002,292.4,0.0,100.0,124.0,124.0,500.0,124.0,192.4,168.4,168.4,168.4,0.8578,0.8578,0.0244,0.0244,0.0786,0.0244
124,0.0002,292.4,0.0,100.0,125.0,125.0,500.0,125.0,192.4,167.4,167.4,167.4,0.8498,0.8498,0.0123,0.0123,0.0635,0.0123
125,0.0002,292.4,0.0,100.0,126.0,126.0,500.0,126.0,192.4,166.4,166.4,166.4,0.8418,0.8418,0.0259,0.0259,0.081,0.0259
126,0.0002,292.4,0.0,100.0,127.0,127.0,500.0,127.0,192.4,165.4,165.4,165.4,0.8339,0.8339,0.0209,0.0209,0.073,0.0209
127,0.0002,292.4,0.0,100.0,128.0,128.0,500.0,128.0,192.4,164.4,164.4,164.4,0.8261,0.8261,0.0089,0.0089,0.0614,0.0089
128,0.0002,292.4,0.0,100.0,129.0,129.0,500.0,129.0,192.4,163.4,163.4,163.4,0.8183,0.8183,0.0031,0.0031,0.0759,0.0031
129,0.0002,292.4,0.0,100.0,130.0,130.0,500.0,130.0,192.4,162.4,162.4,162.4,0.8106,0.8106,0.0054,0.0054,0.0916,0.0054
130,0.0002,292.4,0.0,100.0,131.0,131.0,500.0,131.0,192.4,161.4,161.4,161.4,0.8029,0.8029,0.0016,0.0016,0.0888,0.0016
131,0.0002,292.4,0.0,100.0,132.0,132.0,500.0,132.0,192.4,160.4,160.4,160.4,0.7953,0.7953,0.0002,0.0002,0.0968,0.0002
132,0.0002,292.4,0.0,100.0,133.0,133.0,500.0,133.0,192.4,159.4,159.4,159.4,0.7878,0.7878,0.0021,0.0021,0.079,0.0021
133,0.0002,292.4,0.0,100.0,134.0,134.0,500.0,134.0,192.4,158.4,158.4,158.4,0.7803,0.7803,0.0057,0.0057,0.0695,0.0057
134,0.0002,292.4,0.0,100.0,135.0,135.0,500.0,135.0,192.4,157.4,157.4,157.4,0.7729,0.7729,0.0154,0.0154,0.0278,0.0154
135,0.0002,292.4,0.0,100.0,136.0,136.0,500.0,136.0,192.4,156.4,156.4,156.4,0.7655,0.7655,0.0051,0.0051,0.0526,0.0051
136,0.0002,292.4,0.0,100.0,137.0,137.0,500.0,137.0,192.4,155.4,155.4,155.4,0.7581,0.7581,0.0184,0.0184,0.0124,0.0184
137,0.0002,292.4,0.0,100.0,138.0,138.0,500.0,138.0,192.4,154.4,154.4,154.4,0.7509,0.7509,0.0184,0.0184,0.0173,0.0184
138,0.0002,292.4,0.0,100.0,139.0,139.0,500.0,139.0,192.4,153.4,153.4,153.4,0.7437,0.7437,0.0169,0.0169,0.01,0.0169
139,0.0002,292.4,0.0,100.0,140.0,140.0,500.0,140.0,192.4,152.4,152.4,152.4,0.7365,0.7365,0.0232,0.0232,0.0263,0.0232
140,0.0002,292.4,0.0,100.0,141.0,141.0,500.0,141.0,192.4,151.4,151.4,151.4,0.7294,0.7294,0.0174,0.0174,0.0214,0.0174
141,0.0002,292.4,0.0,100.0,142.0,142.0,500.0,142.0,192.4,150.4,150.4,150.4,0.7223,0.7223,0.0204,0.0204,0.0134,0.0204
142,0.0002,292.4,0.0,100.0,143.0,143.0,500.0,143.0,192.4,149.4,149.4,149.4,0.7153,0.7153,0.0177,0.0177,0.0336,0.0177
143,0.0002,292.4,0.0,100.0,144.0,144.0,500.0,144.0,192.4,148.4,148.4,148.4,0.7083,0.7083,0.0172,0.0172,0.0384,0.0172
144,0.0002,292.4,0.0,100.0,145.0,145.0,500.0,145.0,192.4,147.4,147.4,147.4,0.7014,0.7014,0.0195,0.0195,0.0366,0.0195
145,0.0002,292.4,0.0,100.0,146.0,146.0,500.0,146.0,192.4,146.4,146.4,146.4,0.6945,0.6945,0.0193,0.0193,0.0341,0.0193
146,0.0002,292.4,0.0,100.0,147.0,147.0,500.0,147.0,192.4,145.4,145.4,145.4,0.6877,0.6877,0.0168,0.0168,0.0383,0.0168
147,0.0002,292.4,0.0,100.0,148.0,148.0,500.0,148.0,192.4,144.4,144.4,144.4,0.6809,0.6809,0.0246,0.0246,0.0188,0.0246
148,0.0002,292.4,0.0,100.0,149.0,149.0,500.0,149.0,192.4,143.4,143.4,143.4,0.6742,0.6742,0.0281,0.0281,0.0114,0.0281
149,0.0002,292.4,0.0,100.0,150.0,150.0,500.0,150.0,192.4,142.4,142.4,142.4,0.6675,0.6675,0.031,0.031,0.0059,0.031
150,0.0002,292.4,0.0,100.0,151.0,151.0,500.0,151.0,192.4,141.4,141.4,141.4,0.6608,0.6608,0.0365,0.0365,0.0044,0.0365
151,0.0002,292.4,0.0,100.0,152.0,152.0,500.0,152.0,192.4,140.4,140.4,140.4,0.6542,0.6542,0.0223,0.0223,0.0261,0.0223
152,0.0002,292.4,0.0,100.0,153.0,153.0,500.0,153.0,192.4,139.4,139.4,139.4,0.6477,0.6477,0.0279,0.0279,0.0255,0.0279
153,0.0002,292.4,0.0,100.0,154.0,154.0,500.0,154.0,192.4,138.4,138.4,138.4,0.6412,0.6412,0.0425,0.0425,0.0125,0.0425
154,0.0002,292.4,0.0,100.0,155.0,155.0,500.0,155.0,192.4,137.4,137.4,137.4,0.6347,0.6347,0.0353,0.0353,0.012,0.0353
155,0.0002,292.4,0.0,100.0,156.0,156.0,500.0,156.0,192.4,136.4,136.4,136.4,0.6283,0.6283,0.0511,0.0511,0.0086,0.0511
156,0.0002,292.4,0.0,100.0,157.0,157.0,500.0,157.0,192.4,135.4,135.4,135.4,0.6219,0.6219,0.0391,0.0391,0.0257,0.0391
157,0.0002,292.4,0.0,100.0,158.0,158.0,500.0,158.0,192.4,134.4,134.4,134.4,0.6155,0.6155,0.0343,0.0343,0.038,0.0343
158,0.0002,292.4,0.0,100.0,159.0,159.0,500.0,159.0,192.4,133.4,133.4,133.4,0.6092,0.6092,0.0381,0.0381,0.0302,0.0381
159,0.0002,292.4,0.0,100.0,160.0,160.0,500.0,160.0,192.4,132.4,132.4,132.4,0.603,0.603,0.0339,0.0339,0.0376,0.0339
160,0.0002,292.4,0.0,100.0,161.0,161.0,500.0,161.0,192.4,131.4,131.4,131.4,0.5967,0.5967,0.028,0.028,0.035,0.028
161,0.0002,292.4,0.0,100.0,162.0,162.0,500.0,162.0,192.4,130.4,130.4,130.4,0.5905,0.5905,0.0286,0.0286,0.0312,0.0286
162,0.0002,292.4,0.0,100.0,163.0,163.0,500.0,163.0,192.4,129.4,129.4,129.4,0.5844,0.5844,0.0309,0.0309,0.0287,0.0309
163,0.0002,292.4,0.0,100.0,164.0,164.0,500.0,164.0,192.4,128.4,128.4,128.4,0.5783,0.5783,0.0358,0.0358,0.0213,0.0358
164,0.0002,292.4,0.0,100.0,165.0,165.0,500.0,165.0,192.4,127.4,127.4,127.4,0.5722,0.5722,0.0338,0.0338,0.0076,0.0338
165,0.0002,292.4,0.0,100.0,166.0,166.0,500.0,166.0,192.4,126.4,126.4,126.4,0.5661,0.5661,0.0211,0.0211,0.0328,0.0211
166,0.0002,292.4,0.0,100.0,167.0,167.0,500.0,167.0,192.4,125.4,125.4,125.4,0.5601,0.5601,0.0242,0.0242,0.0171,0.0242
167,0.0002,292.4,0.0,100.0,168.0,168.0,500.0,168.0,192.4,124.4,124.4,124.4,0.5542,0.5542,0.0316,0.0316,0.002,0.0316
168,0.0002,292.4,0.0,100.0,169.0,169.0,500.0,169.0,192.4,123.4,123.4,123.4,0.5482,0.5482,0.0285,0.0285,0.0151,0.0285
169,0.0002,292.4,0.0,100.0,170.0,170.0,500.0,170.0,192.4,122.4,122.4,122.4,0.5423,0.5423,0.0328,0.0328,0.0002,0.0328
170,0.0002,292.4,0.0,100.0,171.0,171.0,500.0,171.0,192.4,121.4,121.4,121.4,0.5365,0.5365,0.0244,0.0244,0.0125,0.0244
171,0.0002,292.4,0.0,100.0,172.0,172.0,500.0,172.0,192.4,120.4,120.4,120.4,0.5306,0.5306,0.0198,0.0198,0.0154,0.0198
172,0.0002,292.4,0.0,100.0,173.0,173.0,500.0,173.0,192.4,119.4,119.4,119.4,0.5248,0.5248,0.0127,0.0127,0.0326,0.0127
173,0.0002,292.4,0.0,100.0,174.0,174.0,500.0,174.0,192.4,118.4,118.4,118.4,0.5191,0.5191,0.013,0.013,0.0201,0.013
174,0.0002,292.4,0.0,100.0,175.0,175.0,500.0,175.0,192.4,117.4,117.4,117.4,0.5133,0.5133,0.006,0.006,0.0163,0.006
175,0.0002,292.4,0.0,100.0,176.0,176.0,500.0,176.0,192.4,116.4,116.4,116.4,0.5076,0.5076,0.0152,0.0152,0.021,0.0152
176,0.0002,292.4,0.0,100.0,177.0,177.0,500.0,177.0,192.4,115.4,115.4,115.4,0.502,0.502,0.0178,0.0178,0.0043,0.0178
177,0.0002,292.4,0.0,100.0,178.0,178.0,500.0,178.0,192.4,114.4,114.4,114.4,0.4963,0.4963,0.0177,0.0177,0.002,0.0177
178,0.0002,292.4,0.0,100.0,179.0,179.0,500.0,179.0,192.4,113.4,113.4,113.4,0.4907,0.4907,0.0214,0.0214,0.011,0.0214
179,0.0002,292.4,0.0,100.0,180.0,180.0,500.0,180.0,192.4,112.4,112.4,112.4,0.4852,0.4852,0.0282,0.0282,0.0055,0.0282
180,0.0002,292.4,0.0,100.0,181.0,181.0,500.0,181.0,192.4,111.4,111.4,111.4,0.4796,0.4796,0.03,0.03,0.0019,0.03
181,0.0002,292.4,0.0,100.0,182.0,182.0,500.0,182.0,192.4,110.4,110.4,110.4,0.4741,0.4741,0.025,0.025,0.0058,0.025
182,0.0002,292.4,0.0,100.0,183.0,183.0,500.0,183.0,192.4,109.4,109.4,109.4,0.4686,0.4686,0.0252,0.0252,0.0077,0.0252
183,0.0002,292.4,0.0,100.0,184.0,184.0,500.0,184.0,192.4,108.4,108.4,108.4,0.4632,0.4632,0.0225,0.0225,0.0051,0.0225
184,0.0002,292.4,0.0,100.0,185.0,185.0,500.0,185.0,192.4,107.4,107.4,107.4,0.4578,0.4578,0.0251,0.0251,0.0032,0.0251
185,0.0002,292.4,0.0,100.0,186.0,186.0,500.0,186.0,192.4,106.4,106.4,106.4,0.4524,0.4524,0.0226,0.0226,0.0033,0.0226
186,0.0002,292.4,0.0,100.0,187.0,187.0,500.0,187.0,192.4,105.4,105.4,105.4,0.447,0.447,0.0227,0.0227,0.0067,0.0227
187,0.0002,292.4,0.0,100.0,188.0,188.0,500.0,188.0,192.4,104.4,104.4,104.4,0.4417,0.4417,0.028,0.028,0.0021,0.028
188,0.0002,292.4,0.0,100.0,189.0,189.0,500.0,189.0,192.4,103.4,103.4,103.4,0.4364,0.4364,0.0234,0.0234,0.008,0.0234
189,0.0002,292.4,0.0,100.0,190.0,190.0,500.0,190.0,192.4,102.4,102.4,102.4,0.4311,0.4311,0.0223,0.0223,0.0136,0.0223
190,0.0002,292.4,0.0,100.0,191.0,191.0,500.0,191.0,192.4,101.4,101.4,101.4,0.4259,0.4259,0.0208,0.0208,0.0232,0.0208
191,0.0002,292.4,0.0,100.0,192.0,192.0,500.0,192.0,192.4,100.4,100.4,100.4,0.4206,0.4206,0.0173,0.0173,0.0114,0.0173
192,0.0002,292.4,0.0,100.0,193.0,193.0,500.0,193.0,192.4,99.4,99.4,99.4,0.4154,0.4154,0.0303,0.0303,0.0175,0.0303
193,0.0002,292.4,0.0,100.0,194.0,194.0,500.0,194.0,192.4,98.4,98.4,98.4,0.4103,0.4103,0.0359,0.0359,0.0296,0.0359
194,0.0002,292.4,0.0,100.0,195.0,195.0,500.0,195.0,192.4,97.4,97.4,97.4,0.4051,0.4051,0.0322,0.0322,0.0092,0.0322
195,0.0002,292.4,0.0,100.0,196.0,196.0,500.0,196.0,192.4,96.4,96.4,96.4,0.4,0.4,0.0285,0.0285,0.0265,0.0285
196,0.0002,292.4,0.0,100.0,197.0,197.0,500.0,197.0,192.4,95.4,95.4,95.4,0.3949,0.3949,0.0299,0.0299,0.015,0.0299
197,0.0002,292.4,0.0,100.0,198.0,198.0,500.0,198.0,192.4,94.4,94.4,94.4,0.3899,0.3899,0.036,0.036,0.0391,0.036
198,0.0002,292.4,0.0,100.0,199.0,199.0,500.0,199.0,192.4,93.4,93.4,93.4,0.3848,0.3848,0.0351,0.0351,0.0482,0.0351
199,0.0002,292.4,0.0,100.0,200.0,200.0,500.0,200.0,192.4,92.4,92.4,92.4,0.3798,0.3798,0.039,0.039,0.0597,0.039
200,0.0002,292.4,0.0,100.0,200.0,201.0,500.0,201.0,192.4,92.4,91.4,91.4,0.3748,0.3748,0.0299,0.0299,0.0393,0.0333
201,0.0002,292.4,0.0,100.0,200.0,202.0,500.0,202.0,192.4,92.4,90.4,90.4,0.3699,0.3699,0.0315,0.0315,0.0553,0.0372
202,0.0002,292.4,0.0,100.0,200.0,203.0,500.0,203.0,192.4,92.4,89.4,89.4,0.3649,0.3649,0.0377,0.0377,0.0586,0.0453
203,0.0002,292.4,0.0,100.0,200.0,204.0,500.0,204.0,192.4,92.4,88.4,88.4,0.36,0.36,0.0381,0.0381,0.0746,0.0523
204,0.0002,292.4,0.0,100.0,200.0,205.0,500.0,205.0,192.4,92.4,87.4,87.4,0.3551,0.3551,0.0346,0.0346,0.0669,0.0531
205,0.0002,292.4,0.0,100.0,200.0,206.0,439.0,206.0,192.4,92.4,86.4,86.4,0.3503,0.3503,0.0397,0.0397,0.0869,0.0584
206,0.0002,292.4,0.0,100.0,200.0,207.0,423.0,207.0,192.4,92.4,85.4,85.4,0.3454,0.3454,0.0345,0.0345,0.0749,0.0631
207,0.0002,292.4,0.0,100.0,200.0,208.0,370.0,208.0,192.4,92.4,84.4,84.4,0.3406,0.3406,0.0328,0.0328,0.0922,0.0612
208,0.0002,292.4,0.0,100.0,200.0,209.0,313.0,209.0,192.4,92.4,83.4,83.4,0.3358,0.3358,0.0354,0.0354,0.1082,0.0613
209,0.0002,292.4,0.0,100.0,200.0,210.0,264.0,210.0,192.4,92.4,82.4,82.4,0.331,0.331,0.0307,0.0307,0.1116,0.0499
210,0.0002,292.4,0.0,100.0,200.0,211.0,228.0,211.0,192.4,92.4,81.4,81.4,0.3263,0.3263,0.0429,0.0429,0.129,0.0609
211,0.0002,292.4,0.0,100.0,200.0,212.0,193.0,193.0,192.4,92.4,80.4,99.4,0.3215,0.4154,0.0355,0.0416,0.1495,0.0541
212,0.0002,292.4,0.0,100.0,200.0,213.0,177.0,177.0,192.4,92.4,79.4,115.4,0.3168,0.502,0.0077,0.0318,0.1121,0.0425
213,0.0002,292.4,0.0,100.0,200.0,214.0,161.0,161.0,192.4,92.4,78.4,131.4,0.3122,0.5967,0.0103,0.0366,0.1282,0.0406
214,0.0002,292.4,0.0,100.0,200.0,215.0,148.0,148.0,192.4,92.4,77.4,144.4,0.3075,0.6809,0.0205,0.0379,0.13,0.0418
215,0.0002,292.4,0.0,100.0,200.0,216.0,133.0,133.0,192.4,92.4,76.4,159.4,0.3029,0.7878,0.0359,0.0373,0.1551,0.0311
216,0.0002,292.4,0.0,100.0,200.0,217.0,120.0,120.0,192.4,92.4,75.4,172.4,0.2982,0.8906,0.0376,0.0392,0.168,0.0306
217,0.0002,292.4,0.0,100.0,200.0,218.0,111.0,111.0,192.4,92.4,74.4,181.4,0.2936,0.9686,0.0874,0.0418,0.166,0.0366
218,0.0002,292.4,0.0,100.0,200.0,219.0,105.0,105.0,192.4,92.4,73.4,187.4,0.2891,1.0242,0.1341,0.041,0.15,0.0352
219,0.0002,292.4,0.0,100.0,200.0,220.0,100.0,100.0,192.4,92.4,72.4,192.4,0.2845,1.073,0.1669,0.0437,0.1669,0.0474
220,0.0002,292.4,0.0,100.0,200.0,221.0,96.0,96.0,192.4,92.4,71.4,196.4,0.28,1.1138,0.1449,0.0451,0.1595,0.0433
221,0.0002,292.4,0.0,100.0,200.0,222.0,92.0,92.0,192.4,92.4,70.4,200.4,0.2755,1.1563,0.1521,0.0491,0.1674,0.0495
222,0.0002,292.4,0.0,100.0,200.0,223.0,89.0,89.0,192.4,92.4,69.4,203.4,0.271,1.1895,0.1348,0.0465,0.1562,0.0409
223,0.0002,292.4,0.0,100.0,200.0,224.0,86.0,86.0,192.4,92.4,68.4,206.4,0.2665,1.2238,0.1137,0.0444,0.1546,0.028
224,0.0002,292.4,0.0,100.0,200.0,225.0,83.0,83.0,192.4,92.4,67.4,209.4,0.262,1.2593,0.1206,0.0469,0.1458,0.0311
225,0.0002,292.4,0.0,100.0,200.0,226.0,80.0,80.0,192.4,92.4,66.4,212.4,0.2576,1.2961,0.134,0.0496,0.1699,0.0345
226,0.0002,292.4,0.0,100.0,200.0,227.0,78.0,78.0,192.4,92.4,65.4,214.4,0.2532,1.3214,0.1191,0.0491,0.1634,0.0352
227,0.0002,292.4,0.0,100.0,200.0,228.0,77.0,77.0,192.4,92.4,64.4,215.4,0.2488,1.3343,0.1042,0.0491,0.149,0.0338
228,0.0002,292.4,0.0,100.0,200.0,229.0,75.0,75.0,192.4,92.4,63.4,217.4,0.2444,1.3606,0.1051,0.0529,0.1509,0.0275
229,0.0002,292.4,0.0,100.0,200.0,230.0,73.0,73.0,192.4,92.4,62.4,219.4,0.24,1.3877,0.1011,0.0488,0.1454,0.0169
230,0.0002,292.4,0.0,100.0,200.0,231.0,72.0,72.0,192.4,92.4,61.4,220.4,0.2357,1.4015,0.0864,0.0432,0.1282,0.0097
231,0.0002,292.4,0.0,100.0,200.0,232.0,71.0,71.0,192.4,92.4,60.4,221.4,0.2314,1.4154,0.12,0.0463,0.1336,0.0084
232,0.0002,292.4,0.0,100.0,200.0,233.0,70.0,70.0,192.4,92.4,59.4,222.4,0.2271,1.4296,0.1191,0.0476,0.1403,0.0207
233,0.0002,292.4,0.0,100.0,200.0,234.0,69.0,69.0,192.4,92.4,58.4,223.4,0.2228,1.444,0.1022,0.0442,0.1226,0.0166
234,0.0002,292.4,0.0,100.0,200.0,235.0,69.0,69.0,192.4,92.4,57.4,223.4,0.2185,1.444,0.1275,0.0426,0.1064,0.0293
235,0.0002,292.4,0.0,100.0,200.0,236.0,69.0,69.0,192.4,92.4,56.4,223.4,0.2143,1.444,0.1083,0.0391,0.1125,0.0199
236,0.0002,292.4,0.0,100.0,200.0,237.0,70.0,70.0,192.4,92.4,55.4,222.4,0.2101,1.4296,0.0992,0.0365,0.0887,0.0282
237,0.0002,292.4,0.0,100.0,200.0,238.0,70.0,70.0,192.4,92.4,54.4,222.4,0.2059,1.4296,0.0996,0.0417,0.1015,0.0321
238,0.0002,292.4,0.0,100.0,200.0,239.0,71.0,71.0,192.4,92.4,53.4,221.4,0.2017,1.4154,0.0988,0.0416,0.1037,0.0368
239,0.0002,292.4,0.0,100.0,200.0,240.0,71.0,71.0,192.4,92.4,52.4,221.4,0.1975,1.4154,0.0897,0.0366,0.0834,0.0185
240,0.0002,292.4,0.0,100.0,200.0,241.0,72.0,72.0,192.4,92.4,51.4,220.4,0.1933,1.4015,0.0955,0.0384,0.0963,0.0275
241,0.0002,292.4,0.0,100.0,200.0,242.0,72.0,72.0,192.4,92.4,50.4,220.4,0.1892,1.4015,0.092,0.0403,0.0969,0.0318
242,0.0002,292.4,0.0,100.0,200.0,243.0,72.0,72.0,192.4,92.4,49.4,220.4,0.1851,1.4015,0.1101,0.0396,0.0996,0.023
243,0.0002,292.4,0.0,100.0,200.0,244.0,72.0,72.0,192.4,92.4,48.4,220.4,0.181,1.4015,0.1192,0.039,0.0993,0.0204
244,0.0002,292.4,0.0,100.0,200.0,245.0,72.0,72.0,192.4,92.4,47.4,220.4,0.1769,1.4015,0.1427,0.0407,0.1004,0.0219
245,0.0002,292.4,0.0,100.0,200.0,246.0,72.0,72.0,192.4,92.4,46.4,220.4,0.1728,1.4015,0.152,0.0435,0.1079,0.0269
246,0.0002,292.4,0.0,100.0,200.0,247.0,72.0,72.0,192.4,92.4,45.4,220.4,0.1687,1.4015,0.167,0.0427,0.1103,0.026
247,0.0002,292.4,0.0,100.0,200.0,248.0,73.0,73.0,192.4,92.4,44.4,219.4,0.1647,1.3877,0.1568,0.0401,0.0926,0.0269
248,0.0002,292.4,0.0,100.0,200.0,249.0,73.0,73.0,192.4,92.4,43.4,219.4,0.1607,1.3877,0.131,0.0388,0.0846,0.0266
249,0.0002,292.4,0.0,100.0,200.0,250.0,74.0,74.0,192.4,92.4,42.4,218.4,0.1567,1.3741,0.1423,0.0424,0.0894,0.0317
250,0.0002,292.4,0.0,100.0,200.0,251.0,75.0,75.0,192.4,92.4,41.4,217.4,0.1527,1.3606,0.1505,0.0451,0.0883,0.0319
251,0.0002,292.4,0.0,100.0,200.0,252.0,75.0,75.0,192.4,92.4,40.4,217.4,0.1487,1.3606,0.138,0.043,0.105,0.0294
252,0.0002,292.4,0.0,100.0,200.0,253.0,75.0,75.0,192.4,92.4,39.4,217.4,0.1447,1.3606,0.1753,0.0539,0.1243,0.0394
253,0.0002,292.4,0.0,100.0,200.0,254.0,75.0,75.0,192.4,92.4,38.4,217.4,0.1408,1.3606,0.1993,0.0634,0.1263,0.0594
254,0.0002,292.4,0.0,100.0,200.0,255.0,75.0,75.0,192.4,92.4,37.4,217.4,0.1369,1.3606,0.1682,0.0588,0.1261,0.0471
255,0.0002,292.4,0.0,100.0,200.0,256.0,75.0,75.0,192.4,92.4,36.4,217.4,0.133,1.3606,0.1768,0.0624,0.1113,0.0499
256,0.0002,292.4,0.0,100.0,200.0,257.0,75.0,75.0,192.4,92.4,35.4,217.4,0.1291,1.3606,0.1746,0.0581,0.1192,0.0368
257,0.0002,292.4,0.0,100.0,200.0,258.0,75.0,75.0,192.4,92.4,34.4,217.4,0.1252,1.3606,0.1741,0.0578,0.1266,0.0343
258,0.0002,292.4,0.0,100.0,200.0,259.0,74.0,74.0,192.4,92.4,33.4,218.4,0.1213,1.3741,0.1962,0.0634,0.1354,0.0426
259,0.0002,292.4,0.0,100.0,200.0,260.0,73.0,73.0,192.4,92.4,32.4,219.4,0.1174,1.3877,0.214,0.0659,0.1491,0.0458
260,0.0002,292.4,0.0,100.0,200.0,261.0,73.0,73.0,192.4,92.4,31.4,219.4,0.1136,1.3877,0.1833,0.0609,0.1461,0.0456
261,0.0002,292.4,0.0,100.0,200.0,262.0,72.0,72.0,192.4,92.4,30.4,220.4,0.1098,1.4015,0.2064,0.0624,0.1497,0.0493
262,0.0002,292.4,0.0,100.0,200.0,263.0,72.0,72.0,192.4,92.4,29.4,220.4,0.106,1.4015,0.1756,0.0527,0.1208,0.0361
263,0.0002,292.4,0.0,100.0,200.0,264.0,72.0,72.0,192.4,92.4,28.4,220.4,0.1022,1.4015,0.162,0.0463,0.0962,0.0275
264,0.0002,292.4,0.0,100.0,200.0,265.0,73.0,73.0,192.4,92.4,27.4,219.4,0.0984,1.3877,0.1601,0.046,0.0993,0.0358
265,0.0002,292.4,0.0,100.0,200.0,266.0,73.0,73.0,192.4,92.4,26.4,219.4,0.0946,1.3877,0.1137,0.0426,0.1113,0.0293
266,0.0002,292.4,0.0,100.0,200.0,267.0,73.0,73.0,192.4,92.4,25.4,219.4,0.0909,1.3877,0.1193,0.0481,0.1214,0.0422
267,0.0002,292.4,0.0,100.0,200.0,268.0,73.0,73.0,192.4,92.4,24.4,219.4,0.0871,1.3877,0.1301,0.0482,0.1098,0.0439
268,0.0002,292.4,0.0,100.0,200.0,269.0,73.0,73.0,192.4,92.4,23.4,219.4,0.0834,1.3877,0.1564,0.0526,0.1271,0.046
269,0.0002,292.4,0.0,100.0,200.0,270.0,73.0,73.0,192.4,92.4,22.4,219.4,0.0797,1.3877,0.1534,0.0526,0.1205,0.0501
270,0.0002,292.4,0.0,100.0,200.0,271.0,73.0,73.0,192.4,92.4,21.4,219.4,0.076,1.3877,0.1383,0.0529,0.1358,0.0516
271,0.0002,292.4,0.0,100.0,200.0,272.0,73.0,73.0,192.4,92.4,20.4,219.4,0.0723,1.3877,0.1421,0.0531,0.1447,0.0547
272,0.0002,292.4,0.0,100.0,200.0,273.0,72.0,72.0,192.4,92.4,19.4,220.4,0.0687,1.4015,0.184,0.0599,0.1763,0.0618
273,0.0002,292.4,0.0,100.0,200.0,274.0,71.0,71.0,192.4,92.4,18.4,221.4,0.065,1.4154,0.1852,0.0654,0.1915,0.0757
274,0.0002,292.4,0.0,100.0,200.0,275.0,70.0,70.0,192.4,92.4,17.4,222.4,0.0614,1.4296,0.1789,0.0609,0.192,0.0778
275,0.0002,292.4,0.0,100.0,200.0,276.0,70.0,70.0,192.4,92.4,16.4,222.4,0.0577,1.4296,0.1593,0.0595,0.1728,0.0869
276,0.0002,292.4,0.0,100.0,200.0,277.0,69.0,69.0,192.4,92.4,15.4,223.4,0.0541,1.444,0.2046,0.0652,0.1846,0.0845
277,0.0002,292.4,0.0,100.0,200.0,278.0,69.0,69.0,192.4,92.4,14.4,223.4,0.0505,1.444,0.1738,0.0594,0.1691,0.0735
278,0.0002,292.4,0.0,100.0,200.0,279.0,69.0,69.0,192.4,92.4,13.4,223.4,0.0469,1.444,0.2137,0.0655,0.1803,0.0746
279,0.0002,292.4,0.0,100.0,200.0,280.0,68.0,68.0,192.4,92.4,12.4,224.4,0.0433,1.4586,0.1901,0.0674,0.1739,0.0797
280,0.0002,292.4,0.0,100.0,200.0,281.0,68.0,68.0,192.4,92.4,11.4,224.4,0.0398,1.4586,0.2047,0.0633,0.1598,0.069
281,0.0002,292.4,0.0,100.0,200.0,282.0,68.0,68.0,192.4,92.4,10.4,224.4,0.0362,1.4586,0.1558,0.055,0.1459,0.0601
282,0.0002,292.4,0.0,100.0,200.0,283.0,69.0,69.0,192.4,92.4,9.4,223.4,0.0327,1.444,0.1542,0.0548,0.1457,0.0667
283,0.0002,292.4,0.0,100.0,200.0,284.0,68.0,68.0,192.4,92.4,8.4,224.4,0.0292,1.4586,0.1775,0.0606,0.1675,0.0712
284,0.0002,292.4,0.0,100.0,200.0,285.0,68.0,68.0,192.4,92.4,7.4,224.4,0.0256,1.4586,0.1737,0.061,0.1644,0.0738
285,0.0002,292.4,0.0,100.0,200.0,286.0,68.0,68.0,192.4,92.4,6.4,224.4,0.0221,1.4586,0.1724,0.0625,0.1738,0.0753
286,0.0002,292.4,0.0,100.0,200.0,287.0,68.0,68.0,192.4,92.4,5.4,224.4,0.0186,1.4586,0.1811,0.0638,0.178,0.0756
287,0.0002,292.4,0.0,100.0,200.0,288.0,68.0,68.0,192.4,92.4,4.4,224.4,0.0152,1.4586,0.1672,0.0625,0.165,0.0714
288,0.0002,292.4,0.0,100.0,200.0,289.0,67.0,67.0,192.4,92.4,3.4,225.4,0.0117,1.4734,0.1556,0.0635,0.177,0.0745
289,0.0002,292.4,0.0,100.0,200.0,290.0,67.0,67.0,192.4,92.4,2.4,225.4,0.0082,1.4734,0.1533,0.0609,0.1722,0.0829
290,0.0002,292.4,0.0,100.0,200.0,291.0,67.0,67.0,192.4,92.4,1.4,225.4,0.0048,1.4734,0.1504,0.0585,0.1688,0.086
291,0.0002,292.4,0.0,100.0,200.0,292.0,67.0,67.0,192.4,92.4,0.4,225.4,0.0014,1.4734,0.1271,0.0549,0.1657,0.0785
292,0.0002,292.4,0.0,100.0,200.0,293.0,68.0,68.0,192.4,92.4,0.6,224.4,0.002,1.4586,0.1195,0.0533,0.1363,0.0669
293,0.0002,292.4,0.0,100.0,200.0,294.0,69.0,69.0,192.4,92.4,1.6,223.4,0.0055,1.444,0.1122,0.0516,0.1209,0.0652
294,0.0002,292.4,0.0,100.0,200.0,295.0,69.0,69.0,192.4,92.4,2.6,223.4,0.0088,1.444,0.1046,0.0519,0.1293,0.0593
295,0.0002,292.4,0.0,100.0,200.0,296.0,70.0,70.0,192.4,92.4,3.6,222.4,0.0122,1.4296,0.098,0.0503,0.1323,0.0694
296,0.0002,292.4,0.0,100.0,200.0,297.0,71.0,71.0,192.4,92.4,4.6,221.4,0.0156,1.4154,0.0731,0.0444,0.1123,0.0537
297,0.0002,292.4,0.0,100.0,200.0,298.0,72.0,72.0,192.4,92.4,5.6,220.4,0.019,1.4015,0.0565,0.0403,0.0886,0.0538
298,0.0002,292.4,0.0,100.0,200.0,299.0,74.0,73.0,192.4,92.4,6.6,219.4,0.0223,1.3877,0.0518,0.0391,0.0869,0.0576
299,0.0002,292.4,0.0,100.0,200.0,300.0,75.0,74.0,192.4,92.4,7.6,218.4,0.0257,1.3741,0.0581,0.0405,0.0837,0.0617
300,0.0002,292.4,0.0,100.0,200.0,301.0,77.0,75.0,192.4,92.4,8.6,217.4,0.029,1.3606,0.0533,0.0392,0.0983,0.0588
301,0.0002,292.4,0.0,100.0,200.0,302.0,78.0,76.0,192.4,92.4,9.6,216.4,0.0323,1.3474,0.0575,0.0402,0.0981,0.0667
302,0.0002,292.4,0.0,100.0,200.0,303.0,80.0,77.0,192.4,92.4,10.6,215.4,0.0356,1.3343,0.0366,0.0348,0.0695,0.054
303,0.0002,292.4,0.0,100.0,200.0,304.0,83.0,78.0,192.4,92.4,11.6,214.4,0.0389,1.3214,0.0512,0.0384,0.0798,0.0672
304,0.0002,292.4,0.0,100.0,200.0,305.0,85.0,79.0,192.4,92.4,12.6,213.4,0.0422,1.3087,0.0445,0.0366,0.0815,0.0642
305,0.0002,292.4,0.0,100.0,200.0,306.0,88.0,80.0,192.4,92.4,13.6,212.4,0.0455,1.2961,0.0337,0.0336,0.0623,0.0646
306,0.0002,292.4,0.0,100.0,200.0,307.0,90.0,81.0,192.4,92.4,14.6,211.4,0.0487,1.2837,0.0335,0.0334,0.0726,0.0637
307,0.0002,292.4,0.0,100.0,200.0,308.0,93.0,82.0,192.4,92.4,15.6,210.4,0.052,1.2714,0.0384,0.0346,0.0799,0.0761
308,0.0002,292.4,0.0,100.0,200.0,309.0,96.0,83.0,192.4,92.4,16.6,209.4,0.0552,1.2593,0.035,0.0335,0.0715,0.0798
309,0.0002,292.4,0.0,100.0,200.0,310.0,99.0,84.0,192.4,92.4,17.6,208.4,0.0584,1.2473,0.0423,0.0354,0.0872,0.0894
310,0.0002,292.4,0.0,100.0,200.0,311.0,100.0,85.0,192.4,92.4,18.6,207.4,0.0617,1.2355,0.0208,0.0294,0.043,0.076
311,0.0002,292.4,0.0,100.0,200.0,312.0,101.0,86.0,192.4,92.4,19.6,206.4,0.0649,1.2238,0.0192,0.0288,0.0439,0.0867
312,0.0002,292.4,0.0,100.0,200.0,313.0,103.0,87.0,192.4,92.4,20.6,205.4,0.0681,1.2122,0.0287,0.0312,0.0726,0.0824
313,0.0002,292.4,0.0,100.0,200.0,314.0,105.0,88.0,192.4,92.4,21.6,204.4,0.0713,1.2008,0.0336,0.0324,0.0664,0.0873
314,0.0002,292.4,0.0,100.0,200.0,315.0,107.0,89.0,192.4,92.4,22.6,203.4,0.0744,1.1895,0.0298,0.0312,0.0599,0.0849
315,0.0002,292.4,0.0,100.0,200.0,316.0,108.0,90.0,192.4,92.4,23.6,202.4,0.0776,1.1783,0.0329,0.032,0.0636,0.0993
316,0.0002,292.4,0.0,100.0,200.0,317.0,108.0,91.0,192.4,92.4,24.6,201.4,0.0808,1.1673,0.0517,0.0372,0.0762,0.1121
317,0.0002,292.4,0.0,100.0,200.0,318.0,108.0,92.0,192.4,92.4,25.6,200.4,0.0839,1.1563,0.0386,0.0333,0.0585,0.1022
318,0.0002,292.4,0.0,100.0,200.0,319.0,109.0,93.0,192.4,92.4,26.6,199.4,0.0871,1.1455,0.0408,0.0339,0.0621,0.0961
319,0.0002,292.4,0.0,100.0,200.0,320.0,109.0,94.0,192.4,92.4,27.6,198.4,0.0902,1.1348,0.0415,0.0339,0.0564,0.1016
320,0.0002,292.4,0.0,100.0,200.0,321.0,109.0,95.0,192.4,92.4,28.6,197.4,0.0933,1.1243,0.0483,0.0358,0.0594,0.0995
321,0.0002,292.4,0.0,100.0,200.0,322.0,109.0,96.0,192.4,92.4,29.6,196.4,0.0964,1.1138,0.0357,0.032,0.0384,0.0929
322,0.0002,292.4,0.0,100.0,200.0,323.0,109.0,97.0,192.4,92.4,30.6,195.4,0.0995,1.1034,0.0516,0.0366,0.0592,0.0977
323,0.0002,292.4,0.0,100.0,200.0,324.0,110.0,98.0,192.4,92.4,31.6,194.4,0.1026,1.0932,0.0598,0.039,0.0717,0.1031
324,0.0002,292.4,0.0,100.0,200.0,325.0,112.0,99.0,192.4,92.4,32.6,193.4,0.1057,1.083,0.0824,0.0458,0.0885,0.1071
325,0.0002,292.4,0.0,100.0,200.0,326.0,113.0,100.0,192.4,92.4,33.6,192.4,0.1088,1.073,0.0822,0.0457,0.0822,0.1161
326,0.0002,292.4,0.0,100.0,200.0,327.0,114.0,101.0,192.4,92.4,34.6,191.4,0.1118,1.063,0.0752,0.0435,0.0763,0.1098
327,0.0002,292.4,0.0,100.0,200.0,328.0,114.0,102.0,192.4,92.4,35.6,190.4,0.1149,1.0532,0.0567,0.0377,0.0573,0.0932
328,0.0002,292.4,0.0,100.0,200.0,329.0,114.0,103.0,192.4,92.4,36.6,189.4,0.1179,1.0434,0.0513,0.036,0.043,0.087
329,0.0002,292.4,0.0,100.0,200.0,330.0,114.0,104.0,192.4,92.4,37.6,188.4,0.121,1.0337,0.0384,0.0318,0.0387,0.0821
330,0.0002,292.4,0.0,100.0,200.0,331.0,114.0,105.0,192.4,92.4,38.6,187.4,0.124,1.0242,0.0187,0.0255,0.0306,0.0694
331,0.0002,292.4,0.0,100.0,200.0,332.0,113.0,106.0,192.4,92.4,39.6,186.4,0.127,1.0147,0.0102,0.0226,0.0139,0.0638
332,0.0002,292.4,0.0,100.0,200.0,333.0,112.0,107.0,192.4,92.4,40.6,185.4,0.13,1.0053,0.0074,0.0215,0.0074,0.0638
333,0.0002,292.4,0.0,100.0,200.0,334.0,111.0,108.0,192.4,92.4,41.6,184.4,0.133,0.996,0.0056,0.0208,0.0127,0.0577
334,0.0002,292.4,0.0,100.0,200.0,335.0,113.0,109.0,192.4,92.4,42.6,183.4,0.136,0.9868,0.0291,0.0282,0.0413,0.0639
335,0.0002,292.4,0.0,100.0,200.0,336.0,116.0,110.0,192.4,92.4,43.6,182.4,0.139,0.9776,0.0428,0.0326,0.0645,0.0785
336,0.0002,292.4,0.0,100.0,200.0,337.0,120.0,111.0,192.4,92.4,44.6,181.4,0.142,0.9686,0.044,0.0329,0.0716,0.0702
337,0.0002,292.4,0.0,100.0,200.0,338.0,123.0,112.0,192.4,92.4,45.6,180.4,0.1449,0.9596,0.0498,0.0347,0.0655,0.0735
338,0.0002,292.4,0.0,100.0,200.0,339.0,126.0,113.0,192.4,92.4,46.6,179.4,0.1479,0.9507,0.0459,0.0333,0.0612,0.0725
339,0.0002,292.4,0.0,100.0,200.0,340.0,130.0,114.0,192.4,92.4,47.6,178.4,0.1508,0.9419,0.0416,0.0318,0.0682,0.0658
340,0.0002,292.4,0.0,100.0,200.0,341.0,134.0,115.0,192.4,92.4,48.6,177.4,0.1538,0.9332,0.0454,0.0329,0.0679,0.0721
341,0.0002,292.4,0.0,100.0,200.0,342.0,137.0,116.0,192.4,92.4,49.6,176.4,0.1567,0.9245,0.0439,0.0323,0.0615,0.0692
342,0.0002,292.4,0.0,100.0,200.0,343.0,142.0,117.0,192.4,92.4,50.6,175.4,0.1596,0.916,0.057,0.0367,0.0781,0.0788
343,0.0002,292.4,0.0,100.0,200.0,344.0,146.0,118.0,192.4,92.4,51.6,174.4,0.1625,0.9074,0.0627,0.0386,0.0863,0.0828
344,0.0002,292.4,0.0,100.0,200.0,345.0,151.0,119.0,192.4,92.4,52.6,173.4,0.1654,0.899,0.0532,0.0353,0.0709,0.0757
345,0.0002,292.4,0.0,100.0,200.0,346.0,152.0,120.0,192.4,92.4,53.6,172.4,0.1683,0.8906,0.0402,0.0306,0.0483,0.0681
346,0.0002,292.4,0.0,100.0,200.0,347.0,153.0,121.0,192.4,92.4,54.6,171.4,0.1712,0.8823,0.041,0.0308,0.0508,0.0705
347,0.0002,292.4,0.0,100.0,200.0,348.0,158.0,122.0,192.4,92.4,55.6,170.4,0.1741,0.8741,0.0503,0.034,0.0685,0.0705
348,0.0002,292.4,0.0,100.0,200.0,349.0,163.0,123.0,192.4,92.4,56.6,169.4,0.1769,0.8659,0.0412,0.0307,0.0603,0.0624
349,0.0002,292.4,0.0,100.0,200.0,350.0,165.0,124.0,192.4,92.4,57.6,168.4,0.1798,0.8578,0.0332,0.0278,0.0412,0.0553
350,0.0002,292.4,0.0,100.0,200.0,351.0,170.0,125.0,192.4,92.4,58.6,167.4,0.1827,0.8498,0.0519,0.0343,0.0575,0.0629
351,0.0002,292.4,0.0,100.0,200.0,352.0,173.0,126.0,192.4,92.4,59.6,166.4,0.1855,0.8418,0.0516,0.0341,0.062,0.0735
352,0.0002,292.4,0.0,100.0,200.0,353.0,169.0,127.0,192.4,92.4,60.6,165.4,0.1883,0.8339,0.0483,0.0329,0.0303,0.0673
353,0.0002,292.4,0.0,100.0,200.0,354.0,165.0,128.0,192.4,92.4,61.6,164.4,0.1912,0.8261,0.0672,0.0396,0.0301,0.0682
354,0.0002,292.4,0.0,100.0,200.0,355.0,163.0,129.0,192.4,92.4,62.6,163.4,0.194,0.8183,0.0642,0.0385,0.0377,0.0719
355,0.0002,292.4,0.0,100.0,200.0,356.0,160.0,130.0,192.4,92.4,63.6,162.4,0.1968,0.8106,0.0548,0.035,0.0161,0.0537
356,0.0002,292.4,0.0,100.0,200.0,357.0,157.0,131.0,192.4,92.4,64.6,161.4,0.1996,0.8029,0.0549,0.0349,0.0269,0.063
357,0.0002,292.4,0.0,100.0,200.0,358.0,153.0,132.0,192.4,92.4,65.6,160.4,0.2024,0.7953,0.0448,0.0311,0.0139,0.0603
358,0.0002,292.4,0.0,100.0,200.0,359.0,146.0,133.0,192.4,92.4,66.6,159.4,0.2052,0.7878,0.0323,0.0264,0.0174,0.049
359,0.0002,292.4,0.0,100.0,200.0,360.0,138.0,134.0,192.4,92.4,67.6,158.4,0.208,0.7803,0.0391,0.0289,0.0155,0.0568
360,0.0002,292.4,0.0,100.0,200.0,361.0,133.0,133.0,192.4,92.4,68.6,159.4,0.2107,0.7878,0.0347,0.027,0.0092,0.0585
361,0.0002,292.4,0.0,100.0,200.0,362.0,128.0,128.0,192.4,92.4,69.6,164.4,0.2135,0.8261,0.0455,0.0281,0.0094,0.0602
362,0.0002,292.4,0.0,100.0,200.0,363.0,126.0,126.0,192.4,92.4,70.6,166.4,0.2163,0.8418,0.0502,0.0248,0.004,0.0524
363,0.0002,292.4,0.0,100.0,200.0,364.0,127.0,127.0,192.4,92.4,71.6,165.4,0.219,0.8339,0.0477,0.0239,0.0175,0.0469
364,0.0002,292.4,0.0,100.0,200.0,365.0,127.0,127.0,192.4,92.4,72.6,165.4,0.2218,0.8339,0.0275,0.0202,0.0048,0.0421
365,0.0002,292.4,0.0,100.0,200.0,366.0,126.0,126.0,192.4,92.4,73.6,166.4,0.2245,0.8418,0.0288,0.0174,0.0037,0.0475
366,0.0002,292.4,0.0,100.0,200.0,367.0,124.0,124.0,192.4,92.4,74.6,168.4,0.2272,0.8578,0.0358,0.0219,0.0054,0.0534
367,0.0002,292.4,0.0,100.0,200.0,368.0,124.0,124.0,192.4,92.4,75.6,168.4,0.23,0.8578,0.0424,0.0237,0.0116,0.0507
368,0.0002,292.4,0.0,100.0,200.0,369.0,122.0,122.0,192.4,92.4,76.6,170.4,0.2327,0.8741,0.0394,0.0253,0.0056,0.0564
369,0.0002,292.4,0.0,100.0,200.0,370.0,121.0,121.0,192.4,92.4,77.6,171.4,0.2354,0.8823,0.0463,0.025,0.0042,0.0523
370,0.0002,292.4,0.0,100.0,200.0,371.0,119.0,119.0,192.4,92.4,78.6,173.4,0.2381,0.899,0.0334,0.0238,0.0009,0.0574
371,0.0002,292.4,0.0,100.0,200.0,372.0,116.0,116.0,192.4,92.4,79.6,176.4,0.2408,0.9245,0.0114,0.0234,0.0029,0.0609
372,0.0002,292.4,0.0,100.0,200.0,373.0,111.0,111.0,192.4,92.4,80.6,181.4,0.2434,0.9686,0.021,0.022,0.0269,0.0647
373,0.0002,292.4,0.0,100.0,200.0,374.0,106.0,106.0,192.4,92.4,81.6,186.4,0.2461,1.0147,0.0133,0.0231,0.0379,0.0668
374,0.0002,292.4,0.0,100.0,200.0,375.0,102.0,102.0,192.4,92.4,82.6,190.4,0.2488,1.0532,0.0226,0.0226,0.0276,0.0722
375,0.0002,292.4,0.0,100.0,200.0,376.0,99.0,99.0,192.4,92.4,83.6,193.4,0.2515,1.083,0.0401,0.0229,0.0231,0.0649
376,0.0002,292.4,0.0,100.0,200.0,377.0,97.0,97.0,192.4,92.4,84.6,195.4,0.2541,1.1034,0.0229,0.0297,0.0131,0.0757
377,0.0002,292.4,0.0,100.0,200.0,378.0,96.0,96.0,192.4,92.4,85.6,196.4,0.2568,1.1138,0.0108,0.0295,0.0019,0.0755
378,0.0002,292.4,0.0,100.0,200.0,379.0,93.0,93.0,192.4,92.4,86.6,199.4,0.2594,1.1455,0.0278,0.0263,0.0274,0.0665
379,0.0002,292.4,0.0,100.0,200.0,380.0,91.0,91.0,192.4,92.4,87.6,201.4,0.262,1.1673,0.0175,0.0302,0.0178,0.0681
380,0.0002,292.4,0.0,100.0,200.0,381.0,90.0,90.0,192.4,92.4,88.6,202.4,0.2647,1.1783,0.0156,0.0272,0.0179,0.061
381,0.0002,292.4,0.0,100.0,200.0,382.0,90.0,90.0,192.4,92.4,89.6,202.4,0.2673,1.1783,0.0168,0.0243,0.006,0.06
382,0.0002,292.4,0.0,100.0,200.0,383.0,90.0,90.0,192.4,92.4,90.6,202.4,0.2699,1.1783,0.0074,0.0287,0.0115,0.0686
383,0.0002,292.4,0.0,100.0,200.0,384.0,89.0,89.0,192.4,92.4,91.6,203.4,0.2725,1.1895,0.0149,0.0296,0.0014,0.073
384,0.0002,292.4,0.0,100.0,200.0,385.0,88.0,88.0,192.4,92.4,92.6,204.4,0.2751,1.2008,0.0265,0.0267,0.0139,0.0653
385,0.0002,292.4,0.0,100.0,200.0,386.0,87.0,87.0,192.4,92.4,93.6,205.4,0.2777,1.2122,0.044,0.0267,0.0184,0.0677
386,0.0002,292.4,0.0,100.0,200.0,387.0,86.0,86.0,192.4,92.4,94.6,206.4,0.2803,1.2238,0.0584,0.0301,0.0091,0.0745
387,0.0002,292.4,0.0,100.0,200.0,388.0,85.0,85.0,192.4,92.4,95.6,207.4,0.2829,1.2355,0.0622,0.0275,0.0157,0.0647
388,0.0002,292.4,0.0,100.0,200.0,389.0,84.0,84.0,192.4,92.4,96.6,208.4,0.2855,1.2473,0.057,0.0278,0.0175,0.0698
389,0.0002,292.4,0.0,100.0,200.0,390.0,84.0,84.0,192.4,92.4,97.6,208.4,0.288,1.2473,0.0957,0.0338,0.0133,0.0827
390,0.0002,292.4,0.0,100.0,200.0,391.0,84.0,84.0,192.4,92.4,98.6,208.4,0.2906,1.2473,0.0938,0.0332,0.0177,0.0833
391,0.0002,292.4,0.0,100.0,200.0,392.0,84.0,84.0,192.4,92.4,99.6,208.4,0.2931,1.2473,0.0685,0.0287,0.0103,0.078
392,0.0002,292.4,0.0,100.0,200.0,393.0,84.0,84.0,192.4,92.4,100.6,208.4,0.2957,1.2473,0.0667,0.0274,0.0103,0.0633
393,0.0002,292.4,0.0,100.0,200.0,394.0,85.0,85.0,192.4,92.4,101.6,207.4,0.2982,1.2355,0.0625,0.0264,0.0112,0.0561
394,0.0002,292.4,0.0,100.0,200.0,395.0,85.0,85.0,192.4,92.4,102.6,207.4,0.3008,1.2355,0.0486,0.0249,0.0042,0.0568
395,0.0002,292.4,0.0,100.0,200.0,396.0,86.0,86.0,192.4,92.4,103.6,206.4,0.3033,1.2238,0.0682,0.029,0.0252,0.0687
396,0.0002,292.4,0.0,100.0,200.0,397.0,88.0,87.0,192.4,92.4,104.6,205.4,0.3058,1.2122,0.0697,0.0293,0.0439,0.0681
397,0.0002,292.4,0.0,100.0,200.0,398.0,91.0,88.0,192.4,92.4,105.6,204.4,0.3083,1.2008,0.0692,0.0291,0.0553,0.062
398,0.0002,292.4,0.0,100.0,200.0,399.0,94.0,89.0,192.4,92.4,106.6,203.4,0.3108,1.1895,0.0745,0.0303,0.0636,0.0653
399,0.0002,292.4,0.0,100.0,200.0,400.0,97.0,90.0,192.4,92.4,107.6,202.4,0.3133,1.1783,0.0753,0.0304,0.06,0.0618
400,0.0002,292.4,0.0,100.0,200.0,401.0,99.0,91.0,192.4,92.4,108.6,201.4,0.3158,1.1673,0.0531,0.0253,0.0436,0.0609
401,0.0002,292.4,0.0,100.0,200.0,402.0,102.0,92.0,192.4,92.4,109.6,200.4,0.3183,1.1563,0.0597,0.0267,0.0465,0.0623
402,0.0002,292.4,0.0,100.0,200.0,403.0,105.0,93.0,192.4,92.4,110.6,199.4,0.3208,1.1455,0.0648,0.0279,0.0674,0.0585
403,0.0002,292.4,0.0,100.0,200.0,404.0,108.0,94.0,192.4,92.4,111.6,198.4,0.3233,1.1348,0.0682,0.0286,0.0595,0.0596
404,0.0002,292.4,0.0,100.0,200.0,405.0,111.0,95.0,192.4,92.4,112.6,197.4,0.3258,1.1243,0.075,0.0301,0.0715,0.0665
405,0.0002,292.4,0.0,100.0,200.0,406.0,113.0,96.0,192.4,92.4,113.6,196.4,0.3282,1.1138,0.0857,0.0326,0.0908,0.0666
406,0.0002,292.4,0.0,100.0,200.0,407.0,115.0,97.0,192.4,92.4,114.6,195.4,0.3307,1.1034,0.099,0.0357,0.1043,0.0784
407,0.0002,292.4,0.0,100.0,200.0,408.0,117.0,98.0,192.4,92.4,115.6,194.4,0.3331,1.0932,0.0815,0.0315,0.0838,0.0719
408,0.0002,292.4,0.0,100.0,200.0,409.0,120.0,99.0,192.4,92.4,116.6,193.4,0.3356,1.083,0.0729,0.0294,0.0785,0.065
409,0.0002,292.4,0.0,100.0,200.0,410.0,124.0,100.0,192.4,92.4,117.6,192.4,0.338,1.073,0.0618,0.0267,0.0618,0.0645
410,0.0002,292.4,0.0,100.0,200.0,411.0,125.0,101.0,192.4,92.4,118.6,191.4,0.3405,1.063,0.0564,0.0253,0.0749,0.0489
411,0.0002,292.4,0.0,100.0,200.0,412.0,126.0,102.0,192.4,92.4,119.6,190.4,0.3429,1.0532,0.0593,0.0259,0.0796,0.0517
412,0.0002,292.4,0.0,100.0,200.0,413.0,130.0,103.0,192.4,92.4,120.6,189.4,0.3453,1.0434,0.0412,0.0214,0.0531,0.0529
413,0.0002,292.4,0.0,100.0,200.0,414.0,134.0,104.0,192.4,92.4,121.6,188.4,0.3477,1.0337,0.047,0.0227,0.055,0.0507
414,0.0002,292.4,0.0,100.0,200.0,415.0,139.0,105.0,192.4,92.4,122.6,187.4,0.3501,1.0242,0.032,0.0188,0.0427,0.0413
415,0.0002,292.4,0.0,100.0,200.0,416.0,142.0,106.0,192.4,92.4,123.6,186.4,0.3526,1.0147,0.0221,0.0162,0.0295,0.0365
416,0.0002,292.4,0.0,100.0,200.0,417.0,143.0,107.0,192.4,92.4,124.6,185.4,0.355,1.0053,0.0103,0.013,0.0003,0.028
417,0.0002,292.4,0.0,100.0,200.0,418.0,145.0,108.0,192.4,92.4,125.6,184.4,0.3574,0.996,0.0054,0.0116,0.0061,0.0223
418,0.0002,292.4,0.0,100.0,200.0,419.0,147.0,109.0,192.4,92.4,126.6,183.4,0.3597,0.9868,0.0081,0.0121,0.0067,0.0244
419,0.0002,292.4,0.0,100.0,200.0,420.0,147.0,110.0,192.4,92.4,127.6,182.4,0.3621,0.9776,0.0108,0.007,0.0152,0.0106
420,0.0002,292.4,0.0,100.0,200.0,421.0,148.0,111.0,192.4,92.4,128.6,181.4,0.3645,0.9686,0.0031,0.0105,0.0065,0.0164
421,0.0002,292.4,0.0,100.0,200.0,422.0,151.0,112.0,192.4,92.4,129.6,180.4,0.3669,0.9596,0.0057,0.008,0.0048,0.0068
422,0.0002,292.4,0.0,100.0,200.0,423.0,152.0,113.0,192.4,92.4,130.6,179.4,0.3692,0.9507,0.0133,0.0129,0.0009,0.02
423,0.0002,292.4,0.0,100.0,200.0,424.0,150.0,114.0,192.4,92.4,131.6,178.4,0.3716,0.9419,0.0005,0.009,0.0232,0.0142
424,0.0002,292.4,0.0,100.0,200.0,425.0,146.0,115.0,192.4,92.4,132.6,177.4,0.374,0.9332,0.0068,0.0108,0.0378,0.0153
425,0.0002,292.4,0.0,100.0,200.0,426.0,142.0,116.0,192.4,92.4,133.6,176.4,0.3763,0.9245,0.0114,0.012,0.0329,0.0146
426,0.0002,292.4,0.0,100.0,200.0,427.0,140.0,117.0,192.4,92.4,134.6,175.4,0.3787,0.916,0.0091,0.0112,0.0292,0.0136
427,0.0002,292.4,0.0,100.0,200.0,428.0,140.0,118.0,192.4,92.4,135.6,174.4,0.381,0.9074,0.0033,0.0076,0.0256,0.0059
428,0.0002,292.4,0.0,100.0,200.0,429.0,141.0,119.0,192.4,92.4,136.6,173.4,0.3833,0.899,0.0074,0.0063,0.0255,0.0013
429,0.0002,292.4,0.0,100.0,200.0,430.0,144.0,120.0,192.4,92.4,137.6,172.4,0.3857,0.8906,0.0032,0.0091,0.0,0.0094
430,0.0002,292.4,0.0,100.0,200.0,431.0,148.0,121.0,192.4,92.4,138.6,171.4,0.388,0.8823,0.0101,0.0109,0.0287,0.0197
431,0.0002,292.4,0.0,100.0,200.0,432.0,148.0,122.0,192.4,92.4,139.6,170.4,0.3903,0.8741,0.0169,0.0126,0.046,0.02
432,0.0002,292.4,0.0,100.0,200.0,433.0,146.0,123.0,192.4,92.4,140.6,169.4,0.3926,0.8659,0.0287,0.0158,0.0635,0.0255
433,0.0002,292.4,0.0,100.0,200.0,434.0,144.0,124.0,192.4,92.4,141.6,168.4,0.3949,0.8578,0.0322,0.0167,0.0701,0.0314
434,0.0002,292.4,0.0,100.0,200.0,435.0,147.0,125.0,192.4,92.4,142.6,167.4,0.3972,0.8498,0.0312,0.0164,0.0436,0.0325
435,0.0002,292.4,0.0,100.0,200.0,436.0,152.0,126.0,192.4,92.4,143.6,166.4,0.3995,0.8418,0.0377,0.0181,0.0368,0.0406
436,0.0002,292.4,0.0,100.0,200.0,437.0,156.0,127.0,192.4,92.4,144.6,165.4,0.4018,0.8339,0.0427,0.0195,0.0418,0.0467
437,0.0002,292.4,0.0,100.0,200.0,438.0,161.0,128.0,192.4,92.4,145.6,164.4,0.4041,0.8261,0.0529,0.0224,0.0483,0.0469
438,0.0002,292.4,0.0,100.0,200.0,439.0,165.0,129.0,192.4,92.4,146.6,163.4,0.4064,0.8183,0.056,0.0232,0.0569,0.0491
439,0.0002,292.4,0.0,100.0,200.0,440.0,168.0,130.0,192.4,92.4,147.6,162.4,0.4086,0.8106,0.0601,0.0243,0.0671,0.0577
440,0.0002,292.4,0.0,100.0,200.0,441.0,171.0,131.0,192.4,92.4,148.6,161.4,0.4109,0.8029,0.0672,0.0264,0.0723,0.0601
441,0.0002,292.4,0.0,100.0,200.0,442.0,173.0,132.0,192.4,92.4,149.6,160.4,0.4132,0.7953,0.0665,0.0261,0.0734,0.0574
442,0.0002,292.4,0.0,100.0,200.0,443.0,177.0,133.0,192.4,92.4,150.6,159.4,0.4154,0.7878,0.0576,0.0234,0.0465,0.0523
443,0.0002,292.4,0.0,100.0,200.0,444.0,179.0,134.0,192.4,92.4,151.6,158.4,0.4177,0.7803,0.0567,0.0231,0.0387,0.0525
444,0.0002,292.4,0.0,100.0,200.0,445.0,185.0,135.0,192.4,92.4,152.6,157.4,0.4199,0.7729,0.0568,0.0231,0.05,0.0504
445,0.0002,292.4,0.0,100.0,200.0,446.0,184.0,136.0,192.4,92.4,153.6,156.4,0.4222,0.7655,0.0645,0.0253,0.0762,0.0522
446,0.0002,292.4,0.0,100.0,200.0,447.0,182.0,137.0,192.4,92.4,154.6,155.4,0.4244,0.7581,0.0686,0.0265,0.0811,0.056
447,0.0002,292.4,0.0,100.0,200.0,448.0,186.0,138.0,192.4,92.4,155.6,154.4,0.4267,0.7509,0.0643,0.0252,0.0641,0.0563
448,0.0002,292.4,0.0,100.0,200.0,449.0,187.0,139.0,192.4,92.4,156.6,153.4,0.4289,0.7437,0.0653,0.0254,0.0768,0.0586
449,0.0002,292.4,0.0,100.0,200.0,450.0,183.0,140.0,192.4,92.4,157.6,152.4,0.4311,0.7365,0.0625,0.0245,0.0832,0.0522
450,0.0002,292.4,0.0,100.0,200.0,451.0,187.0,141.0,192.4,92.4,158.6,151.4,0.4333,0.7294,0.0584,0.0232,0.0542,0.0459
451,0.0002,292.4,0.0,100.0,200.0,452.0,190.0,142.0,192.4,92.4,159.6,150.4,0.4356,0.7223,0.0635,0.0247,0.062,0.052
452,0.0002,292.4,0.0,100.0,200.0,453.0,189.0,143.0,192.4,92.4,160.6,149.4,0.4378,0.7153,0.0555,0.0222,0.0549,0.0326
453,0.0002,292.4,0.0,100.0,200.0,454.0,190.0,144.0,192.4,92.4,161.6,148.4,0.44,0.7083,0.0623,0.0242,0.0407,0.0254
454,0.0002,292.4,0.0,100.0,200.0,455.0,193.0,145.0,192.4,92.4,162.6,147.4,0.4422,0.7014,0.0593,0.0232,0.0402,0.0289
455,0.0002,292.4,0.0,100.0,200.0,456.0,189.0,146.0,192.4,92.4,163.6,146.4,0.4444,0.6945,0.0617,0.0239,0.0558,0.0259
456,0.0002,292.4,0.0,100.0,200.0,457.0,188.0,147.0,192.4,92.4,164.6,145.4,0.4466,0.6877,0.0584,0.0228,0.0509,0.0289
457,0.0002,292.4,0.0,100.0,200.0,458.0,184.0,148.0,192.4,92.4,165.6,144.4,0.4487,0.6809,0.0533,0.0211,0.0568,0.0254
458,0.0002,292.4,0.0,100.0,200.0,459.0,175.0,149.0,192.4,92.4,166.6,143.4,0.4509,0.6742,0.0485,0.0195,0.0664,0.0145
459,0.0002,292.4,0.0,100.0,200.0,460.0,167.0,150.0,192.4,92.4,167.6,142.4,0.4531,0.6675,0.0536,0.0211,0.0651,0.0148
460,0.0002,292.4,0.0,100.0,200.0,461.0,163.0,151.0,192.4,92.4,168.6,141.4,0.4553,0.6608,0.0418,0.0172,0.0537,0.0123
461,0.0002,292.4,0.0,100.0,200.0,462.0,160.0,152.0,192.4,92.4,169.6,140.4,0.4574,0.6542,0.0421,0.0172,0.05,0.0103
462,0.0002,292.4,0.0,100.0,200.0,463.0,157.0,153.0,192.4,92.4,170.6,139.4,0.4596,0.6477,0.0374,0.0156,0.0546,0.0193
463,0.0002,292.4,0.0,100.0,200.0,464.0,157.0,154.0,192.4,92.4,171.6,138.4,0.4618,0.6412,0.0337,0.0142,0.052,0.0247
464,0.0002,292.4,0.0,100.0,200.0,465.0,152.0,152.0,192.4,92.4,172.6,140.4,0.4639,0.6542,0.0532,0.0179,0.0825,0.0337
465,0.0002,292.4,0.0,100.0,200.0,466.0,148.0,148.0,192.4,92.4,173.6,144.4,0.4661,0.6809,0.0429,0.0162,0.0849,0.0343
466,0.0002,292.4,0.0,100.0,200.0,467.0,146.0,146.0,192.4,92.4,174.6,146.4,0.4682,0.6945,0.0314,0.0144,0.06,0.0227
467,0.0002,292.4,0.0,100.0,200.0,468.0,147.0,147.0,192.4,92.4,175.6,145.4,0.4703,0.6877,0.0205,0.0108,0.0371,0.0143
468,0.0002,292.4,0.0,100.0,200.0,469.0,150.0,148.0,192.4,92.4,176.6,144.4,0.4725,0.6809,0.0075,0.0066,0.0115,0.0014
469,0.0002,292.4,0.0,100.0,200.0,470.0,152.0,149.0,192.4,92.4,177.6,143.4,0.4746,0.6742,0.0056,0.0059,0.0093,0.0032
470,0.0002,292.4,0.0,100.0,200.0,471.0,155.0,150.0,192.4,92.4,178.6,142.4,0.4767,0.6675,0.0008,0.0042,0.006,0.0075
471,0.0002,292.4,0.0,100.0,200.0,472.0,157.0,151.0,192.4,92.4,179.6,141.4,0.4789,0.6608,0.0052,0.0055,0.0131,0.0049
472,0.0002,292.4,0.0,100.0,200.0,473.0,155.0,152.0,192.4,92.4,180.6,140.4,0.481,0.6542,0.0063,0.0057,0.0194,0.0137
473,0.0002,292.4,0.0,100.0,200.0,474.0,154.0,153.0,192.4,92.4,181.6,139.4,0.4831,0.6477,0.0001,0.0036,0.0052,0.0264
474,0.0002,292.4,0.0,100.0,200.0,475.0,152.0,152.0,192.4,92.4,182.6,140.4,0.4852,0.6542,0.0069,0.0065,0.0208,0.0134
475,0.0002,292.4,0.0,100.0,200.0,476.0,150.0,150.0,192.4,92.4,183.6,142.4,0.4873,0.6675,0.007,0.0085,0.0298,0.0066
476,0.0002,292.4,0.0,100.0,200.0,477.0,152.0,151.0,192.4,92.4,184.6,141.4,0.4894,0.6608,0.0071,0.0084,0.0032,0.015
477,0.0002,292.4,0.0,100.0,200.0,478.0,154.0,152.0,192.4,92.4,185.6,140.4,0.4915,0.6542,0.0021,0.0098,0.0111,0.0035
478,0.0002,292.4,0.0,100.0,200.0,479.0,151.0,151.0,192.4,92.4,186.6,141.4,0.4936,0.6608,0.0253,0.0131,0.0391,0.0041
479,0.0002,292.4,0.0,100.0,200.0,480.0,150.0,150.0,192.4,92.4,187.6,142.4,0.4957,0.6675,0.0399,0.0137,0.0271,0.0053
480,0.0002,292.4,0.0,100.0,200.0,481.0,149.0,149.0,192.4,92.4,188.6,143.4,0.4977,0.6742,0.0561,0.0124,0.0319,0.003
481,0.0002,292.4,0.0,100.0,200.0,482.0,147.0,147.0,192.4,92.4,189.6,145.4,0.4998,0.6877,0.0433,0.0124,0.0434,0.0087
482,0.0002,292.4,0.0,100.0,200.0,483.0,149.0,148.0,192.4,92.4,190.6,144.4,0.5019,0.6809,0.044,0.0125,0.027,0.0093
483,0.0002,292.4,0.0,100.0,200.0,484.0,150.0,149.0,192.4,92.4,191.6,143.4,0.504,0.6742,0.0454,0.0129,0.0254,0.002
484,0.0002,292.4,0.0,100.0,200.0,485.0,147.0,147.0,192.4,92.4,192.6,145.4,0.506,0.6877,0.0374,0.015,0.0469,0.0065
485,0.0002,292.4,0.0,100.0,200.0,486.0,145.0,145.0,192.4,92.4,193.6,147.4,0.5081,0.7014,0.0425,0.0154,0.0491,0.0053
486,0.0002,292.4,0.0,100.0,200.0,487.0,145.0,145.0,192.4,92.4,194.6,147.4,0.5101,0.7014,0.0319,0.0118,0.0184,0.0054
487,0.0002,292.4,0.0,100.0,200.0,488.0,146.0,146.0,192.4,92.4,195.6,146.4,0.5122,0.6945,0.026,0.0099,0.0194,0.0081
488,0.0002,292.4,0.0,100.0,200.0,489.0,147.0,147.0,192.4,92.4,196.6,145.4,0.5142,0.6877,0.0183,0.0075,0.0066,0.0155
489,0.0002,292.4,0.0,100.0,200.0,490.0,151.0,148.0,192.4,92.4,197.6,144.4,0.5163,0.6809,0.0204,0.0081,0.0143,0.0105
490,0.0002,292.4,0.0,100.0,200.0,491.0,155.0,149.0,192.4,92.4,198.6,143.4,0.5183,0.6742,0.0183,0.0073,0.0158,0.009
491,0.0002,292.4,0.0,100.0,200.0,492.0,159.0,150.0,192.4,92.4,199.6,142.4,0.5203,0.6675,0.0203,0.0078,0.0044,0.0026
492,0.0002,292.4,0.0,100.0,200.0,493.0,163.0,151.0,192.4,92.4,200.6,141.4,0.5224,0.6608,0.0167,0.0066,0.0033,0.0032
493,0.0002,292.4,0.0,100.0,200.0,494.0,168.0,152.0,192.4,92.4,201.6,140.4,0.5244,0.6542,0.0116,0.0049,0.0012,0.005
494,0.0002,292.4,0.0,100.0,200.0,495.0,170.0,153.0,192.4,92.4,202.6,139.4,0.5264,0.6477,0.018,0.0067,0.0141,0.0009
495,0.0002,292.4,0.0,100.0,200.0,496.0,175.0,154.0,192.4,92.4,203.6,138.4,0.5284,0.6412,0.0203,0.0073,0.0006,0.0029
496,0.0002,292.4,0.0,100.0,200.0,497.0,177.0,155.0,192.4,92.4,204.6,137.4,0.5305,0.6347,0.0184,0.0066,0.0039,0.01
497,0.0002,292.4,0.0,100.0,200.0,498.0,175.0,156.0,192.4,92.4,205.6,136.4,0.5325,0.6283,0.0074,0.0031,0.021,0.0072
498,0.0002,292.4,0.0,100.0,200.0,499.0,170.0,157.0,192.4,92.4,206.6,135.4,0.5345,0.6219,0.001,0.0003,0.0394,0.0021
499,0.0002,292.4,0.0,100.0,200.0,500.0,164.0,158.0,192.4,92.4,207.6,134.4,0.5365,0.6155,0.0087,0.0023,0.0529,0.0065
500,0.0002,292.4,0.0,100.0,200.0,501.0,163.0,159.0,192.4,92.4,208.6,133.4,0.5385,0.6092,0.0092,0.0026,0.0342,0.0053
501,0.0002,292.4,0.0,100.0,200.0,502.0,160.0,160.0,192.4,92.4,209.6,132.4,0.5405,0.603,0.0154,0.0047,0.0506,0.0121
502,0.0002,292.4,0.0,100.0,200.0,503.0,155.0,155.0,192.4,92.4,210.6,137.4,0.5425,0.6347,0.0156,0.0027,0.0455,0.001
503,0.0002,292.4,0.0,100.0,200.0,504.0,152.0,152.0,192.4,92.4,211.6,140.4,0.5444,0.6542,0.0135,0.0015,0.042,0.0013
504,0.0002,292.4,0.0,100.0,200.0,505.0,148.0,148.0,192.4,92.4,212.6,144.4,0.5464,0.6809,0.0197,0.002,0.0511,0.0002
505,0.0002,292.4,0.0,100.0,200.0,506.0,140.0,140.0,192.4,92.4,213.6,152.4,0.5484,0.7365,0.0137,0.0039,0.0708,0.0
506,0.0002,292.4,0.0,100.0,200.0,507.0,132.0,132.0,192.4,92.4,214.6,160.4,0.5504,0.7953,0.0087,0.0051,0.0897,0.0027
507,0.0002,292.4,0.0,100.0,200.0,508.0,128.0,128.0,192.4,92.4,215.6,164.4,0.5524,0.8261,0.0323,0.0047,0.0709,0.0035
508,0.0002,292.4,0.0,100.0,200.0,509.0,124.0,124.0,192.4,92.4,216.6,168.4,0.5543,0.8578,0.0258,0.0048,0.0631,0.0023
509,0.0002,292.4,0.0,100.0,200.0,510.0,123.0,123.0,192.4,92.4,217.6,169.4,0.5563,0.8659,0.0399,0.0054,0.055,0.0066
510,0.0002,292.4,0.0,100.0,200.0,511.0,122.0,122.0,192.4,92.4,218.6,170.4,0.5582,0.8741,0.0248,0.0033,0.0388,0.0081
511,0.0002,292.4,0.0,100.0,200.0,512.0,120.0,120.0,192.4,92.4,219.6,172.4,0.5602,0.8906,0.0331,0.0042,0.046,0.0068
512,0.0002,292.4,0.0,100.0,200.0,513.0,121.0,121.0,192.4,92.4,220.6,171.4,0.5621,0.8823,0.0342,0.0047,0.0295,0.0018
513,0.0002,292.4,0.0,100.0,200.0,514.0,121.0,121.0,192.4,92.4,221.6,171.4,0.5641,0.8823,0.0265,0.0038,0.0306,0.0022
514,0.0002,292.4,0.0,100.0,200.0,515.0,123.0,122.0,192.4,92.4,222.6,170.4,0.566,0.8741,0.0242,0.0034,0.0128,0.005
515,0.0002,292.4,0.0,100.0,200.0,516.0,128.0,123.0,192.4,92.4,223.6,169.4,0.568,0.8659,0.0155,0.0015,0.008,0.0087
516,0.0002,292.4,0.0,100.0,200.0,517.0,130.0,124.0,192.4,92.4,224.6,168.4,0.5699,0.8578,0.0195,0.0027,0.0152,0.0025
517,0.0002,292.4,0.0,100.0,200.0,518.0,133.0,125.0,192.4,92.4,225.6,167.4,0.5718,0.8498,0.0258,0.0044,0.0124,0.0008
518,0.0002,292.4,0.0,100.0,200.0,519.0,135.0,126.0,192.4,92.4,226.6,166.4,0.5738,0.8418,0.0205,0.0033,0.0158,0.0012
519,0.0002,292.4,0.0,100.0,200.0,520.0,134.0,127.0,192.4,92.4,227.6,165.4,0.5757,0.8339,0.0196,0.0033,0.0376,0.0012
520,0.0002,292.4,0.0,100.0,200.0,521.0,135.0,128.0,192.4,92.4,228.6,164.4,0.5776,0.8261,0.0134,0.0019,0.0299,0.0017
521,0.0002,292.4,0.0,100.0,200.0,522.0,134.0,129.0,192.4,92.4,229.6,163.4,0.5795,0.8183,0.0079,0.0007,0.0468,0.011
522,0.0002,292.4,0.0,100.0,200.0,523.0,135.0,130.0,192.4,92.4,230.6,162.4,0.5815,0.8106,0.0026,0.0004,0.0322,0.0065
523,0.0002,292.4,0.0,100.0,200.0,524.0,134.0,131.0,192.4,92.4,231.6,161.4,0.5834,0.8029,0.0103,0.0016,0.0378,0.0027
524,0.0002,292.4,0.0,100.0,200.0,525.0,132.0,132.0,192.4,92.4,232.6,160.4,0.5853,0.7953,0.0111,0.002,0.0282,0.0148
525,0.0002,292.4,0.0,100.0,200.0,526.0,132.0,132.0,192.4,92.4,233.6,160.4,0.5872,0.7953,0.0131,0.0033,0.0172,0.0179
526,0.0002,292.4,0.0,100.0,200.0,527.0,132.0,132.0,192.4,92.4,234.6,160.4,0.5891,0.7953,0.0127,0.0043,0.0148,0.0172
527,0.0002,292.4,0.0,100.0,200.0,528.0,132.0,132.0,192.4,92.4,235.6,160.4,0.591,0.7953,0.0251,0.0043,0.0304,0.0076
528,0.0002,292.4,0.0,100.0,200.0,529.0,130.0,130.0,192.4,92.4,236.6,162.4,0.5929,0.8106,0.0197,0.0016,0.0502,0.0023
529,0.0002,292.4,0.0,100.0,200.0,530.0,129.0,129.0,192.4,92.4,237.6,163.4,0.5947,0.8183,0.0103,0.0021,0.0582,0.0191
530,0.0002,292.4,0.0,100.0,200.0,531.0,131.0,130.0,192.4,92.4,238.6,162.4,0.5966,0.8106,0.0037,0.0004,0.0414,0.0251
531,0.0002,292.4,0.0,100.0,200.0,532.0,135.0,131.0,192.4,92.4,239.6,161.4,0.5985,0.8029,0.0031,0.0001,0.0324,0.0292
532,0.0002,292.4,0.0,100.0,200.0,533.0,137.0,132.0,192.4,92.4,240.6,160.4,0.6004,0.7953,0.0032,0.0016,0.0094,0.0265
533,0.0002,292.4,0.0,100.0,200.0,534.0,138.0,133.0,192.4,92.4,241.6,159.4,0.6023,0.7878,0.0092,0.0033,0.0033,0.0234
534,0.0002,292.4,0.0,100.0,200.0,535.0,141.0,134.0,192.4,92.4,242.6,158.4,0.6041,0.7803,0.0114,0.004,0.0053,0.0091
535,0.0002,292.4,0.0,100.0,200.0,536.0,142.0,135.0,192.4,92.4,243.6,157.4,0.606,0.7729,0.0235,0.0072,0.0303,0.0068
536,0.0002,292.4,0.0,100.0,200.0,537.0,142.0,136.0,192.4,92.4,244.6,156.4,0.6079,0.7655,0.0209,0.0067,0.0337,0.006
537,0.0002,292.4,0.0,100.0,200.0,538.0,140.0,137.0,192.4,92.4,245.6,155.4,0.6097,0.7581,0.0292,0.009,0.0587,0.0152
538,0.0002,292.4,0.0,100.0,200.0,539.0,136.0,136.0,192.4,92.4,246.6,156.4,0.6116,0.7655,0.0395,0.0095,0.0652,0.0142
539,0.0002,292.4,0.0,100.0,200.0,540.0,132.0,132.0,192.4,92.4,247.6,160.4,0.6134,0.7953,0.0615,0.0112,0.0793,0.0161
540,0.0002,292.4,0.0,100.0,200.0,541.0,127.0,127.0,192.4,92.4,248.6,165.4,0.6153,0.8339,0.0342,0.0101,0.0827,0.0152
541,0.0002,292.4,0.0,100.0,200.0,542.0,124.0,124.0,192.4,92.4,249.6,168.4,0.6171,0.8578,0.0061,0.0088,0.0747,0.0106
542,0.0002,292.4,0.0,100.0,200.0,543.0,123.0,123.0,192.4,92.4,250.6,169.4,0.619,0.8659,0.0254,0.0078,0.0578,0.0156
543,0.0002,292.4,0.0,100.0,200.0,544.0,123.0,123.0,192.4,92.4,251.6,169.4,0.6208,0.8659,0.0122,0.0081,0.058,0.0197
544,0.0002,292.4,0.0,100.0,200.0,545.0,121.0,121.0,192.4,92.4,252.6,171.4,0.6227,0.8823,0.0023,0.0113,0.0751,0.0226
545,0.0002,292.4,0.0,100.0,200.0,546.0,117.0,117.0,192.4,92.4,253.6,175.4,0.6245,0.916,0.0001,0.0134,0.097,0.0204
546,0.0002,292.4,0.0,100.0,200.0,547.0,113.0,113.0,192.4,92.4,254.6,179.4,0.6263,0.9507,0.0393,0.0128,0.0991,0.019
547,0.0002,292.4,0.0,100.0,200.0,548.0,110.0,110.0,192.4,92.4,255.6,182.4,0.6281,0.9776,0.0715,0.0141,0.1002,0.0281
548,0.0002,292.4,0.0,100.0,200.0,549.0,107.0,107.0,192.4,92.4,256.6,185.4,0.63,1.0053,0.0956,0.0148,0.1057,0.0244
549,0.0002,292.4,0.0,100.0,200.0,550.0,104.0,104.0,192.4,92.4,257.6,188.4,0.6318,1.0337,0.0938,0.0141,0.0976,0.0172
550,0.0002,292.4,0.0,100.0,200.0,551.0,104.0,104.0,192.4,92.4,258.6,188.4,0.6336,1.0337,0.0798,0.0104,0.0715,0.0187
551,0.0002,292.4,0.0,100.0,200.0,552.0,103.0,103.0,192.4,92.4,259.6,189.4,0.6354,1.0434,0.085,0.0119,0.0871,0.0226
552,0.0002,292.4,0.0,100.0,200.0,553.0,102.0,102.0,192.4,92.4,260.6,190.4,0.6372,1.0532,0.0736,0.0113,0.0724,0.0187
553,0.0002,292.4,0.0,100.0,200.0,554.0,102.0,102.0,192.4,92.4,261.6,190.4,0.639,1.0532,0.0872,0.0125,0.0887,0.034
554,0.0002,292.4,0.0,100.0,200.0,555.0,101.0,101.0,192.4,92.4,262.6,191.4,0.6408,1.063,0.0992,0.0147,0.0966,0.0382
555,0.0002,292.4,0.0,100.0,200.0,556.0,100.0,100.0,192.4,92.4,263.6,192.4,0.6426,1.073,0.1043,0.0155,0.1043,0.0343
556,0.0002,292.4,0.0,100.0,200.0,557.0,99.0,99.0,192.4,92.4,264.6,193.4,0.6444,1.083,0.097,0.0162,0.1029,0.036
557,0.0002,292.4,0.0,100.0,200.0,558.0,97.0,97.0,192.4,92.4,265.6,195.4,0.6462,1.1034,0.0878,0.0171,0.1006,0.0319
558,0.0002,292.4,0.0,100.0,200.0,559.0,96.0,96.0,192.4,92.4,266.6,196.4,0.648,1.1138,0.0778,0.0164,0.0892,0.0214
559,0.0002,292.4,0.0,100.0,200.0,560.0,95.0,95.0,192.4,92.4,267.6,197.4,0.6498,1.1243,0.0953,0.0171,0.1006,0.0277
560,0.0002,292.4,0.0,100.0,200.0,561.0,94.0,94.0,192.4,92.4,268.6,198.4,0.6516,1.1348,0.1027,0.0209,0.1042,0.0352
561,0.0002,292.4,0.0,100.0,200.0,562.0,94.0,94.0,192.4,92.4,269.6,198.4,0.6534,1.1348,0.0807,0.0201,0.1001,0.0351
562,0.0002,292.4,0.0,100.0,200.0,563.0,93.0,93.0,192.4,92.4,270.6,199.4,0.6552,1.1455,0.0535,0.0194,0.0889,0.0271
563,0.0002,292.4,0.0,100.0,200.0,564.0,93.0,93.0,192.4,92.4,271.6,199.4,0.6569,1.1455,0.0615,0.0221,0.0982,0.0331
564,0.0002,292.4,0.0,100.0,200.0,565.0,91.0,91.0,192.4,92.4,272.6,201.4,0.6587,1.1673,0.0697,0.0235,0.1231,0.0303
565,0.0002,292.4,0.0,100.0,200.0,566.0,89.0,89.0,192.4,92.4,273.6,203.4,0.6605,1.1895,0.1054,0.0245,0.121,0.028
566,0.0002,292.4,0.0,100.0,200.0,567.0,88.0,88.0,192.4,92.4,274.6,204.4,0.6622,1.2008,0.127,0.0235,0.1068,0.0334
567,0.0002,292.4,0.0,100.0,200.0,568.0,88.0,88.0,192.4,92.4,275.6,204.4,0.664,1.2008,0.1344,0.0241,0.0938,0.0384
568,0.0002,292.4,0.0,100.0,200.0,569.0,90.0,89.0,192.4,92.4,276.6,203.4,0.6658,1.1895,0.1224,0.0226,0.0656,0.037
569,0.0002,292.4,0.0,100.0,200.0,570.0,91.0,90.0,192.4,92.4,277.6,202.4,0.6675,1.1783,0.1296,0.0241,0.0708,0.0407
570,0.0002,292.4,0.0,100.0,200.0,571.0,93.0,91.0,192.4,92.4,278.6,201.4,0.6693,1.1673,0.119,0.0227,0.0554,0.0347
571,0.0002,292.4,0.0,100.0,200.0,572.0,95.0,92.0,192.4,92.4,279.6,200.4,0.671,1.1563,0.1179,0.0229,0.0623,0.0346
572,0.0002,292.4,0.0,100.0,200.0,573.0,96.0,93.0,192.4,92.4,280.6,199.4,0.6728,1.1455,0.1208,0.0237,0.0681,0.0343
573,0.0002,292.4,0.0,100.0,200.0,574.0,98.0,94.0,192.4,92.4,281.6,198.4,0.6745,1.1348,0.1109,0.0224,0.0506,0.0327
574,0.0002,292.4,0.0,100.0,200.0,575.0,100.0,95.0,192.4,92.4,282.6,197.4,0.6762,1.1243,0.1015,0.0212,0.0573,0.0283
575,0.0002,292.4,0.0,100.0,200.0,576.0,101.0,96.0,192.4,92.4,283.6,196.4,0.678,1.1138,0.0947,0.0203,0.0626,0.0264
576,0.0002,292.4,0.0,100.0,200.0,577.0,102.0,97.0,192.4,92.4,284.6,195.4,0.6797,1.1034,0.0952,0.0207,0.0641,0.0404
577,0.0002,292.4,0.0,100.0,200.0,578.0,104.0,98.0,192.4,92.4,285.6,194.4,0.6814,1.0932,0.0838,0.0191,0.0614,0.0352
578,0.0002,292.4,0.0,100.0,200.0,579.0,104.0,99.0,192.4,92.4,286.6,193.4,0.6832,1.083,0.0711,0.0172,0.0666,0.0238
579,0.0002,292.4,0.0,100.0,200.0,580.0,105.0,100.0,192.4,92.4,287.6,192.4,0.6849,1.073,0.0737,0.0179,0.0737,0.0333
580,0.0002,292.4,0.0,100.0,200.0,581.0,105.0,101.0,192.4,92.4,288.6,191.4,0.6866,1.063,0.0721,0.0179,0.0671,0.0276
581,0.0002,292.4,0.0,100.0,200.0,582.0,105.0,102.0,192.4,92.4,289.6,190.4,0.6883,1.0532,0.0864,0.0206,0.0835,0.03
582,0.0002,292.4,0.0,100.0,200.0,583.0,105.0,103.0,192.4,92.4,290.6,189.4,0.6901,1.0434,0.0924,0.022,0.092,0.0425
583,0.0002,292.4,0.0,100.0,200.0,584.0,105.0,104.0,192.4,92.4,291.6,188.4,0.6918,1.0337,0.0824,0.0205,0.0851,0.0399
584,0.0002,292.4,0.0,100.0,200.0,585.0,103.0,103.0,192.4,92.4,292.6,189.4,0.6935,1.0434,0.0881,0.0223,0.1061,0.0396
585,0.0002,292.4,0.0,100.0,200.0,586.0,102.0,102.0,192.4,92.4,293.6,190.4,0.6952,1.0532,0.0899,0.0219,0.1059,0.0384
586,0.0002,292.4,0.0,100.0,200.0,587.0,102.0,102.0,192.4,92.4,294.6,190.4,0.6969,1.0532,0.1015,0.0221,0.0898,0.0457
587,0.0002,292.4,0.0,100.0,200.0,588.0,103.0,103.0,192.4,92.4,295.6,189.4,0.6986,1.0434,0.0847,0.0195,0.0653,0.033
588,0.0002,292.4,0.0,100.0,200.0,589.0,105.0,104.0,192.4,92.4,296.6,188.4,0.7003,1.0337,0.0828,0.0194,0.0533,0.0334
589,0.0002,292.4,0.0,100.0,200.0,590.0,107.0,105.0,192.4,92.4,297.6,187.4,0.702,1.0242,0.1001,0.0227,0.0756,0.055
590,0.0002,292.4,0.0,100.0,200.0,591.0,109.0,106.0,192.4,92.4,298.6,186.4,0.7037,1.0147,0.1033,0.0236,0.0771,0.0564
591,0.0002,292.4,0.0,100.0,200.0,592.0,110.0,107.0,192.4,92.4,299.6,185.4,0.7054,1.0053,0.0986,0.0231,0.0764,0.046
592,0.0002,292.4,0.0,100.0,200.0,593.0,112.0,108.0,192.4,92.4,300.6,184.4,0.7071,0.996,0.0923,0.0222,0.0654,0.0411
593,0.0002,292.4,0.0,100.0,200.0,594.0,114.0,109.0,192.4,92.4,301.6,183.4,0.7088,0.9868,0.0873,0.0216,0.0535,0.0374
594,0.0002,292.4,0.0,100.0,200.0,595.0,116.0,110.0,192.4,92.4,302.6,182.4,0.7104,0.9776,0.0752,0.0196,0.051,0.0284
595,0.0002,292.4,0.0,100.0,200.0,596.0,118.0,111.0,192.4,92.4,303.6,181.4,0.7121,0.9686,0.0724,0.0193,0.0525,0.0359
596,0.0002,292.4,0.0,100.0,200.0,597.0,120.0,112.0,192.4,92.4,304.6,180.4,0.7138,0.9596,0.0889,0.0227,0.069,0.0465
597,0.0002,292.4,0.0,100.0,200.0,598.0,123.0,113.0,192.4,92.4,305.6,179.4,0.7155,0.9507,0.094,0.0239,0.0588,0.0499
598,0.0002,292.4,0.0,100.0,200.0,599.0,127.0,114.0,192.4,92.4,306.6,178.4,0.7171,0.9419,0.0915,0.0237,0.0438,0.0516
599,0.0002,292.4,0.0,100.0,200.0,600.0,129.0,115.0,192.4,92.4,307.6,177.4,0.7188,0.9332,0.0969,0.025,0.0388,0.0558
600,0.0002,292.4,0.0,100.0,200.0,601.0,132.0,116.0,192.4,92.4,308.6,176.4,0.7205,0.9245,0.0932,0.0246,0.0347,0.0445
601,0.0002,292.4,0.0,100.0,200.0,602.0,133.0,117.0,192.4,92.4,309.6,175.4,0.7221,0.916,0.0902,0.0243,0.0223,0.0465
602,0.0002,292.4,0.0,100.0,200.0,603.0,134.0,118.0,192.4,92.4,310.6,174.4,0.7238,0.9074,0.076,0.0218,0.0168,0.0412
603,0.0002,292.4,0.0,100.0,200.0,604.0,137.0,119.0,192.4,92.4,311.6,173.4,0.7254,0.899,0.0814,0.0231,0.0313,0.0467
604,0.0002,292.4,0.0,100.0,200.0,605.0,139.0,120.0,192.4,92.4,312.6,172.4,0.7271,0.8906,0.091,0.0252,0.0417,0.0564
605,0.0002,292.4,0.0,100.0,200.0,606.0,140.0,121.0,192.4,92.4,313.6,171.4,0.7288,0.8823,0.1008,0.0275,0.0457,0.0683
606,0.0002,292.4,0.0,100.0,200.0,607.0,140.0,122.0,192.4,92.4,314.6,170.4,0.7304,0.8741,0.1041,0.0284,0.0455,0.0776
607,0.0002,292.4,0.0,100.0,200.0,608.0,141.0,123.0,192.4,92.4,315.6,169.4,0.732,0.8659,0.0994,0.0277,0.0434,0.0671
608,0.0002,292.4,0.0,100.0,200.0,609.0,143.0,124.0,192.4,92.4,316.6,168.4,0.7337,0.8578,0.1,0.0282,0.0451,0.0641
609,0.0002,292.4,0.0,100.0,200.0,610.0,145.0,125.0,192.4,92.4,317.6,167.4,0.7353,0.8498,0.1049,0.0294,0.0499,0.0625
610,0.0002,292.4,0.0,100.0,200.0,611.0,149.0,126.0,192.4,92.4,318.6,166.4,0.737,0.8418,0.1131,0.0314,0.0727,0.0657
611,0.0002,292.4,0.0,100.0,200.0,612.0,154.0,127.0,192.4,92.4,319.6,165.4,0.7386,0.8339,0.1143,0.0319,0.0716,0.0688
612,0.0002,292.4,0.0,100.0,200.0,613.0,158.0,128.0,192.4,92.4,320.6,164.4,0.7402,0.8261,0.1087,0.0311,0.064,0.0567
613,0.0002,292.4,0.0,100.0,200.0,614.0,162.0,129.0,192.4,92.4,321.6,163.4,0.7419,0.8183,0.0994,0.0294,0.0584,0.0545
614,0.0002,292.4,0.0,100.0,200.0,615.0,166.0,130.0,192.4,92.4,322.6,162.4,0.7435,0.8106,0.0893,0.0275,0.0486,0.0407
615,0.0002,292.4,0.0,100.0,200.0,616.0,167.0,131.0,192.4,92.4,323.6,161.4,0.7451,0.8029,0.0833,0.0265,0.0523,0.0322
616,0.0002,292.4,0.0,100.0,200.0,617.0,168.0,132.0,192.4,92.4,324.6,160.4,0.7467,0.7953,0.0806,0.0262,0.0443,0.0246
617,0.0002,292.4,0.0,100.0,200.0,618.0,169.0,133.0,192.4,92.4,325.6,159.4,0.7484,0.7878,0.0849,0.0274,0.0428,0.0252
618,0.0002,292.4,0.0,100.0,200.0,619.0,169.0,134.0,192.4,92.4,326.6,158.4,0.75,0.7803,0.0821,0.027,0.0463,0.0253
619,0.0002,292.4,0.0,100.0,200.0,620.0,169.0,135.0,192.4,92.4,327.6,157.4,0.7516,0.7729,0.0707,0.0248,0.0327,0.0075
620,0.0002,292.4,0.0,100.0,200.0,621.0,168.0,136.0,192.4,92.4,328.6,156.4,0.7532,0.7655,0.0696,0.0248,0.0395,0.0148
621,0.0002,292.4,0.0,100.0,200.0,622.0,166.0,137.0,192.4,92.4,329.6,155.4,0.7548,0.7581,0.0639,0.0237,0.0393,0.0063
622,0.0002,292.4,0.0,100.0,200.0,623.0,164.0,138.0,192.4,92.4,330.6,154.4,0.7564,0.7509,0.0636,0.0239,0.0464,0.0171
623,0.0002,292.4,0.0,100.0,200.0,624.0,164.0,139.0,192.4,92.4,331.6,153.4,0.758,0.7437,0.0599,0.0233,0.0319,0.007
624,0.0002,292.4,0.0,100.0,200.0,625.0,164.0,140.0,192.4,92.4,332.6,152.4,0.7596,0.7365,0.0663,0.0249,0.0402,0.016
625,0.0002,292.4,0.0,100.0,200.0,626.0,164.0,141.0,192.4,92.4,333.6,151.4,0.7612,0.7294,0.0751,0.0271,0.0476,0.0252
626,0.0002,292.4,0.0,100.0,200.0,627.0,164.0,142.0,192.4,92.4,334.6,150.4,0.7628,0.7223,0.0817,0.0289,0.0527,0.029
627,0.0002,292.4,0.0,100.0,200.0,628.0,160.0,143.0,192.4,92.4,335.6,149.4,0.7644,0.7153,0.095,0.0321,0.0734,0.0315
628,0.0002,292.4,0.0,100.0,200.0,629.0,154.0,144.0,192.4,92.4,336.6,148.4,0.766,0.7083,0.0885,0.0309,0.08,0.0249
629,0.0002,292.4,0.0,100.0,200.0,630.0,148.0,145.0,192.4,92.4,337.6,147.4,0.7676,0.7014,0.0717,0.0273,0.0771,0.0194
630,0.0002,292.4,0.0,100.0,200.0,631.0,145.0,145.0,192.4,92.4,338.6,147.4,0.7692,0.7014,0.0753,0.0278,0.0709,0.0248
631,0.0002,292.4,0.0,100.0,200.0,632.0,142.0,142.0,192.4,92.4,339.6,150.4,0.7708,0.7223,0.0596,0.0292,0.0784,0.033
632,0.0002,292.4,0.0,100.0,200.0,633.0,142.0,142.0,192.4,92.4,340.6,150.4,0.7723,0.7223,0.0552,0.0288,0.0668,0.0387
633,0.0002,292.4,0.0,100.0,200.0,634.0,145.0,143.0,192.4,92.4,341.6,149.4,0.7739,0.7153,0.0439,0.0264,0.0431,0.0332
634,0.0002,292.4,0.0,100.0,200.0,635.0,149.0,144.0,192.4,92.4,342.6,148.4,0.7755,0.7083,0.0431,0.0264,0.0395,0.0324
635,0.0002,292.4,0.0,100.0,200.0,636.0,150.0,145.0,192.4,92.4,343.6,147.4,0.7771,0.7014,0.0342,0.0245,0.0104,0.0304
636,0.0002,292.4,0.0,100.0,200.0,637.0,152.0,146.0,192.4,92.4,344.6,146.4,0.7786,0.6945,0.0342,0.0247,0.0141,0.0339
637,0.0002,292.4,0.0,100.0,200.0,638.0,149.0,147.0,192.4,92.4,345.6,145.4,0.7802,0.6877,0.0326,0.0245,0.0005,0.0396
638,0.0002,292.4,0.0,100.0,200.0,639.0,148.0,148.0,192.4,92.4,346.6,144.4,0.7818,0.6809,0.0428,0.0271,0.0139,0.0496
639,0.0002,292.4,0.0,100.0,200.0,640.0,144.0,144.0,192.4,92.4,347.6,148.4,0.7833,0.7083,0.0446,0.0267,0.0024,0.0509
640,0.0002,292.4,0.0,100.0,200.0,641.0,142.0,142.0,192.4,92.4,348.6,150.4,0.7849,0.7223,0.0289,0.0283,0.0185,0.0606
641,0.0002,292.4,0.0,100.0,200.0,642.0,142.0,142.0,192.4,92.4,349.6,150.4,0.7865,0.7223,0.0279,0.0301,0.037,0.0658
642,0.0002,292.4,0.0,100.0,200.0,643.0,146.0,143.0,192.4,92.4,350.6,149.4,0.788,0.7153,0.0389,0.0327,0.0587,0.0683
643,0.0002,292.4,0.0,100.0,200.0,644.0,148.0,144.0,192.4,92.4,351.6,148.4,0.7896,0.7083,0.0347,0.0319,0.0521,0.0651
644,0.0002,292.4,0.0,100.0,200.0,645.0,146.0,145.0,192.4,92.4,352.6,147.4,0.7911,0.7014,0.0189,0.0285,0.0132,0.0542
645,0.0002,292.4,0.0,100.0,200.0,646.0,142.0,142.0,192.4,92.4,353.6,150.4,0.7927,0.7223,0.0293,0.0297,0.0098,0.0634
646,0.0002,292.4,0.0,100.0,200.0,647.0,138.0,138.0,192.4,92.4,354.6,154.4,0.7942,0.7509,0.0226,0.0303,0.0169,0.068
647,0.0002,292.4,0.0,100.0,200.0,648.0,135.0,135.0,192.4,92.4,355.6,157.4,0.7958,0.7729,0.0286,0.031,0.0144,0.0673
648,0.0002,292.4,0.0,100.0,200.0,649.0,131.0,131.0,192.4,92.4,356.6,161.4,0.7973,0.8029,0.0302,0.0305,0.0068,0.0663
649,0.0002,292.4,0.0,100.0,200.0,650.0,128.0,128.0,192.4,92.4,357.6,164.4,0.7988,0.8261,0.0405,0.0291,0.0021,0.0599
650,0.0002,292.4,0.0,100.0,200.0,651.0,128.0,128.0,192.4,92.4,358.6,164.4,0.8004,0.8261,0.0464,0.0294,0.0236,0.0576
651,0.0002,292.4,0.0,100.0,200.0,652.0,127.0,127.0,192.4,92.4,359.6,165.4,0.8019,0.8339,0.0412,0.0301,0.0201,0.0636
652,0.0002,292.4,0.0,100.0,200.0,653.0,128.0,128.0,192.4,92.4,360.6,164.4,0.8034,0.8261,0.0552,0.033,0.0424,0.0674
653,0.0002,292.4,0.0,100.0,200.0,654.0,128.0,128.0,192.4,92.4,361.6,164.4,0.805,0.8261,0.046,0.0322,0.0304,0.0696
654,0.0002,292.4,0.0,100.0,200.0,655.0,126.0,126.0,192.4,92.4,362.6,166.4,0.8065,0.8418,0.055,0.0322,0.0183,0.0674
655,0.0002,292.4,0.0,100.0,200.0,656.0,125.0,125.0,192.4,92.4,363.6,167.4,0.808,0.8498,0.0798,0.0351,0.033,0.0786
656,0.0002,292.4,0.0,100.0,200.0,657.0,124.0,124.0,192.4,92.4,364.6,168.4,0.8096,0.8578,0.0829,0.0371,0.0422,0.0825
657,0.0002,292.4,0.0,100.0,200.0,658.0,124.0,124.0,192.4,92.4,365.6,168.4,0.8111,0.8578,0.0846,0.0387,0.0477,0.0841
658,0.0002,292.4,0.0,100.0,200.0,659.0,125.0,125.0,192.4,92.4,366.6,167.4,0.8126,0.8498,0.0877,0.0395,0.0572,0.0832
659,0.0002,292.4,0.0,100.0,200.0,660.0,126.0,126.0,192.4,92.4,367.6,166.4,0.8141,0.8418,0.0943,0.041,0.0633,0.0919
660,0.0002,292.4,0.0,100.0,200.0,661.0,125.0,125.0,192.4,92.4,368.6,167.4,0.8156,0.8498,0.0735,0.04,0.0349,0.0796
661,0.0002,292.4,0.0,100.0,200.0,662.0,125.0,125.0,192.4,92.4,369.6,167.4,0.8171,0.8498,0.084,0.0416,0.0497,0.0849
662,0.0002,292.4,0.0,100.0,200.0,663.0,126.0,126.0,192.4,92.4,370.6,166.4,0.8186,0.8418,0.0875,0.0425,0.0595,0.0842
663,0.0002,292.4,0.0,100.0,200.0,664.0,127.0,127.0,192.4,92.4,371.6,165.4,0.8202,0.8339,0.0953,0.0442,0.0557,0.0869
664,0.0002,292.4,0.0,100.0,200.0,665.0,125.0,125.0,192.4,92.4,372.6,167.4,0.8217,0.8498,0.0741,0.0433,0.042,0.0926
665,0.0002,292.4,0.0,100.0,200.0,666.0,123.0,123.0,192.4,92.4,373.6,169.4,0.8232,0.8659,0.0953,0.0441,0.0415,0.0912
666,0.0002,292.4,0.0,100.0,200.0,667.0,123.0,123.0,192.4,92.4,374.6,169.4,0.8247,0.8659,0.0948,0.0442,0.0482,0.0875
667,0.0002,292.4,0.0,100.0,200.0,668.0,123.0,123.0,192.4,92.4,375.6,169.4,0.8262,0.8659,0.0772,0.0435,0.0402,0.077
668,0.0002,292.4,0.0,100.0,200.0,669.0,125.0,124.0,192.4,92.4,376.6,168.4,0.8277,0.8578,0.0769,0.0436,0.0498,0.0677
669,0.0002,292.4,0.0,100.0,200.0,670.0,126.0,125.0,192.4,92.4,377.6,167.4,0.8291,0.8498,0.0776,0.044,0.0436,0.0672
670,0.0002,292.4,0.0,100.0,200.0,671.0,129.0,126.0,192.4,92.4,378.6,166.4,0.8306,0.8418,0.0712,0.043,0.0446,0.06
671,0.0002,292.4,0.0,100.0,200.0,672.0,130.0,127.0,192.4,92.4,379.6,165.4,0.8321,0.8339,0.0679,0.0426,0.0409,0.0616
672,0.0002,292.4,0.0,100.0,200.0,673.0,131.0,128.0,192.4,92.4,380.6,164.4,0.8336,0.8261,0.0666,0.0425,0.036,0.062
673,0.0002,292.4,0.0,100.0,200.0,674.0,134.0,129.0,192.4,92.4,381.6,163.4,0.8351,0.8183,0.0693,0.0433,0.0482,0.0594
674,0.0002,292.4,0.0,100.0,200.0,675.0,137.0,130.0,192.4,92.4,382.6,162.4,0.8366,0.8106,0.0677,0.0431,0.0545,0.0659
675,0.0002,292.4,0.0,100.0,200.0,676.0,141.0,131.0,192.4,92.4,383.6,161.4,0.8381,0.8029,0.0729,0.0443,0.0675,0.075
676,0.0002,292.4,0.0,100.0,200.0,677.0,143.0,132.0,192.4,92.4,384.6,160.4,0.8395,0.7953,0.0612,0.0423,0.0512,0.0676
677,0.0002,292.4,0.0,100.0,200.0,678.0,146.0,133.0,192.4,92.4,385.6,159.4,0.841,0.7878,0.0588,0.042,0.0589,0.0701
678,0.0002,292.4,0.0,100.0,200.0,679.0,149.0,134.0,192.4,92.4,386.6,158.4,0.8425,0.7803,0.0552,0.0415,0.0663,0.0765
679,0.0002,292.4,0.0,100.0,200.0,680.0,152.0,135.0,192.4,92.4,387.6,157.4,0.844,0.7729,0.0597,0.0425,0.0696,0.0816
680,0.0002,292.4,0.0,100.0,200.0,681.0,156.0,136.0,192.4,92.4,388.6,156.4,0.8454,0.7655,0.0611,0.043,0.0729,0.08
681,0.0002,292.4,0.0,100.0,200.0,682.0,156.0,137.0,192.4,92.4,389.6,155.4,0.8469,0.7581,0.0559,0.0421,0.0508,0.0772
682,0.0002,292.4,0.0,100.0,200.0,683.0,156.0,138.0,192.4,92.4,390.6,154.4,0.8484,0.7509,0.0698,0.0451,0.0635,0.0878
683,0.0002,292.4,0.0,100.0,200.0,684.0,158.0,139.0,192.4,92.4,391.6,153.4,0.8498,0.7437,0.0714,0.0457,0.076,0.0905
684,0.0002,292.4,0.0,100.0,200.0,685.0,158.0,140.0,192.4,92.4,392.6,152.4,0.8513,0.7365,0.0757,0.0467,0.0728,0.0994
685,0.0002,292.4,0.0,100.0,200.0,686.0,159.0,141.0,192.4,92.4,393.6,151.4,0.8527,0.7294,0.0834,0.0485,0.0875,0.1067
686,0.0002,292.4,0.0,100.0,200.0,687.0,162.0,142.0,192.4,92.4,394.6,150.4,0.8542,0.7223,0.0782,0.0476,0.0803,0.095
687,0.0002,292.4,0.0,100.0,200.0,688.0,165.0,143.0,192.4,92.4,395.6,149.4,0.8557,0.7153,0.0832,0.0489,0.1044,0.0949
688,0.0002,292.4,0.0,100.0,200.0,689.0,165.0,144.0,192.4,92.4,396.6,148.4,0.8571,0.7083,0.0901,0.0505,0.1162,0.0947
689,0.0002,292.4,0.0,100.0,200.0,690.0,170.0,145.0,192.4,92.4,397.6,147.4,0.8586,0.7014,0.0828,0.0492,0.0874,0.0915
690,0.0002,292.4,0.0,100.0,200.0,691.0,175.0,146.0,192.4,92.4,398.6,146.4,0.86,0.6945,0.0953,0.0521,0.102,0.0996
691,0.0002,292.4,0.0,100.0,200.0,692.0,181.0,147.0,192.4,92.4,399.6,145.4,0.8615,0.6877,0.0878,0.0507,0.0959,0.0962
692,0.0002,292.4,0.0,100.0,200.0,693.0,187.0,148.0,192.4,92.4,400.6,144.4,0.8629,0.6809,0.0802,0.0493,0.0913,0.0884
693,0.0002,292.4,0.0,100.0,200.0,694.0,186.0,149.0,192.4,92.4,401.6,143.4,0.8643,0.6742,0.0936,0.0523,0.1164,0.0949
694,0.0002,292.4,0.0,100.0,200.0,695.0,183.0,150.0,192.4,92.4,402.6,142.4,0.8658,0.6675,0.0947,0.0528,0.1314,0.1012
695,0.0002,292.4,0.0,100.0,200.0,696.0,180.0,151.0,192.4,92.4,403.6,141.4,0.8672,0.6608,0.0923,0.0525,0.131,0.1017
696,0.0002,292.4,0.0,100.0,200.0,697.0,184.0,152.0,192.4,92.4,404.6,140.4,0.8687,0.6542,0.0852,0.0512,0.1019,0.0955
697,0.0002,292.4,0.0,100.0,200.0,698.0,187.0,153.0,192.4,92.4,405.6,139.4,0.8701,0.6477,0.0883,0.0521,0.1008,0.0898
698,0.0002,292.4,0.0,100.0,200.0,699.0,187.0,154.0,192.4,92.4,406.6,138.4,0.8715,0.6412,0.089,0.0524,0.1046,0.0842
699,0.0002,292.4,0.0,100.0,200.0,700.0,188.0,155.0,192.4,92.4,407.6,137.4,0.873,0.6347,0.0839,0.0515,0.0903,0.0745
700,0.0002,292.4,0.0,100.0,200.0,701.0,187.0,156.0,192.4,92.4,408.6,136.4,0.8744,0.6283,0.0893,0.0529,0.1028,0.0787
701,0.0002,292.4,0.0,100.0,200.0,702.0,184.0,157.0,192.4,92.4,409.6,135.4,0.8758,0.6219,0.0852,0.0522,0.0998,0.071
702,0.0002,292.4,0.0,100.0,200.0,703.0,179.0,158.0,192.4,92.4,410.6,134.4,0.8772,0.6155,0.0779,0.0507,0.1049,0.0709
703,0.0002,292.4,0.0,100.0,200.0,704.0,177.0,159.0,192.4,92.4,411.6,133.4,0.8786,0.6092,0.0842,0.0524,0.1083,0.0798
704,0.0002,292.4,0.0,100.0,200.0,705.0,179.0,160.0,192.4,92.4,412.6,132.4,0.8801,0.603,0.082,0.0521,0.0933,0.0775
705,0.0002,292.4,0.0,100.0,200.0,706.0,183.0,161.0,192.4,92.4,413.6,131.4,0.8815,0.5967,0.0812,0.0521,0.08,0.0729
706,0.0002,292.4,0.0,100.0,200.0,707.0,186.0,162.0,192.4,92.4,414.6,130.4,0.8829,0.5905,0.0874,0.0537,0.0857,0.0756
707,0.0002,292.4,0.0,100.0,200.0,708.0,188.0,163.0,192.4,92.4,415.6,129.4,0.8843,0.5844,0.0861,0.0536,0.0892,0.0763
708,0.0002,292.4,0.0,100.0,200.0,709.0,190.0,164.0,192.4,92.4,416.6,128.4,0.8857,0.5783,0.0874,0.0541,0.0902,0.0777
709,0.0002,292.4,0.0,100.0,200.0,710.0,193.0,165.0,192.4,92.4,417.6,127.4,0.8871,0.5722,0.0918,0.0553,0.0913,0.0806
710,0.0002,292.4,0.0,100.0,200.0,711.0,198.0,166.0,192.4,92.4,418.6,126.4,0.8885,0.5661,0.0937,0.056,0.0838,0.0883
711,0.0002,292.4,0.0,100.0,200.0,712.0,205.0,167.0,192.4,92.4,419.6,125.4,0.8899,0.5601,0.0991,0.0575,0.0912,0.0914
712,0.0002,292.4,0.0,100.0,200.0,713.0,210.0,168.0,192.4,92.4,420.6,124.4,0.8914,0.5542,0.0964,0.057,0.0934,0.0887
713,0.0002,292.4,0.0,100.0,200.0,714.0,212.0,169.0,192.4,92.4,421.6,123.4,0.8928,0.5482,0.0936,0.0566,0.1005,0.0894
714,0.0002,292.4,0.0,100.0,200.0,715.0,211.0,170.0,192.4,92.4,422.6,122.4,0.8942,0.5423,0.0888,0.0556,0.1054,0.087
715,0.0002,292.4,0.0,100.0,200.0,716.0,210.0,171.0,192.4,92.4,423.6,121.4,0.8956,0.5365,0.0879,0.0556,0.1115,0.0919
716,0.0002,292.4,0.0,100.0,200.0,717.0,207.0,172.0,192.4,92.4,424.6,120.4,0.8969,0.5306,0.0863,0.0554,0.1124,0.0884
717,0.0002,292.4,0.0,100.0,200.0,718.0,204.0,173.0,192.4,92.4,425.6,119.4,0.8983,0.5248,0.0893,0.0563,0.1118,0.0873
718,0.0002,292.4,0.0,100.0,200.0,719.0,202.0,174.0,192.4,92.4,426.6,118.4,0.8997,0.5191,0.0852,0.0556,0.1084,0.0873
719,0.0002,292.4,0.0,100.0,200.0,720.0,194.0,175.0,192.4,92.4,427.6,117.4,0.9011,0.5133,0.0885,0.0565,0.1295,0.0911
720,0.0002,292.4,0.0,100.0,200.0,721.0,189.0,176.0,192.4,92.4,428.6,116.4,0.9025,0.5076,0.085,0.0559,0.1249,0.0922
721,0.0002,292.4,0.0,100.0,200.0,722.0,183.0,177.0,192.4,92.4,429.6,115.4,0.9039,0.502,0.0873,0.0566,0.1369,0.0981
722,0.0002,292.4,0.0,100.0,200.0,723.0,178.0,178.0,192.4,92.4,430.6,114.4,0.9053,0.4963,0.0913,0.0578,0.1447,0.1055
723,0.0002,292.4,0.0,100.0,200.0,724.0,171.0,171.0,192.4,92.4,431.6,121.4,0.9067,0.5365,0.0959,0.0574,0.1456,0.0987
724,0.0002,292.4,0.0,100.0,200.0,725.0,169.0,169.0,192.4,92.4,432.6,123.4,0.908,0.5482,0.0748,0.0553,0.1199,0.0901
725,0.0002,292.4,0.0,100.0,200.0,726.0,171.0,170.0,192.4,92.4,433.6,122.4,0.9094,0.5423,0.0696,0.0542,0.0986,0.0831
726,0.0002,292.4,0.0,100.0,200.0,727.0,174.0,171.0,192.4,92.4,434.6,121.4,0.9108,0.5365,0.072,0.055,0.0932,0.083
727,0.0002,292.4,0.0,100.0,200.0,728.0,179.0,172.0,192.4,92.4,435.6,120.4,0.9122,0.5306,0.0798,0.057,0.0877,0.0906
728,0.0002,292.4,0.0,100.0,200.0,729.0,183.0,173.0,192.4,92.4,436.6,119.4,0.9135,0.5248,0.0883,0.0592,0.1113,0.1056
729,0.0002,292.4,0.0,100.0,200.0,730.0,184.0,174.0,192.4,92.4,437.6,118.4,0.9149,0.5191,0.0863,0.0589,0.1323,0.1147
730,0.0002,292.4,0.0,100.0,200.0,731.0,184.0,175.0,192.4,92.4,438.6,117.4,0.9163,0.5133,0.0851,0.0588,0.1286,0.1098
731,0.0002,292.4,0.0,100.0,200.0,732.0,184.0,176.0,192.4,92.4,439.6,116.4,0.9177,0.5076,0.0958,0.0616,0.14,0.1192
732,0.0002,292.4,0.0,100.0,200.0,733.0,181.0,177.0,192.4,92.4,440.6,115.4,0.919,0.502,0.0963,0.0619,0.1451,0.116
733,0.0002,292.4,0.0,100.0,200.0,734.0,175.0,175.0,192.4,92.4,441.6,117.4,0.9204,0.5133,0.0899,0.0605,0.1503,0.1067
734,0.0002,292.4,0.0,100.0,200.0,735.0,168.0,168.0,192.4,92.4,442.6,124.4,0.9217,0.5542,0.0729,0.0607,0.1514,0.1055
735,0.0002,292.4,0.0,100.0,200.0,736.0,158.0,158.0,192.4,92.4,443.6,134.4,0.9231,0.6155,0.0981,0.0609,0.1646,0.0975
736,0.0002,292.4,0.0,100.0,200.0,737.0,149.0,149.0,192.4,92.4,444.6,143.4,0.9245,0.6742,0.115,0.0626,0.1761,0.1051
737,0.0002,292.4,0.0,100.0,200.0,738.0,141.0,141.0,192.4,92.4,445.6,151.4,0.9258,0.7294,0.1077,0.0617,0.1715,0.096
738,0.0002,292.4,0.0,100.0,200.0,739.0,136.0,136.0,192.4,92.4,446.6,156.4,0.9272,0.7655,0.1241,0.0628,0.1634,0.0987
739,0.0002,292.4,0.0,100.0,200.0,740.0,130.0,130.0,192.4,92.4,447.6,162.4,0.9285,0.8106,0.1024,0.0637,0.1726,0.0975
740,0.0002,292.4,0.0,100.0,200.0,741.0,127.0,127.0,192.4,92.4,448.6,165.4,0.9299,0.8339,0.0983,0.0623,0.1519,0.0952
741,0.0002,292.4,0.0,100.0,200.0,742.0,125.0,125.0,192.4,92.4,449.6,167.4,0.9312,0.8498,0.1257,0.0637,0.1515,0.1043
742,0.0002,292.4,0.0,100.0,200.0,743.0,126.0,126.0,192.4,92.4,450.6,166.4,0.9326,0.8418,0.1265,0.0641,0.1379,0.1083
743,0.0002,292.4,0.0,100.0,200.0,744.0,126.0,126.0,192.4,92.4,451.6,166.4,0.9339,0.8418,0.1216,0.0643,0.144,0.1081
744,0.0002,292.4,0.0,100.0,200.0,745.0,123.0,123.0,192.4,92.4,452.6,169.4,0.9353,0.8659,0.1423,0.0638,0.163,0.0981
745,0.0002,292.4,0.0,100.0,200.0,746.0,120.0,120.0,192.4,92.4,453.6,172.4,0.9366,0.8906,0.1181,0.0619,0.1404,0.0851
746,0.0002,292.4,0.0,100.0,200.0,747.0,119.0,119.0,192.4,92.4,454.6,173.4,0.9379,0.899,0.0944,0.062,0.1379,0.0874
747,0.0002,292.4,0.0,100.0,200.0,748.0,118.0,118.0,192.4,92.4,455.6,174.4,0.9393,0.9074,0.118,0.0615,0.1291,0.0817
748,0.0002,292.4,0.0,100.0,200.0,749.0,117.0,117.0,192.4,92.4,456.6,175.4,0.9406,0.916,0.1111,0.0617,0.1344,0.0806
749,0.0002,292.4,0.0,100.0,200.0,750.0,114.0,114.0,192.4,92.4,457.6,178.4,0.9419,0.9419,0.1572,0.0641,0.161,0.0915
750,0.0002,292.4,0.0,100.0,200.0,751.0,113.0,113.0,192.4,92.4,458.6,179.4,0.9433,0.9507,0.1506,0.0627,0.1495,0.0965
751,0.0002,292.4,0.0,100.0,200.0,752.0,112.0,112.0,192.4,92.4,459.6,180.4,0.9446,0.9596,0.1348,0.0618,0.1382,0.0892
752,0.0002,292.4,0.0,100.0,200.0,753.0,114.0,113.0,192.4,92.4,460.6,179.4,0.9459,0.9507,0.1231,0.0604,0.1082,0.0853
753,0.0002,292.4,0.0,100.0,200.0,754.0,114.0,114.0,192.4,92.4,461.6,178.4,0.9473,0.9419,0.1315,0.0619,0.125,0.0877
754,0.0002,292.4,0.0,100.0,200.0,755.0,114.0,114.0,192.4,92.4,462.6,178.4,0.9486,0.9419,0.1221,0.0618,0.1244,0.0814
755,0.0002,292.4,0.0,100.0,200.0,756.0,116.0,115.0,192.4,92.4,463.6,177.4,0.9499,0.9332,0.1047,0.0594,0.0873,0.0701
756,0.0002,292.4,0.0,100.0,200.0,757.0,120.0,116.0,192.4,92.4,464.6,176.4,0.9512,0.9245,0.085,0.0566,0.0535,0.0579
757,0.0002,292.4,0.0,100.0,200.0,758.0,122.0,117.0,192.4,92.4,465.6,175.4,0.9526,0.916,0.0838,0.0566,0.0429,0.0553
758,0.0002,292.4,0.0,100.0,200.0,759.0,124.0,118.0,192.4,92.4,466.6,174.4,0.9539,0.9074,0.0808,0.0564,0.0355,0.0564
759,0.0002,292.4,0.0,100.0,200.0,760.0,126.0,119.0,192.4,92.4,467.6,173.4,0.9552,0.899,0.0884,0.0578,0.0361,0.0597
760,0.0002,292.4,0.0,100.0,200.0,761.0,130.0,120.0,192.4,92.4,468.6,172.4,0.9565,0.8906,0.0895,0.0582,0.046,0.0504
761,0.0002,292.4,0.0,100.0,200.0,762.0,132.0,121.0,192.4,92.4,469.6,171.4,0.9578,0.8823,0.0953,0.0593,0.0441,0.0569
762,0.0002,292.4,0.0,100.0,200.0,763.0,133.0,122.0,192.4,92.4,470.6,170.4,0.9591,0.8741,0.0862,0.058,0.0286,0.0541
763,0.0002,292.4,0.0,100.0,200.0,764.0,134.0,123.0,192.4,92.4,471.6,169.4,0.9604,0.8659,0.0889,0.0587,0.0222,0.0489
764,0.0002,292.4,0.0,100.0,200.0,765.0,136.0,124.0,192.4,92.4,472.6,168.4,0.9617,0.8578,0.0892,0.0589,0.03,0.046
765,0.0002,292.4,0.0,100.0,200.0,766.0,138.0,125.0,192.4,92.4,473.6,167.4,0.9631,0.8498,0.0823,0.058,0.0177,0.0396
766,0.0002,292.4,0.0,100.0,200.0,767.0,139.0,126.0,192.4,92.4,474.6,166.4,0.9644,0.8418,0.0829,0.0583,0.0191,0.0436
767,0.0002,292.4,0.0,100.0,200.0,768.0,140.0,127.0,192.4,92.4,475.6,165.4,0.9657,0.8339,0.0742,0.0571,0.0142,0.0372
768,0.0002,292.4,0.0,100.0,200.0,769.0,140.0,128.0,192.4,92.4,476.6,164.4,0.967,0.8261,0.0752,0.0574,0.0158,0.0428
769,0.0002,292.4,0.0,100.0,200.0,770.0,141.0,129.0,192.4,92.4,477.6,163.4,0.9683,0.8183,0.069,0.0566,0.0069,0.0353
770,0.0002,292.4,0.0,100.0,200.0,771.0,142.0,130.0,192.4,92.4,478.6,162.4,0.9696,0.8106,0.0764,0.058,0.0245,0.0446
771,0.0002,292.4,0.0,100.0,200.0,772.0,144.0,131.0,192.4,92.4,479.6,161.4,0.9709,0.8029,0.0762,0.0582,0.0285,0.0447
772,0.0002,292.4,0.0,100.0,200.0,773.0,148.0,132.0,192.4,92.4,480.6,160.4,0.9722,0.7953,0.087,0.0602,0.0444,0.0502
773,0.0002,292.4,0.0,100.0,200.0,774.0,152.0,133.0,192.4,92.4,481.6,159.4,0.9734,0.7878,0.093,0.0614,0.0491,0.0587
774,0.0002,292.4,0.0,100.0,200.0,775.0,155.0,134.0,192.4,92.4,482.6,158.4,0.9747,0.7803,0.098,0.0625,0.0582,0.0663
775,0.0002,292.4,0.0,100.0,200.0,776.0,155.0,135.0,192.4,92.4,483.6,157.4,0.976,0.7729,0.0832,0.0601,0.0316,0.0596
776,0.0002,292.4,0.0,100.0,200.0,777.0,159.0,136.0,192.4,92.4,484.6,156.4,0.9773,0.7655,0.0905,0.0616,0.0572,0.0642
777,0.0002,292.4,0.0,100.0,200.0,778.0,160.0,137.0,192.4,92.4,485.6,155.4,0.9786,0.7581,0.0759,0.0592,0.0406,0.0597
778,0.0002,292.4,0.0,100.0,200.0,779.0,160.0,138.0,192.4,92.4,486.6,154.4,0.9799,0.7509,0.0708,0.0585,0.0385,0.0624
779,0.0002,292.4,0.0,100.0,200.0,780.0,159.0,139.0,192.4,92.4,487.6,153.4,0.9812,0.7437,0.0672,0.0581,0.0275,0.0586
780,0.0002,292.4,0.0,100.0,200.0,781.0,158.0,140.0,192.4,92.4,488.6,152.4,0.9824,0.7365,0.0721,0.0591,0.0326,0.0627
781,0.0002,292.4,0.0,100.0,200.0,782.0,159.0,141.0,192.4,92.4,489.6,151.4,0.9837,0.7294,0.066,0.0582,0.0313,0.0511
782,0.0002,292.4,0.0,100.0,200.0,783.0,154.0,142.0,192.4,92.4,490.6,150.4,0.985,0.7223,0.0525,0.0559,0.007,0.0382
783,0.0002,292.4,0.0,100.0,200.0,784.0,148.0,143.0,192.4,92.4,491.6,149.4,0.9863,0.7153,0.0454,0.0548,0.0195,0.0382
784,0.0002,292.4,0.0,100.0,200.0,785.0,143.0,143.0,192.4,92.4,492.6,149.4,0.9876,0.7153,0.0353,0.0544,0.0299,0.0314
785,0.0002,292.4,0.0,100.0,200.0,786.0,136.0,136.0,192.4,92.4,493.6,156.4,0.9888,0.7655,0.0454,0.0544,0.042,0.0327
786,0.0002,292.4,0.0,100.0,200.0,787.0,130.0,130.0,192.4,92.4,494.6,162.4,0.9901,0.8106,0.0063,0.0537,0.0421,0.0291
787,0.0002,292.4,0.0,100.0,200.0,788.0,124.0,124.0,192.4,92.4,495.6,168.4,0.9914,0.8578,0.0286,0.0536,0.0514,0.0365
788,0.0002,292.4,0.0,100.0,200.0,789.0,117.0,117.0,192.4,92.4,496.6,175.4,0.9926,0.916,0.0146,0.054,0.0597,0.0382
789,0.0002,292.4,0.0,100.0,200.0,790.0,113.0,113.0,192.4,92.4,497.6,179.4,0.9939,0.9507,0.0177,0.0531,0.0584,0.0245
790,0.0002,292.4,0.0,100.0,200.0,791.0,108.0,108.0,192.4,92.4,498.6,184.4,0.9952,0.996,0.0294,0.0536,0.0739,0.0241
791,0.0002,292.4,0.0,100.0,200.0,792.0,104.0,104.0,192.4,92.4,499.6,188.4,0.9964,1.0337,0.0604,0.0526,0.0724,0.0217
792,0.0002,292.4,0.0,100.0,200.0,793.0,100.0,100.0,192.4,92.4,500.6,192.4,0.9977,1.073,0.0828,0.0501,0.0828,0.0142
793,0.0002,292.4,0.0,100.0,200.0,794.0,96.0,96.0,192.4,92.4,501.6,196.4,0.999,1.1138,0.1127,0.049,0.1129,0.0118
794,0.0002,292.4,0.0,100.0,200.0,795.0,91.0,91.0,192.4,92.4,502.6,201.4,1.0002,1.1673,0.1111,0.0498,0.1103,0.0205
795,0.0002,292.4,0.0,100.0,200.0,796.0,88.0,88.0,192.4,92.4,503.6,204.4,1.0015,1.2008,0.1193,0.0501,0.1056,0.0227
796,0.0002,292.4,0.0,100.0,200.0,797.0,85.0,85.0,192.4,92.4,504.6,207.4,1.0027,1.2355,0.1647,0.0489,0.106,0.008
797,0.0002,292.4,0.0,100.0,200.0,798.0,83.0,83.0,192.4,92.4,505.6,209.4,1.004,1.2593,0.1403,0.0501,0.1031,0.0089
798,0.0002,292.4,0.0,100.0,200.0,799.0,81.0,81.0,192.4,92.4,506.6,211.4,1.0052,1.2837,0.1703,0.0479,0.1234,0.0006
799,0.0002,292.4,0.0,100.0,200.0,800.0,79.0,79.0,192.4,92.4,507.6,213.4,1.0065,1.3087,0.1651,0.0483,0.114,0.0019
800,0.0002,292.4,0.0,100.0,200.0,801.0,77.0,77.0,192.4,92.4,508.6,215.4,1.0077,1.3343,0.1825,0.0483,0.1244,0.0008
801,0.0002,292.4,0.0,100.0,200.0,802.0,75.0,75.0,192.4,92.4,509.6,217.4,1.009,1.3606,0.1662,0.0479,0.1228,0.0015
802,0.0002,292.4,0.0,100.0,200.0,803.0,73.0,73.0,192.4,92.4,510.6,219.4,1.0102,1.3877,0.2516,0.044,0.1443,0.0097
803,0.0002,292.4,0.0,100.0,200.0,804.0,72.0,72.0,192.4,92.4,511.6,220.4,1.0115,1.4015,0.2786,0.0442,0.154,0.0128
804,0.0002,292.4,0.0,100.0,200.0,805.0,70.0,70.0,192.4,92.4,512.6,222.4,1.0127,1.4296,0.266,0.0451,0.1452,0.016
805,0.0002,292.4,0.0,100.0,200.0,806.0,69.0,69.0,192.4,92.4,513.6,223.4,1.014,1.444,0.2815,0.0457,0.1404,0.0202
806,0.0002,292.4,0.0,100.0,200.0,807.0,68.0,68.0,192.4,92.4,514.6,224.4,1.0152,1.4586,0.2958,0.045,0.1575,0.0259
807,0.0002,292.4,0.0,100.0,200.0,808.0,67.0,67.0,192.4,92.4,515.6,225.4,1.0164,1.4734,0.3171,0.0431,0.1729,0.0319
808,0.0002,292.4,0.0,100.0,200.0,809.0,65.0,65.0,192.4,92.4,516.6,227.4,1.0177,1.5037,0.3305,0.0445,0.1654,0.0276
809,0.0002,292.4,0.0,100.0,200.0,810.0,64.0,64.0,192.4,92.4,517.6,228.4,1.0189,1.5192,0.3003,0.0451,0.1698,0.0292
810,0.0002,292.4,0.0,100.0,200.0,811.0,63.0,63.0,192.4,92.4,518.6,229.4,1.0201,1.535,0.2938,0.0455,0.1712,0.0337
811,0.0002,292.4,0.0,100.0,200.0,812.0,62.0,62.0,192.4,92.4,519.6,230.4,1.0214,1.551,0.321,0.0461,0.1771,0.0329
812,0.0002,292.4,0.0,100.0,200.0,813.0,61.0,61.0,192.4,92.4,520.6,231.4,1.0226,1.5673,0.3208,0.0444,0.1881,0.0373
813,0.0002,292.4,0.0,100.0,200.0,814.0,60.0,60.0,192.4,92.4,521.6,232.4,1.0238,1.5838,0.3386,0.0435,0.1929,0.0362
814,0.0002,292.4,0.0,100.0,200.0,815.0,59.0,59.0,192.4,92.4,522.6,233.4,1.0251,1.6006,0.3339,0.0419,0.1995,0.037
815,0.0002,292.4,0.0,100.0,200.0,816.0,58.0,58.0,192.4,92.4,523.6,234.4,1.0263,1.6177,0.2923,0.0426,0.1937,0.0311
816,0.0002,292.4,0.0,100.0,200.0,817.0,58.0,58.0,192.4,92.4,524.6,234.4,1.0275,1.6177,0.2683,0.0441,0.1806,0.0241
817,0.0002,292.4,0.0,100.0,200.0,818.0,57.0,57.0,192.4,92.4,525.6,235.4,1.0287,1.6351,0.2927,0.0443,0.1857,0.0269
818,0.0002,292.4,0.0,100.0,200.0,819.0,56.0,56.0,192.4,92.4,526.6,236.4,1.03,1.6528,0.2798,0.0454,0.1717,0.0216
819,0.0002,292.4,0.0,100.0,200.0,820.0,55.0,55.0,192.4,92.4,527.6,237.4,1.0312,1.6708,0.298,0.0452,0.1801,0.0153
820,0.0002,292.4,0.0,100.0,200.0,821.0,55.0,55.0,192.4,92.4,528.6,237.4,1.0324,1.6708,0.3028,0.0441,0.185,0.0201
821,0.0002,292.4,0.0,100.0,200.0,822.0,54.0,54.0,192.4,92.4,529.6,238.4,1.0336,1.6891,0.2513,0.0469,0.1678,0.0054
822,0.0002,292.4,0.0,100.0,200.0,823.0,53.0,53.0,192.4,92.4,530.6,239.4,1.0348,1.7078,0.2593,0.0462,0.1829,0.0091
823,0.0002,292.4,0.0,100.0,200.0,824.0,53.0,53.0,192.4,92.4,531.6,239.4,1.036,1.7078,0.3188,0.0437,0.2004,0.0174
824,0.0002,292.4,0.0,100.0,200.0,825.0,52.0,52.0,192.4,92.4,532.6,240.4,1.0373,1.7269,0.3302,0.0453,0.1718,0.0159
825,0.0002,292.4,0.0,100.0,200.0,826.0,52.0,52.0,192.4,92.4,533.6,240.4,1.0385,1.7269,0.353,0.0451,0.1664,0.0239
826,0.0002,292.4,0.0,100.0,200.0,827.0,52.0,52.0,192.4,92.4,534.6,240.4,1.0397,1.7269,0.3445,0.0467,0.1592,0.023
827,0.0002,292.4,0.0,100.0,200.0,828.0,52.0,52.0,192.4,92.4,535.6,240.4,1.0409,1.7269,0.2906,0.0479,0.1643,0.0283
828,0.0002,292.4,0.0,100.0,200.0,829.0,52.0,52.0,192.4,92.4,536.6,240.4,1.0421,1.7269,0.3131,0.0479,0.1805,0.0246
829,0.0002,292.4,0.0,100.0,200.0,830.0,51.0,51.0,192.4,92.4,537.6,241.4,1.0433,1.7463,0.3043,0.0458,0.1959,0.0218
830,0.0002,292.4,0.0,100.0,200.0,831.0,51.0,51.0,192.4,92.4,538.6,241.4,1.0445,1.7463,0.3268,0.044,0.2104,0.0309
831,0.0002,292.4,0.0,100.0,200.0,832.0,50.0,50.0,192.4,92.4,539.6,242.4,1.0457,1.7661,0.3341,0.044,0.2308,0.0354
832,0.0002,292.4,0.0,100.0,200.0,833.0,49.0,49.0,192.4,92.4,540.6,243.4,1.0469,1.7863,0.3036,0.0429,0.2427,0.0388
833,0.0002,292.4,0.0,100.0,200.0,834.0,49.0,49.0,192.4,92.4,541.6,243.4,1.0481,1.7863,0.239,0.0464,0.2043,0.017
834,0.0002,292.4,0.0,100.0,200.0,835.0,48.0,48.0,192.4,92.4,542.6,244.4,1.0493,1.8069,0.2209,0.047,0.201,0.0148
835,0.0002,292.4,0.0,100.0,200.0,836.0,48.0,48.0,192.4,92.4,543.6,244.4,1.0505,1.8069,0.2123,0.0474,0.1988,0.0071
836,0.0002,292.4,0.0,100.0,200.0,837.0,47.0,47.0,192.4,92.4,544.6,245.4,1.0517,1.828,0.2152,0.0469,0.2162,0.01
837,0.0002,292.4,0.0,100.0,200.0,838.0,47.0,47.0,192.4,92.4,545.6,245.4,1.0529,1.828,0.2055,0.0479,0.2014,0.0049
838,0.0002,292.4,0.0,100.0,200.0,839.0,46.0,46.0,192.4,92.4,546.6,246.4,1.0541,1.8495,0.1259,0.0491,0.1996,0.0081
839,0.0002,292.4,0.0,100.0,200.0,840.0,46.0,46.0,192.4,92.4,547.6,246.4,1.0553,1.8495,0.085,0.0504,0.1961,0.0017
840,0.0002,292.4,0.0,100.0,200.0,841.0,46.0,46.0,192.4,92.4,548.6,246.4,1.0565,1.8495,0.1079,0.0498,0.1903,0.0092
841,0.0002,292.4,0.0,100.0,200.0,842.0,45.0,45.0,192.4,92.4,549.6,247.4,1.0577,1.8715,0.0994,0.0495,0.2042,0.0163
842,0.0002,292.4,0.0,100.0,200.0,843.0,45.0,45.0,192.4,92.4,550.6,247.4,1.0588,1.8715,0.1095,0.0501,0.2026,0.0223
843,0.0002,292.4,0.0,100.0,200.0,844.0,45.0,45.0,192.4,92.4,551.6,247.4,1.06,1.8715,0.0888,0.0491,0.2121,0.024
844,0.0002,292.4,0.0,100.0,200.0,845.0,45.0,45.0,192.4,92.4,552.6,247.4,1.0612,1.8715,0.09,0.0495,0.2068,0.0119
845,0.0002,292.4,0.0,100.0,200.0,846.0,45.0,45.0,192.4,92.4,553.6,247.4,1.0624,1.8715,0.073,0.0503,0.1851,0.0124
846,0.0002,292.4,0.0,100.0,200.0,847.0,45.0,45.0,192.4,92.4,554.6,247.4,1.0636,1.8715,0.0482,0.0513,0.1784,0.0102
847,0.0002,292.4,0.0,100.0,200.0,848.0,45.0,45.0,192.4,92.4,555.6,247.4,1.0648,1.8715,0.0707,0.0539,0.1522,0.0016
848,0.0002,292.4,0.0,100.0,200.0,849.0,45.0,45.0,192.4,92.4,556.6,247.4,1.0659,1.8715,0.0651,0.0538,0.1548,0.0002
849,0.0002,292.4,0.0,100.0,200.0,850.0,45.0,45.0,192.4,92.4,557.6,247.4,1.0671,1.8715,0.037,0.0532,0.1785,0.0013
850,0.0002,292.4,0.0,100.0,200.0,851.0,45.0,45.0,192.4,92.4,558.6,247.4,1.0683,1.8715,0.0169,0.0527,0.1723,0.0014
851,0.0002,292.4,0.0,100.0,200.0,852.0,44.0,44.0,192.4,92.4,559.6,248.4,1.0695,1.8939,0.0101,0.0497,0.1916,0.0167
852,0.0002,292.4,0.0,100.0,200.0,853.0,45.0,45.0,192.4,92.4,560.6,247.4,1.0706,1.8715,0.0179,0.0503,0.1761,0.0239
853,0.0002,292.4,0.0,100.0,200.0,854.0,45.0,45.0,192.4,92.4,561.6,247.4,1.0718,1.8715,0.024,0.0519,0.1737,0.0143
854,0.0002,292.4,0.0,100.0,200.0,855.0,45.0,45.0,192.4,92.4,562.6,247.4,1.073,1.8715,0.0236,0.05,0.1902,0.0229
855,0.0002,292.4,0.0,100.0,200.0,856.0,45.0,45.0,192.4,92.4,563.6,247.4,1.0741,1.8715,0.0633,0.0483,0.1868,0.0397
856,0.0002,292.4,0.0,100.0,200.0,857.0,45.0,45.0,192.4,92.4,564.6,247.4,1.0753,1.8715,0.0544,0.0494,0.1569,0.0417
857,0.0002,292.4,0.0,100.0,200.0,858.0,46.0,46.0,192.4,92.4,565.6,246.4,1.0765,1.8495,0.0517,0.0496,0.1556,0.0463
858,0.0002,292.4,0.0,100.0,200.0,859.0,46.0,46.0,192.4,92.4,566.6,246.4,1.0776,1.8495,0.0085,0.0503,0.1477,0.0461
859,0.0002,292.4,0.0,100.0,200.0,860.0,47.0,47.0,192.4,92.4,567.6,245.4,1.0788,1.828,0.0196,0.0498,0.1627,0.0533
860,0.0002,292.4,0.0,100.0,200.0,861.0,47.0,47.0,192.4,92.4,568.6,245.4,1.08,1.828,0.0064,0.0503,0.1614,0.0477
861,0.0002,292.4,0.0,100.0,200.0,862.0,48.0,48.0,192.4,92.4,569.6,244.4,1.0811,1.8069,0.0096,0.0496,0.1768,0.0563
862,0.0002,292.4,0.0,100.0,200.0,863.0,48.0,48.0,192.4,92.4,570.6,244.4,1.0823,1.8069,0.0006,0.0486,0.1761,0.0638
863,0.0002,292.4,0.0,100.0,200.0,864.0,48.0,48.0,192.4,92.4,571.6,244.4,1.0834,1.8069,0.0519,0.0464,0.2,0.0789
864,0.0002,292.4,0.0,100.0,200.0,865.0,49.0,49.0,192.4,92.4,572.6,243.4,1.0846,1.7863,0.0422,0.047,0.1968,0.0734
865,0.0002,292.4,0.0,100.0,200.0,866.0,49.0,49.0,192.4,92.4,573.6,243.4,1.0858,1.7863,0.0804,0.0463,0.1966,0.0794
866,0.0002,292.4,0.0,100.0,200.0,867.0,49.0,49.0,192.4,92.4,574.6,243.4,1.0869,1.7863,0.1027,0.0452,0.2083,0.0846
867,0.0002,292.4,0.0,100.0,200.0,868.0,49.0,49.0,192.4,92.4,575.6,243.4,1.0881,1.7863,0.1229,0.0451,0.2004,0.0831
868,0.0002,292.4,0.0,100.0,200.0,869.0,50.0,50.0,192.4,92.4,576.6,242.4,1.0892,1.7661,0.1527,0.0434,0.2183,0.0912
869,0.0002,292.4,0.0,100.0,200.0,870.0,50.0,50.0,192.4,92.4,577.6,242.4,1.0904,1.7661,0.1573,0.043,0.2152,0.0942
870,0.0002,292.4,0.0,100.0,200.0,871.0,50.0,50.0,192.4,92.4,578.6,242.4,1.0915,1.7661,0.1389,0.043,0.2268,0.0911
871,0.0002,292.4,0.0,100.0,200.0,872.0,50.0,50.0,192.4,92.4,579.6,242.4,1.0927,1.7661,0.2252,0.0407,0.2482,0.0999
872,0.0002,292.4,0.0,100.0,200.0,873.0,50.0,50.0,192.4,92.4,580.6,242.4,1.0938,1.7661,0.195,0.0418,0.2553,0.0955
873,0.0002,292.4,0.0,100.0,200.0,874.0,49.0,49.0,192.4,92.4,581.6,243.4,1.095,1.7863,0.2049,0.0405,0.2759,0.1034
874,0.0002,292.4,0.0,100.0,200.0,875.0,49.0,49.0,192.4,92.4,582.6,243.4,1.0961,1.7863,0.1834,0.0415,0.2759,0.0989
875,0.0002,292.4,0.0,100.0,200.0,876.0,49.0,49.0,192.4,92.4,583.6,243.4,1.0972,1.7863,0.2196,0.041,0.2625,0.1055
876,0.0002,292.4,0.0,100.0,200.0,877.0,48.0,48.0,192.4,92.4,584.6,244.4,1.0984,1.8069,0.2572,0.0402,0.2813,0.1021
877,0.0002,292.4,0.0,100.0,200.0,878.0,48.0,48.0,192.4,92.4,585.6,244.4,1.0995,1.8069,0.2391,0.0393,0.2715,0.1054
878,0.0002,292.4,0.0,100.0,200.0,879.0,48.0,48.0,192.4,92.4,586.6,244.4,1.1007,1.8069,0.2359,0.0378,0.2794,0.1104
879,0.0002,292.4,0.0,100.0,200.0,880.0,48.0,48.0,192.4,92.4,587.6,244.4,1.1018,1.8069,0.2197,0.0387,0.2681,0.1103
880,0.0002,292.4,0.0,100.0,200.0,881.0,48.0,48.0,192.4,92.4,588.6,244.4,1.1029,1.8069,0.1723,0.0403,0.263,0.1052
881,0.0002,292.4,0.0,100.0,200.0,882.0,48.0,48.0,192.4,92.4,589.6,244.4,1.1041,1.8069,0.2344,0.0402,0.257,0.1028
882,0.0002,292.4,0.0,100.0,200.0,883.0,48.0,48.0,192.4,92.4,590.6,244.4,1.1052,1.8069,0.2485,0.04,0.2413,0.1142
883,0.0002,292.4,0.0,100.0,200.0,884.0,48.0,48.0,192.4,92.4,591.6,244.4,1.1063,1.8069,0.2521,0.0402,0.2308,0.1152
884,0.0002,292.4,0.0,100.0,200.0,885.0,48.0,48.0,192.4,92.4,592.6,244.4,1.1075,1.8069,0.2921,0.0376,0.2517,0.1308
885,0.0002,292.4,0.0,100.0,200.0,886.0,49.0,49.0,192.4,92.4,593.6,243.4,1.1086,1.7863,0.2886,0.0376,0.2523,0.1371
886,0.0002,292.4,0.0,100.0,200.0,887.0,49.0,49.0,192.4,92.4,594.6,243.4,1.1097,1.7863,0.2785,0.0392,0.2326,0.1274
887,0.0002,292.4,0.0,100.0,200.0,888.0,50.0,50.0,192.4,92.4,595.6,242.4,1.1108,1.7661,0.2585,0.0401,0.2239,0.1276
888,0.0002,292.4,0.0,100.0,200.0,889.0,50.0,50.0,192.4,92.4,596.6,242.4,1.112,1.7661,0.2856,0.0397,0.2307,0.1352
889,0.0002,292.4,0.0,100.0,200.0,890.0,51.0,51.0,192.4,92.4,597.6,241.4,1.1131,1.7463,0.2781,0.04,0.2211,0.1297
890,0.0002,292.4,0.0,100.0,200.0,891.0,52.0,52.0,192.4,92.4,598.6,240.4,1.1142,1.7269,0.2954,0.0388,0.2363,0.1451
891,0.0002,292.4,0.0,100.0,200.0,892.0,52.0,52.0,192.4,92.4,599.6,240.4,1.1153,1.7269,0.3303,0.038,0.2363,0.1444
892,0.0002,292.4,0.0,100.0,200.0,893.0,53.0,53.0,192.4,92.4,600.6,239.4,1.1165,1.7078,0.3412,0.0371,0.2245,0.1436
893,0.0002,292.4,0.0,100.0,200.0,894.0,54.0,54.0,192.4,92.4,601.6,238.4,1.1176,1.6891,0.3507,0.0363,0.2235,0.1582
894,0.0002,292.4,0.0,100.0,200.0,895.0,54.0,54.0,192.4,92.4,602.6,238.4,1.1187,1.6891,0.3554,0.0355,0.2365,0.1634
895,0.0002,292.4,0.0,100.0,200.0,896.0,55.0,55.0,192.4,92.4,603.6,237.4,1.1198,1.6708,0.3466,0.0358,0.2372,0.1614
896,0.0002,292.4,0.0,100.0,200.0,897.0,56.0,56.0,192.4,92.4,604.6,236.4,1.1209,1.6528,0.3682,0.0342,0.2423,0.1641
897,0.0002,292.4,0.0,100.0,200.0,898.0,56.0,56.0,192.4,92.4,605.6,236.4,1.122,1.6528,0.3816,0.0332,0.2618,0.1725
898,0.0002,292.4,0.0,100.0,200.0,899.0,57.0,57.0,192.4,92.4,606.6,235.4,1.1232,1.6351,0.3625,0.0341,0.2362,0.1698
899,0.0002,292.4,0.0,100.0,200.0,900.0,58.0,58.0,192.4,92.4,607.6,234.4,1.1243,1.6177,0.3638,0.0338,0.2426,0.1683
900,0.0045,36.69,255.7137,100.0,200.0,901.0,58.0,58.0,63.31,163.31,864.31,21.31,3.2011,0.458,0.3839,0.0371,0.2474,0.1738
901,0.0045,36.69,0.0,100.0,200.0,902.0,59.0,59.0,63.31,163.31,865.31,22.31,3.2022,0.4751,0.3976,0.0399,0.2535,0.1739
902,0.0045,36.69,0.0,100.0,200.0,903.0,60.0,60.0,63.31,163.31,866.31,23.31,3.2033,0.4919,0.3945,0.0438,0.2215,0.1665
903,0.0045,36.69,0.0,100.0,200.0,904.0,61.0,61.0,63.31,163.31,867.31,24.31,3.2044,0.5084,0.3978,0.0473,0.2269,0.1719
904,0.0045,36.69,0.0,100.0,200.0,905.0,62.0,62.0,63.31,163.31,868.31,25.31,3.2055,0.5247,0.3556,0.0539,0.2091,0.1564
905,0.0045,36.69,0.0,100.0,200.0,906.0,63.0,63.0,63.31,163.31,869.31,26.31,3.2066,0.5407,0.3415,0.0586,0.2066,0.1506
906,0.0045,36.69,0.0,100.0,200.0,907.0,64.0,64.0,63.31,163.31,870.31,27.31,3.2077,0.5564,0.3319,0.063,0.1961,0.1518
907,0.0045,36.69,0.0,100.0,200.0,908.0,66.0,65.0,63.31,163.31,871.31,28.31,3.2088,0.5719,0.3067,0.0686,0.165,0.1418
908,0.0045,36.69,0.0,100.0,200.0,909.0,67.0,66.0,63.31,163.31,872.31,29.31,3.2099,0.5872,0.2976,0.073,0.1713,0.139
909,0.0045,36.69,0.0,100.0,200.0,910.0,69.0,67.0,63.31,163.31,873.31,30.31,3.211,0.6022,0.2849,0.0777,0.1683,0.1375
910,0.0045,36.69,0.0,100.0,200.0,911.0,71.0,68.0,63.31,163.31,874.31,31.31,3.2121,0.6171,0.2592,0.0834,0.1551,0.1295
911,0.0045,36.69,0.0,100.0,200.0,912.0,72.0,69.0,63.31,163.31,875.31,32.31,3.2132,0.6317,0.2592,0.0872,0.1608,0.1332
912,0.0045,36.69,0.0,100.0,200.0,913.0,74.0,70.0,63.31,163.31,876.31,33.31,3.2143,0.646,0.2416,0.0923,0.1355,0.1238
913,0.0045,36.69,0.0,100.0,200.0,914.0,77.0,71.0,63.31,163.31,877.31,34.31,3.2154,0.6602,0.2283,0.0971,0.119,0.1159
914,0.0045,36.69,0.0,100.0,200.0,915.0,79.0,72.0,63.31,163.31,878.31,35.31,3.2165,0.6742,0.2341,0.1004,0.1109,0.1129
915,0.0045,36.69,0.0,100.0,200.0,916.0,82.0,73.0,63.31,163.31,879.31,36.31,3.2176,0.688,0.2177,0.1055,0.1056,0.1053
916,0.0045,36.69,0.0,100.0,200.0,917.0,84.0,74.0,63.31,163.31,880.31,37.31,3.2187,0.7016,0.2292,0.1084,0.127,0.1073
917,0.0045,36.69,0.0,100.0,200.0,918.0,86.0,75.0,63.31,163.31,881.31,38.31,3.2197,0.715,0.228,0.1122,0.1287,0.1085
918,0.0045,36.69,0.0,100.0,200.0,919.0,88.0,76.0,63.31,163.31,882.31,39.31,3.2208,0.7283,0.2096,0.1175,0.1244,0.0972
919,0.0045,36.69,0.0,100.0,200.0,920.0,90.0,77.0,63.31,163.31,883.31,40.31,3.2219,0.7414,0.1836,0.1235,0.1043,0.0892
920,0.0045,36.69,0.0,100.0,200.0,921.0,93.0,78.0,63.31,163.31,884.31,41.31,3.223,0.7543,0.1778,0.1277,0.0911,0.0829
921,0.0045,36.69,0.0,100.0,200.0,922.0,95.0,79.0,63.31,163.31,885.31,42.31,3.2241,0.767,0.1619,0.1329,0.1023,0.0777
922,0.0045,36.69,0.0,100.0,200.0,923.0,97.0,80.0,63.31,163.31,886.31,43.31,3.2252,0.7796,0.1406,0.1385,0.0798,0.0719
923,0.0045,36.69,0.0,100.0,200.0,924.0,100.0,81.0,63.31,163.31,887.31,44.31,3.2263,0.792,0.1188,0.1442,0.0424,0.0598
924,0.0045,36.69,0.0,100.0,200.0,925.0,103.0,82.0,63.31,163.31,888.31,45.31,3.2273,0.8043,0.1065,0.1491,0.0463,0.0453
925,0.0045,36.69,0.0,100.0,200.0,926.0,107.0,83.0,63.31,163.31,889.31,46.31,3.2284,0.8164,0.0951,0.154,0.0351,0.0349
926,0.0045,36.69,0.0,100.0,200.0,927.0,109.0,84.0,63.31,163.31,890.31,47.31,3.2295,0.8284,0.0914,0.1581,0.0454,0.0342
927,0.0045,36.69,0.0,100.0,200.0,928.0,112.0,85.0,63.31,163.31,891.31,48.31,3.2306,0.8402,0.0712,0.1638,0.0385,0.0312
928,0.0045,36.69,0.0,100.0,200.0,929.0,116.0,86.0,63.31,163.31,892.31,49.31,3.2317,0.8519,0.0598,0.1687,0.029,0.0324
929,0.0045,36.69,0.0,100.0,200.0,930.0,118.0,87.0,63.31,163.31,893.31,50.31,3.2327,0.8635,0.0475,0.1737,0.0015,0.0242
930,0.0045,36.69,0.0,100.0,200.0,931.0,118.0,88.0,63.31,163.31,894.31,51.31,3.2338,0.8749,0.0339,0.1788,0.0251,0.016
931,0.0045,36.69,0.0,100.0,200.0,932.0,117.0,89.0,63.31,163.31,895.31,52.31,3.2349,0.8862,0.0437,0.1817,0.0161,0.0286
932,0.0045,36.69,0.0,100.0,200.0,933.0,116.0,90.0,63.31,163.31,896.31,53.31,3.236,0.8974,0.0418,0.1857,0.0266,0.0271
933,0.0045,36.69,0.0,100.0,200.0,934.0,119.0,91.0,63.31,163.31,897.31,54.31,3.237,0.9084,0.0605,0.1877,0.0197,0.0289
934,0.0045,36.69,0.0,100.0,200.0,935.0,123.0,92.0,63.31,163.31,898.31,55.31,3.2381,0.9193,0.064,0.1912,0.0284,0.0294
935,0.0045,36.69,0.0,100.0,200.0,936.0,126.0,93.0,63.31,163.31,899.31,56.31,3.2392,0.9301,0.0628,0.1951,0.0318,0.0279
936,0.0045,36.69,0.0,100.0,200.0,937.0,131.0,94.0,63.31,163.31,900.31,57.31,3.2402,0.9408,0.0711,0.198,0.0359,0.0365
937,0.0045,36.69,0.0,100.0,200.0,938.0,133.0,95.0,63.31,163.31,901.31,58.31,3.2413,0.9514,0.0782,0.201,0.0528,0.0354
938,0.0045,36.69,0.0,100.0,200.0,939.0,135.0,96.0,63.31,163.31,902.31,59.31,3.2424,0.9619,0.056,0.2071,0.0429,0.0274
939,0.0045,36.69,0.0,100.0,200.0,940.0,137.0,97.0,63.31,163.31,903.31,60.31,3.2434,0.9723,0.0427,0.2122,0.0415,0.0228
940,0.0045,36.69,0.0,100.0,200.0,941.0,139.0,98.0,63.31,163.31,904.31,61.31,3.2445,0.9825,0.0355,0.2167,0.031,0.0125
941,0.0045,36.69,0.0,100.0,200.0,942.0,142.0,99.0,63.31,163.31,905.31,62.31,3.2456,0.9927,0.0336,0.2207,0.0276,0.0156
942,0.0045,36.69,0.0,100.0,200.0,943.0,144.0,100.0,63.31,163.31,906.31,63.31,3.2466,1.0027,0.0316,0.2246,0.0316,0.0147
943,0.0045,36.69,0.0,100.0,200.0,944.0,149.0,101.0,63.31,163.31,907.31,64.31,3.2477,1.0127,0.0116,0.2305,0.0044,0.0036
944,0.0045,36.69,0.0,100.0,200.0,945.0,153.0,102.0,63.31,163.31,908.31,65.31,3.2487,1.0225,0.0107,0.2344,0.0072,0.0003
945,0.0045,36.69,0.0,100.0,200.0,946.0,153.0,103.0,63.31,163.31,909.31,66.31,3.2498,1.0323,0.0105,0.2381,0.0157,0.0085
946,0.0045,36.69,0.0,100.0,200.0,947.0,153.0,104.0,63.31,163.31,910.31,67.31,3.2508,1.0419,0.0027,0.2433,0.0113,0.0162
947,0.0045,36.69,0.0,100.0,200.0,948.0,149.0,105.0,63.31,163.31,911.31,68.31,3.2519,1.0515,0.0183,0.2488,0.0184,0.0279
948,0.0045,36.69,0.0,100.0,200.0,949.0,145.0,106.0,63.31,163.31,912.31,69.31,3.253,1.061,0.0172,0.2524,0.0202,0.0278
949,0.0045,36.69,0.0,100.0,200.0,950.0,145.0,107.0,63.31,163.31,913.31,70.31,3.254,1.0704,0.0256,0.2571,0.0067,0.0249
950,0.0045,36.69,0.0,100.0,200.0,951.0,143.0,108.0,63.31,163.31,914.31,71.31,3.2551,1.0797,0.022,0.2605,0.0081,0.0294
951,0.0045,36.69,0.0,100.0,200.0,952.0,145.0,109.0,63.31,163.31,915.31,72.31,3.2561,1.0889,0.0169,0.2636,0.0104,0.0312
952,0.0045,36.69,0.0,100.0,200.0,953.0,144.0,110.0,63.31,163.31,916.31,73.31,3.2572,1.098,0.0178,0.2674,0.0052,0.0385
953,0.0045,36.69,0.0,100.0,200.0,954.0,143.0,111.0,63.31,163.31,917.31,74.31,3.2582,1.1071,0.035,0.2732,0.0086,0.0436
954,0.0045,36.69,0.0,100.0,200.0,955.0,145.0,112.0,63.31,163.31,918.31,75.31,3.2593,1.116,0.0471,0.2783,0.0373,0.0518
955,0.0045,36.69,0.0,100.0,200.0,956.0,150.0,113.0,63.31,163.31,919.31,76.31,3.2603,1.1249,0.0674,0.2844,0.0732,0.0736
956,0.0045,36.69,0.0,100.0,200.0,957.0,152.0,114.0,63.31,163.31,920.31,77.31,3.2614,1.1337,0.0757,0.2892,0.0723,0.0902
957,0.0045,36.69,0.0,100.0,200.0,958.0,154.0,115.0,63.31,163.31,921.31,78.31,3.2624,1.1425,0.0873,0.2943,0.0824,0.0981
958,0.0045,36.69,0.0,100.0,200.0,959.0,153.0,116.0,63.31,163.31,922.31,79.31,3.2634,1.1511,0.0775,0.2968,0.0636,0.0948
959,0.0045,36.69,0.0,100.0,200.0,960.0,153.0,117.0,63.31,163.31,923.31,80.31,3.2645,1.1597,0.0758,0.3003,0.0643,0.0898
960,0.0045,36.69,0.0,100.0,200.0,961.0,153.0,118.0,63.31,163.31,924.31,81.31,3.2655,1.1682,0.0817,0.3048,0.0651,0.093
961,0.0045,36.69,0.0,100.0,200.0,962.0,156.0,119.0,63.31,163.31,925.31,82.31,3.2666,1.1767,0.0957,0.3102,0.0866,0.0982
962,0.0045,36.69,0.0,100.0,200.0,963.0,158.0,120.0,63.31,163.31,926.31,83.31,3.2676,1.185,0.0843,0.3125,0.08,0.0974
963,0.0045,36.69,0.0,100.0,200.0,964.0,161.0,121.0,63.31,163.31,927.31,84.31,3.2686,1.1933,0.0954,0.3176,0.1101,0.1027
964,0.0045,36.69,0.0,100.0,200.0,965.0,164.0,122.0,63.31,163.31,928.31,85.31,3.2697,1.2016,0.1156,0.3239,0.1277,0.1152
965,0.0045,36.69,0.0,100.0,200.0,966.0,165.0,123.0,63.31,163.31,929.31,86.31,3.2707,1.2097,0.1252,0.3288,0.1444,0.1258
966,0.0045,36.69,0.0,100.0,200.0,967.0,163.0,124.0,63.31,163.31,930.31,87.31,3.2717,1.2178,0.1403,0.3345,0.1707,0.1352
967,0.0045,36.69,0.0,100.0,200.0,968.0,162.0,125.0,63.31,163.31,931.31,88.31,3.2728,1.2259,0.1371,0.3378,0.1663,0.1392
968,0.0045,36.69,0.0,100.0,200.0,969.0,157.0,126.0,63.31,163.31,932.31,89.31,3.2738,1.2338,0.1486,0.343,0.1941,0.1463
969,0.0045,36.69,0.0,100.0,200.0,970.0,153.0,127.0,63.31,163.31,933.31,90.31,3.2748,1.2417,0.1479,0.3466,0.1947,0.1502
970,0.0045,36.69,0.0,100.0,200.0,971.0,150.0,128.0,63.31,163.31,934.31,91.31,3.2759,1.2496,0.1394,0.3492,0.1823,0.1404
971,0.0045,36.69,0.0,100.0,200.0,972.0,143.0,129.0,63.31,163.31,935.31,92.31,3.2769,1.2574,0.1499,0.3542,0.214,0.1477
972,0.0045,36.69,0.0,100.0,200.0,973.0,137.0,130.0,63.31,163.31,936.31,93.31,3.2779,1.2651,0.1541,0.3585,0.2087,0.1436
973,0.0045,36.69,0.0,100.0,200.0,974.0,132.0,131.0,63.31,163.31,937.31,94.31,3.279,1.2727,0.1429,0.3607,0.2026,0.1325
974,0.0045,36.69,0.0,100.0,200.0,975.0,128.0,128.0,63.31,163.31,938.31,91.31,3.28,1.2496,0.1379,0.3651,0.1991,0.1328
975,0.0045,36.69,0.0,100.0,200.0,976.0,124.0,124.0,63.31,163.31,939.31,87.31,3.281,1.2178,0.1504,0.3695,0.2086,0.1464
976,0.0045,36.69,0.0,100.0,200.0,977.0,120.0,120.0,63.31,163.31,940.31,83.31,3.282,1.185,0.1556,0.3739,0.2209,0.1454
977,0.0045,36.69,0.0,100.0,200.0,978.0,116.0,116.0,63.31,163.31,941.31,79.31,3.2831,1.1511,0.1603,0.3788,0.2389,0.1614
978,0.0045,36.69,0.0,100.0,200.0,979.0,111.0,111.0,63.31,163.31,942.31,74.31,3.2841,1.1071,0.2013,0.3837,0.2623,0.1713
979,0.0045,36.69,0.0,100.0,200.0,980.0,108.0,108.0,63.31,163.31,943.31,71.31,3.2851,1.0797,0.2284,0.3867,0.246,0.171
980,0.0045,36.69,0.0,100.0,200.0,981.0,107.0,107.0,63.31,163.31,944.31,70.31,3.2861,1.0704,0.2206,0.3896,0.222,0.1637
981,0.0045,36.69,0.0,100.0,200.0,982.0,106.0,106.0,63.31,163.31,945.31,69.31,3.2871,1.061,0.2274,0.3946,0.2339,0.1748
982,0.0045,36.69,0.0,100.0,200.0,983.0,106.0,106.0,63.31,163.31,946.31,69.31,3.2882,1.061,0.2171,0.3966,0.2178,0.1767
983,0.0045,36.69,0.0,100.0,200.0,984.0,108.0,107.0,63.31,163.31,947.31,70.31,3.2892,1.0704,0.2041,0.399,0.2013,0.1758
984,0.0045,36.69,0.0,100.0,200.0,985.0,108.0,108.0,63.31,163.31,948.31,71.31,3.2902,1.0797,0.2095,0.4035,0.2299,0.1819
985,0.0045,36.69,0.0,100.0,200.0,986.0,107.0,107.0,63.31,163.31,949.31,70.31,3.2912,1.0704,0.2467,0.4092,0.2484,0.193
986,0.0045,36.69,0.0,100.0,200.0,987.0,107.0,107.0,63.31,163.31,950.31,70.31,3.2922,1.0704,0.2509,0.4143,0.2464,0.204
987,0.0045,36.69,0.0,100.0,200.0,988.0,108.0,108.0,63.31,163.31,951.31,71.31,3.2932,1.0797,0.2549,0.4186,0.2418,0.2082
988,0.0045,36.69,0.0,100.0,200.0,989.0,108.0,108.0,63.31,163.31,952.31,71.31,3.2942,1.0797,0.2463,0.4229,0.2494,0.2107
989,0.0045,36.69,0.0,100.0,200.0,990.0,110.0,109.0,63.31,163.31,953.31,72.31,3.2953,1.0889,0.2328,0.4253,0.2318,0.2089
990,0.0045,36.69,0.0,100.0,200.0,991.0,110.0,110.0,63.31,163.31,954.31,73.31,3.2963,1.098,0.2467,0.4306,0.2568,0.2159
991,0.0045,36.69,0.0,100.0,200.0,992.0,110.0,110.0,63.31,163.31,955.31,73.31,3.2973,1.098,0.2504,0.4348,0.2672,0.2233
992,0.0045,36.69,0.0,100.0,200.0,993.0,110.0,110.0,63.31,163.31,956.31,73.31,3.2983,1.098,0.2558,0.439,0.2787,0.237
993,0.0045,36.69,0.0,100.0,200.0,994.0,111.0,111.0,63.31,163.31,957.31,74.31,3.2993,1.1071,0.2505,0.4423,0.2794,0.24
994,0.0045,36.69,0.0,100.0,200.0,995.0,110.0,110.0,63.31,163.31,958.31,73.31,3.3003,1.098,0.2736,0.4466,0.2901,0.241
995,0.0045,36.69,0.0,100.0,200.0,996.0,110.0,110.0,63.31,163.31,959.31,73.31,3.3013,1.098,0.2779,0.4509,0.2919,0.2437
996,0.0045,36.69,0.0,100.0,200.0,997.0,109.0,109.0,63.31,163.31,960.31,72.31,3.3023,1.0889,0.2588,0.455,0.3079,0.2513
997,0.0045,36.69,0.0,100.0,200.0,998.0,106.0,106.0,63.31,163.31,961.31,69.31,3.3033,1.061,0.2817,0.4595,0.3239,0.2517
998,0.0045,36.69,0.0,100.0,200.0,999.0,106.0,106.0,63.31,163.31,962.31,69.31,3.3043,1.061,0.2855,0.4629,0.3115,0.2605
999,0.0045,36.69,0.0,100.0,200.0,1000.0,105.0,105.0,63.31,163.31,963.31,68.31,3.3053,1.0515,0.2949,0.4664,0.3105,0.2589
1000,0.0045,36.69,0.0,100.0,200.0,1001.0,104.0,104.0,63.31,163.31,964.31,67.31,3.3063,1.0419,0.3158,0.4713,0.3296,0.2661
1001,0.0045,36.69,0.0,100.0,200.0,1002.0,102.0,102.0,63.31,163.31,965.31,65.31,3.3073,1.0225,0.3134,0.4745,0.3356,0.266
1002,0.0045,36.69,0.0,100.0,200.0,1003.0,102.0,102.0,63.31,163.31,966.31,65.31,3.3083,1.0225,0.3204,0.4782,0.3371,0.2828
1003,0.0045,36.69,0.0,100.0,200.0,1004.0,101.0,101.0,63.31,163.31,967.31,64.31,3.3093,1.0127,0.3394,0.4823,0.3469,0.285
1004,0.0045,36.69,0.0,100.0,200.0,1005.0,102.0,102.0,63.31,163.31,968.31,65.31,3.3103,1.0225,0.3309,0.4854,0.3177,0.2793
1005,0.0045,36.69,0.0,100.0,200.0,1006.0,103.0,103.0,63.31,163.31,969.31,66.31,3.3113,1.0323,0.3197,0.4881,0.3023,0.2728
1006,0.0045,36.69,0.0,100.0,200.0,1007.0,104.0,104.0,63.31,163.31,970.31,67.31,3.3123,1.0419,0.3284,0.4929,0.3101,0.282
1007,0.0045,36.69,0.0,100.0,200.0,1008.0,107.0,105.0,63.31,163.31,971.31,68.31,3.3133,1.0515,0.3332,0.4972,0.3035,0.2942
1008,0.0045,36.69,0.0,100.0,200.0,1009.0,110.0,106.0,63.31,163.31,972.31,69.31,3.3143,1.061,0.3335,0.5011,0.3024,0.2906
1009,0.0045,36.69,0.0,100.0,200.0,1010.0,114.0,107.0,63.31,163.31,973.31,70.31,3.3153,1.0704,0.3193,0.5035,0.2832,0.2824
1010,0.0045,36.69,0.0,100.0,200.0,1011.0,116.0,108.0,63.31,163.31,974.31,71.31,3.3162,1.0797,0.3171,0.5071,0.2676,0.2812
1011,0.0045,36.69,0.0,100.0,200.0,1012.0,120.0,109.0,63.31,163.31,975.31,72.31,3.3172,1.0889,0.3165,0.5109,0.2709,0.28
1012,0.0045,36.69,0.0,100.0,200.0,1013.0,120.0,110.0,63.31,163.31,976.31,73.31,3.3182,1.098,0.2998,0.5129,0.2442,0.2794
1013,0.0045,36.69,0.0,100.0,200.0,1014.0,119.0,111.0,63.31,163.31,977.31,74.31,3.3192,1.1071,0.3037,0.5171,0.2427,0.2868
1014,0.0045,36.69,0.0,100.0,200.0,1015.0,118.0,112.0,63.31,163.31,978.31,75.31,3.3202,1.116,0.2967,0.5201,0.2426,0.2909
1015,0.0045,36.69,0.0,100.0,200.0,1016.0,117.0,113.0,63.31,163.31,979.31,76.31,3.3212,1.1249,0.3046,0.5248,0.2429,0.2937
1016,0.0045,36.69,0.0,100.0,200.0,1017.0,118.0,114.0,63.31,163.31,980.31,77.31,3.3222,1.1337,0.3055,0.5286,0.256,0.2895
1017,0.0045,36.69,0.0,100.0,200.0,1018.0,118.0,115.0,63.31,163.31,981.31,78.31,3.3231,1.1425,0.2993,0.5317,0.2515,0.2864
1018,0.0045,36.69,0.0,100.0,200.0,1019.0,118.0,116.0,63.31,163.31,982.31,79.31,3.3241,1.1511,0.3074,0.5364,0.2504,0.288
1019,0.0045,36.69,0.0,100.0,200.0,1020.0,117.0,117.0,63.31,163.31,983.31,80.31,3.3251,1.1597,0.3149,0.541,0.2424,0.2941
1020,0.0045,36.69,0.0,100.0,200.0,1021.0,115.0,115.0,63.31,163.31,984.31,78.31,3.3261,1.1425,0.3009,0.5451,0.2446,0.3017
1021,0.0045,36.69,0.0,100.0,200.0,1022.0,113.0,113.0,63.31,163.31,985.31,76.31,3.3271,1.1249,0.275,0.5476,0.2223,0.285
1022,0.0045,36.69,0.0,100.0,200.0,1023.0,110.0,110.0,63.31,163.31,986.31,73.31,3.328,1.098,0.2701,0.5532,0.227,0.2986
1023,0.0045,36.69,0.0,100.0,200.0,1024.0,106.0,106.0,63.31,163.31,987.31,69.31,3.329,1.061,0.2846,0.5577,0.2202,0.3139
1024,0.0045,36.69,0.0,100.0,200.0,1025.0,102.0,102.0,63.31,163.31,988.31,65.31,3.33,1.0225,0.2275,0.5607,0.2051,0.3044
1025,0.0045,36.69,0.0,100.0,200.0,1026.0,99.0,99.0,63.31,163.31,989.31,62.31,3.331,0.9927,0.2217,0.5668,0.2223,0.3186
1026,0.0045,36.69,0.0,100.0,200.0,1027.0,96.0,96.0,63.31,163.31,990.31,59.31,3.3319,0.9619,0.1624,0.5689,0.205,0.3048
1027,0.0045,36.69,0.0,100.0,200.0,1028.0,92.0,92.0,63.31,163.31,991.31,55.31,3.3329,0.9193,0.2024,0.5727,0.1908,0.3012
1028,0.0045,36.69,0.0,100.0,200.0,1029.0,89.0,89.0,63.31,163.31,992.31,52.31,3.3339,0.8862,0.1731,0.5747,0.1655,0.2932
1029,0.0045,36.69,0.0,100.0,200.0,1030.0,85.0,85.0,63.31,163.31,993.31,48.31,3.3349,0.8402,0.1644,0.5795,0.1687,0.3086
1030,0.0045,36.69,0.0,100.0,200.0,1031.0,81.0,81.0,63.31,163.31,994.31,44.31,3.3358,0.792,0.1255,0.5827,0.1529,0.314
1031,0.0045,36.69,0.0,100.0,200.0,1032.0,78.0,78.0,63.31,163.31,995.31,41.31,3.3368,0.7543,0.1353,0.5872,0.1725,0.3193
1032,0.0045,36.69,0.0,100.0,200.0,1033.0,75.0,75.0,63.31,163.31,996.31,38.31,3.3378,0.715,0.0683,0.5909,0.1723,0.3244
1033,0.0045,36.69,0.0,100.0,200.0,1034.0,74.0,74.0,63.31,163.31,997.31,37.31,3.3387,0.7016,0.1046,0.5955,0.2012,0.3157
1034,0.0045,36.69,0.0,100.0,200.0,1035.0,73.0,73.0,63.31,163.31,998.31,36.31,3.3397,0.688,0.0901,0.6,0.2155,0.3185
1035,0.0045,36.69,0.0,100.0,200.0,1036.0,73.0,73.0,63.31,163.31,999.31,36.31,3.3407,0.688,0.1384,0.6056,0.2363,0.3272
1036,0.0045,36.69,0.0,100.0,200.0,1037.0,73.0,73.0,63.31,163.31,1000.31,36.31,3.3416,0.688,0.1652,0.6123,0.2772,0.3456
1037,0.0045,36.69,0.0,100.0,200.0,1038.0,74.0,74.0,63.31,163.31,1001.31,37.31,3.3426,0.7016,0.1681,0.6162,0.2895,0.3433
1038,0.0045,36.69,0.0,100.0,200.0,1039.0,74.0,74.0,63.31,163.31,1002.31,37.31,3.3436,0.7016,0.109,0.6178,0.2497,0.3284
1039,0.0045,36.69,0.0,100.0,200.0,1040.0,74.0,74.0,63.31,163.31,1003.31,37.31,3.3445,0.7016,0.1028,0.622,0.2446,0.3265
1040,0.00015,354.22,317.5314,100.0,200.0,1041.0,73.0,73.0,254.22,154.22,686.78,281.22,1.078,1.5795,0.0935,0.622,0.2429,0.3288
1041,0.00015,354.22,0.0,100.0,200.0,1042.0,73.0,73.0,254.22,154.22,687.78,281.22,1.079,1.5795,0.0685,0.6211,0.2366,0.3251
1042,0.00015,354.22,0.0,100.0,200.0,1043.0,73.0,73.0,254.22,154.22,688.78,281.22,1.0799,1.5795,0.0805,0.6213,0.2419,0.3236
1043,0.00015,354.22,0.0,100.0,200.0,1044.0,72.0,72.0,254.22,154.22,689.78,282.22,1.0809,1.5933,0.0885,0.6214,0.2274,0.3278
1044,0.00015,354.22,0.0,100.0,200.0,1045.0,72.0,72.0,254.22,154.22,690.78,282.22,1.0819,1.5933,0.1003,0.6221,0.2397,0.3303
1045,0.00015,354.22,0.0,100.0,200.0,1046.0,72.0,72.0,254.22,154.22,691.78,282.22,1.0828,1.5933,0.1358,0.6226,0.2493,0.3288
1046,0.00015,354.22,0.0,100.0,200.0,1047.0,72.0,72.0,254.22,154.22,692.78,282.22,1.0838,1.5933,0.1131,0.6211,0.2255,0.3169
1047,0.00015,354.22,0.0,100.0,200.0,1048.0,72.0,72.0,254.22,154.22,693.78,282.22,1.0847,1.5933,0.1175,0.6215,0.2184,0.3076
1048,0.00015,354.22,0.0,100.0,200.0,1049.0,71.0,71.0,254.22,154.22,694.78,283.22,1.0857,1.6072,0.0936,0.6208,0.2181,0.3044
1049,0.00015,354.22,0.0,100.0,200.0,1050.0,71.0,71.0,254.22,154.22,695.78,283.22,1.0866,1.6072,0.0839,0.6208,0.2134,0.3066
1050,0.00015,354.22,0.0,100.0,200.0,1051.0,71.0,71.0,254.22,154.22,696.78,283.22,1.0876,1.6072,0.1072,0.6211,0.2267,0.3104
1051,0.00015,354.22,0.0,100.0,200.0,1052.0,71.0,71.0,254.22,154.22,697.78,283.22,1.0885,1.6072,0.1166,0.6204,0.2299,0.3191
1052,0.00015,354.22,0.0,100.0,200.0,1053.0,71.0,71.0,254.22,154.22,698.78,283.22,1.0895,1.6072,0.0888,0.6192,0.2216,0.3101
1053,0.00015,354.22,0.0,100.0,200.0,1054.0,70.0,70.0,254.22,154.22,699.78,284.22,1.0904,1.6214,0.1525,0.6199,0.2158,0.3067
1054,0.00015,354.22,0.0,100.0,200.0,1055.0,70.0,70.0,254.22,154.22,700.78,284.22,1.0914,1.6214,0.1397,0.6191,0.1997,0.3109
1055,0.00015,354.22,0.0,100.0,200.0,544.0,68.0,68.0,254.22,154.22,189.78,286.22,0.429,1.6504,0.0794,0.5274,0.1699,0.3117
1056,0.00015,354.22,0.0,100.0,200.0,1.0,67.0,67.0,254.22,154.22,353.22,287.22,5.8699,1.6652,0.1005,0.3062,0.1642,0.3063
1057,0.00015,354.22,0.0,100.0,200.0,2.0,65.0,65.0,254.22,154.22,352.22,289.22,5.1768,1.6955,0.0705,0.1931,0.1526,0.3033
1058,0.00015,354.22,0.0,100.0,200.0,3.0,64.0,64.0,254.22,154.22,351.22,290.22,4.7713,1.711,0.0744,0.1272,0.1646,0.2978
1059,0.00015,354.22,0.0,100.0,200.0,4.0,64.0,64.0,254.22,154.22,350.22,290.22,4.4836,1.711,0.0638,0.0446,0.1656,0.2964
1060,0.00015,354.22,0.0,100.0,200.0,5.0,63.0,63.0,254.22,154.22,349.22,291.22,4.2605,1.7268,0.0691,0.2614,0.1709,0.2973
1061,0.00015,354.22,0.0,100.0,200.0,6.0,62.0,62.0,254.22,154.22,348.22,292.22,4.0782,1.7428,0.0905,0.3039,0.1605,0.3007
1062,0.00015,354.22,0.0,100.0,200.0,7.0,62.0,62.0,254.22,154.22,347.22,292.22,3.924,1.7428,0.067,0.2016,0.1711,0.3005
1063,0.00015,354.22,0.0,100.0,200.0,8.0,61.0,61.0,254.22,154.22,346.22,293.22,3.7905,1.759,0.0944,0.2713,0.1666,0.3112
1064,0.00015,354.22,0.0,100.0,200.0,9.0,60.0,60.0,254.22,154.22,345.22,294.22,3.6727,1.7756,0.1065,0.2509,0.144,0.3065
1065,0.00015,354.22,0.0,100.0,200.0,10.0,58.0,58.0,254.22,154.22,344.22,296.22,3.5673,1.8095,0.1064,0.2332,0.134,0.3077
1066,0.00015,354.22,0.0,100.0,200.0,11.0,57.0,57.0,254.22,154.22,343.22,297.22,3.472,1.8269,0.1482,0.283,0.1242,0.3137
1067,0.00015,354.22,0.0,100.0,200.0,12.0,56.0,56.0,254.22,154.22,342.22,298.22,3.385,1.8446,0.1552,0.2485,0.1279,0.3112
1068,0.00015,354.22,0.0,100.0,200.0,13.0,55.0,55.0,254.22,154.22,341.22,299.22,3.305,1.8626,0.1621,0.1289,0.1015,0.3097
1069,0.00015,354.22,0.0,100.0,200.0,14.0,53.0,53.0,254.22,154.22,340.22,301.22,3.2309,1.8996,0.1845,0.1765,0.1115,0.3129
1070,0.00015,354.22,0.0,100.0,200.0,15.0,53.0,53.0,254.22,154.22,339.22,301.22,3.1619,1.8996,0.2115,0.2059,0.1297,0.3136
1071,0.00015,354.22,0.0,100.0,200.0,16.0,52.0,52.0,254.22,154.22,338.22,302.22,3.0973,1.9187,0.1887,0.2032,0.1192,0.322
1072,0.00015,354.22,0.0,100.0,200.0,17.0,51.0,51.0,254.22,154.22,337.22,303.22,3.0367,1.9381,0.2396,0.2624,0.1271,0.3211
1073,0.00015,354.22,0.0,100.0,200.0,18.0,50.0,50.0,254.22,154.22,336.22,304.22,2.9795,1.9579,0.2085,0.2814,0.1494,0.3271
1074,0.00015,354.22,0.0,100.0,200.0,19.0,50.0,50.0,254.22,154.22,335.22,304.22,2.9255,1.9579,0.2567,0.3448,0.1587,0.3278
1075,0.00015,354.22,0.0,100.0,200.0,20.0,50.0,50.0,254.22,154.22,334.22,304.22,2.8742,1.9579,0.2489,0.4211,0.172,0.337
1076,0.00015,354.22,0.0,100.0,200.0,21.0,49.0,49.0,254.22,154.22,333.22,305.22,2.8254,1.9781,0.2867,0.3852,0.1628,0.3364
1077,0.00015,354.22,0.0,100.0,200.0,22.0,49.0,49.0,254.22,154.22,332.22,305.22,2.7789,1.9781,0.3095,0.3298,0.1442,0.3339
1078,0.00015,354.22,0.0,100.0,200.0,23.0,48.0,48.0,254.22,154.22,331.22,306.22,2.7344,1.9987,0.2754,0.2401,0.1163,0.3295
1079,0.00015,354.22,0.0,100.0,200.0,24.0,47.0,47.0,254.22,154.22,330.22,307.22,2.6919,2.0198,0.2754,0.2369,0.1257,0.3239
1080,0.00015,354.22,0.0,100.0,200.0,25.0,47.0,47.0,254.22,154.22,329.22,307.22,2.651,2.0198,0.2388,0.1894,0.126,0.3098
1081,0.00015,354.22,0.0,100.0,200.0,26.0,47.0,47.0,254.22,154.22,328.22,307.22,2.6118,2.0198,0.2311,0.1935,0.1174,0.3093
1082,0.00015,354.22,0.0,100.0,200.0,27.0,46.0,46.0,254.22,154.22,327.22,308.22,2.5741,2.0413,0.1523,0.2137,0.1424,0.3116
1083,0.00015,354.22,0.0,100.0,200.0,28.0,47.0,47.0,254.22,154.22,326.22,307.22,2.5377,2.0198,0.1355,0.1832,0.1499,0.3049
1084,0.00015,354.22,0.0,100.0,200.0,29.0,46.0,46.0,254.22,154.22,325.22,308.22,2.5026,2.0413,0.1936,0.1857,0.147,0.3156
1085,0.00015,354.22,0.0,100.0,200.0,30.0,46.0,46.0,254.22,154.22,324.22,308.22,2.4687,2.0413,0.1729,0.1577,0.1215,0.3099
1086,0.00015,354.22,0.0,100.0,200.0,31.0,46.0,46.0,254.22,154.22,323.22,308.22,2.4359,2.0413,0.156,0.1433,0.106,0.299
1087,0.00015,354.22,0.0,100.0,200.0,32.0,45.0,45.0,254.22,154.22,322.22,309.22,2.4042,2.0633,0.177,0.1695,0.1115,0.2973
1088,0.00015,354.22,0.0,100.0,200.0,33.0,45.0,45.0,254.22,154.22,321.22,309.22,2.3734,2.0633,0.19,0.1979,0.1179,0.3021
1089,0.00015,354.22,0.0,100.0,200.0,34.0,45.0,45.0,254.22,154.22,320.22,309.22,2.3436,2.0633,0.185,0.2227,0.1433,0.3038
1090,0.00015,354.22,0.0,100.0,200.0,35.0,45.0,45.0,254.22,154.22,319.22,309.22,2.3146,2.0633,0.179,0.2353,0.1349,0.31
1091,0.00015,354.22,0.0,100.0,200.0,36.0,45.0,45.0,254.22,154.22,318.22,309.22,2.2864,2.0633,0.1828,0.2037,0.1226,0.3068
1092,0.00015,354.22,0.0,100.0,200.0,37.0,45.0,45.0,254.22,154.22,317.22,309.22,2.259,2.0633,0.1664,0.2014,0.1198,0.309
1093,0.00015,354.22,0.0,100.0,200.0,38.0,44.0,44.0,254.22,154.22,316.22,310.22,2.2323,2.0857,0.1339,0.1588,0.1118,0.3031
1094,0.00015,354.22,0.0,100.0,200.0,39.0,44.0,44.0,254.22,154.22,315.22,310.22,2.2064,2.0857,0.1017,0.1409,0.102,0.3014
1095,0.00015,354.22,0.0,100.0,200.0,40.0,44.0,44.0,254.22,154.22,314.22,310.22,2.181,2.0857,0.1128,0.1419,0.0991,0.2987
1096,0.00015,354.22,0.0,100.0,200.0,41.0,44.0,44.0,254.22,154.22,313.22,310.22,2.1563,2.0857,0.151,0.1595,0.1056,0.3078
1097,0.00015,354.22,0.0,100.0,200.0,42.0,43.0,43.0,254.22,154.22,312.22,311.22,2.1322,2.1087,0.1798,0.2026,0.1188,0.3202
1098,0.00015,354.22,0.0,100.0,200.0,43.0,43.0,43.0,254.22,154.22,311.22,311.22,2.1087,2.1087,0.1728,0.1728,0.1117,0.3082
1099,0.00015,354.22,0.0,100.0,200.0,44.0,43.0,43.0,254.22,154.22,310.22,311.22,2.0857,2.1087,0.1354,0.1394,0.1024,0.3009
1100,0.00015,354.22,0.0,100.0,200.0,45.0,43.0,43.0,254.22,154.22,309.22,311.22,2.0633,2.1087,0.1389,0.1416,0.0943,0.3043
1101,0.00015,354.22,0.0,100.0,200.0,46.0,42.0,42.0,254.22,154.22,308.22,312.22,2.0413,2.1322,0.1054,0.1007,0.0837,0.2998
1102,0.00015,354.22,0.0,100.0,200.0,47.0,42.0,42.0,254.22,154.22,307.22,312.22,2.0198,2.1322,0.0801,0.1001,0.086,0.2995
1103,0.00015,354.22,0.0,100.0,200.0,48.0,42.0,42.0,254.22,154.22,306.22,312.22,1.9987,2.1322,0.0684,0.0986,0.0835,0.301
1104,0.00015,354.22,0.0,100.0,200.0,49.0,42.0,42.0,254.22,154.22,305.22,312.22,1.9781,2.1322,0.0511,0.0735,0.0804,0.2826
1105,0.00015,354.22,0.0,100.0,200.0,50.0,42.0,42.0,254.22,154.22,304.22,312.22,1.9579,2.1322,0.0327,0.0719,0.0916,0.2784
1106,0.00015,354.22,0.0,100.0,200.0,51.0,41.0,41.0,254.22,154.22,303.22,313.22,1.9381,2.1563,0.0406,0.0796,0.0871,0.2778
1107,0.00015,354.22,0.0,100.0,200.0,52.0,41.0,41.0,254.22,154.22,302.22,313.22,1.9187,2.1563,0.0303,0.0851,0.0857,0.2717
1108,0.00015,354.22,0.0,100.0,200.0,53.0,42.0,42.0,254.22,154.22,301.22,312.22,1.8996,2.1322,0.0707,0.116,0.1026,0.2774
1109,0.00015,354.22,0.0,100.0,200.0,54.0,42.0,42.0,254.22,154.22,300.22,312.22,1.8809,2.1322,0.0757,0.1155,0.1187,0.2737
1110,0.00015,354.22,0.0,100.0,200.0,55.0,42.0,42.0,254.22,154.22,299.22,312.22,1.8626,2.1322,0.1073,0.1139,0.1216,0.2652
1111,0.00015,354.22,0.0,100.0,200.0,56.0,42.0,42.0,254.22,154.22,298.22,312.22,1.8446,2.1322,0.0594,0.0902,0.1106,0.2591
1112,0.00015,354.22,0.0,100.0,200.0,57.0,43.0,43.0,254.22,154.22,297.22,311.22,1.8269,2.1087,0.0432,0.0775,0.123,0.2498
1113,0.00015,354.22,0.0,100.0,200.0,58.0,43.0,43.0,254.22,154.22,296.22,311.22,1.8095,2.1087,0.0462,0.0892,0.1269,0.2489
1114,0.00015,354.22,0.0,100.0,200.0,59.0,44.0,44.0,254.22,154.22,295.22,310.22,1.7924,2.0857,0.027,0.0741,0.1276,0.247
1115,0.00015,354.22,0.0,100.0,200.0,60.0,44.0,44.0,254.22,154.22,294.22,310.22,1.7756,2.0857,0.0167,0.0682,0.1168,0.2396
1116,0.00015,354.22,0.0,100.0,200.0,61.0,44.0,44.0,254.22,154.22,293.22,310.22,1.759,2.0857,0.0464,0.0415,0.1011,0.2361
1117,0.00015,354.22,0.0,100.0,200.0,62.0,45.0,45.0,254.22,154.22,292.22,309.22,1.7428,2.0633,0.0653,0.0264,0.1003,0.2313
1118,0.00015,354.22,0.0,100.0,200.0,63.0,45.0,45.0,254.22,154.22,291.22,309.22,1.7268,2.0633,0.0763,0.0278,0.0933,0.225
1119,0.00015,354.22,0.0,100.0,200.0,64.0,45.0,45.0,254.22,154.22,290.22,309.22,1.711,2.0633,0.1325,0.0112,0.0754,0.2099
1120,0.00015,354.22,0.0,100.0,200.0,65.0,46.0,46.0,254.22,154.22,289.22,308.22,1.6955,2.0413,0.1214,0.0169,0.077,0.2096
1121,0.00015,354.22,0.0,100.0,200.0,66.0,46.0,46.0,254.22,154.22,288.22,308.22,1.6803,2.0413,0.1411,0.0314,0.1008,0.2082
1122,0.00015,354.22,0.0,100.0,200.0,67.0,46.0,46.0,254.22,154.22,287.22,308.22,1.6652,2.0413,0.1391,0.0274,0.0811,0.1985
1123,0.00015,354.22,0.0,100.0,200.0,68.0,47.0,47.0,254.22,154.22,286.22,307.22,1.6504,2.0198,0.1478,0.019,0.0689,0.1868
1124,0.00015,354.22,0.0,100.0,200.0,69.0,47.0,47.0,254.22,154.22,285.22,307.22,1.6358,2.0198,0.1522,0.0037,0.0677,0.1765
1125,0.00015,354.22,0.0,100.0,200.0,70.0,48.0,48.0,254.22,154.22,284.22,306.22,1.6214,1.9987,0.1483,0.0042,0.0454,0.1718
1126,0.00015,354.22,0.0,100.0,200.0,71.0,48.0,48.0,254.22,154.22,283.22,306.22,1.6072,1.9987,0.1133,0.0035,0.0632,0.1699
1127,0.00015,354.22,0.0,100.0,200.0,72.0,49.0,49.0,254.22,154.22,282.22,305.22,1.5933,1.9781,0.1257,0.0065,0.0571,0.1575
1128,0.00015,354.22,0.0,100.0,200.0,73.0,49.0,49.0,254.22,154.22,281.22,305.22,1.5795,1.9781,0.1275,0.0053,0.0773,0.1528
1129,0.00015,354.22,0.0,100.0,200.0,74.0,50.0,50.0,254.22,154.22,280.22,304.22,1.5659,1.9579,0.157,0.0268,0.0513,0.1393
1130,0.00015,354.22,0.0,100.0,200.0,75.0,51.0,51.0,254.22,154.22,279.22,303.22,1.5524,1.9381,0.1246,0.0065,0.0741,0.1406
1131,0.00015,354.22,0.0,100.0,200.0,76.0,52.0,52.0,254.22,154.22,278.22,302.22,1.5392,1.9187,0.0977,0.0104,0.0799,0.1511
1132,0.00015,354.22,0.0,100.0,200.0,77.0,53.0,53.0,254.22,154.22,277.22,301.22,1.5261,1.8996,0.0905,0.014,0.0852,0.1515
1133,0.00015,354.22,0.0,100.0,200.0,78.0,53.0,53.0,254.22,154.22,276.22,301.22,1.5132,1.8996,0.0934,0.0002,0.0664,0.1544
1134,0.00015,354.22,0.0,100.0,200.0,79.0,54.0,54.0,254.22,154.22,275.22,300.22,1.5005,1.8809,0.0898,0.0011,0.0608,0.1565
1135,0.00015,354.22,0.0,100.0,200.0,80.0,54.0,54.0,254.22,154.22,274.22,300.22,1.4879,1.8809,0.0702,0.0181,0.057,0.1629
1136,0.00015,354.22,0.0,100.0,200.0,81.0,54.0,54.0,254.22,154.22,273.22,300.22,1.4755,1.8809,0.0982,0.0085,0.0208,0.163
1137,0.00015,354.22,0.0,100.0,200.0,82.0,53.0,53.0,254.22,154.22,272.22,301.22,1.4632,1.8996,0.0716,0.0222,0.0313,0.1723
1138,0.00015,354.22,0.0,100.0,200.0,83.0,54.0,54.0,254.22,154.22,271.22,300.22,1.4511,1.8809,0.0938,0.0067,0.0421,0.1556
1139,0.00015,354.22,0.0,100.0,200.0,84.0,54.0,54.0,254.22,154.22,270.22,300.22,1.4391,1.8809,0.0984,0.004,0.0301,0.1449
1140,0.00015,354.22,0.0,100.0,200.0,85.0,54.0,54.0,254.22,154.22,269.22,300.22,1.4273,1.8809,0.1209,0.0216,0.0102,0.134
1141,0.00015,354.22,0.0,100.0,200.0,86.0,54.0,54.0,254.22,154.22,268.22,300.22,1.4156,1.8809,0.1622,0.0357,0.0026,0.1271
1142,0.00015,354.22,0.0,100.0,200.0,87.0,54.0,54.0,254.22,154.22,267.22,300.22,1.404,1.8809,0.2028,0.0478,0.0151,0.1209
1143,0.00015,354.22,0.0,100.0,200.0,88.0,53.0,53.0,254.22,154.22,266.22,301.22,1.3926,1.8996,0.2523,0.0552,0.0274,0.1075
1144,0.00015,354.22,0.0,100.0,200.0,89.0,53.0,53.0,254.22,154.22,265.22,301.22,1.3813,1.8996,0.2293,0.051,0.0369,0.1089
1145,0.00015,354.22,0.0,100.0,200.0,90.0,53.0,53.0,254.22,154.22,264.22,301.22,1.3701,1.8996,0.2295,0.0491,0.0452,0.1096
1146,0.00015,354.22,0.0,100.0,200.0,91.0,53.0,53.0,254.22,154.22,263.22,301.22,1.3591,1.8996,0.203,0.0486,0.0346,0.103
1147,0.00015,354.22,0.0,100.0,200.0,92.0,53.0,53.0,254.22,154.22,262.22,301.22,1.3481,1.8996,0.1964,0.0501,0.045,0.0942
1148,0.00015,354.22,0.0,100.0,200.0,93.0,52.0,52.0,254.22,154.22,261.22,302.22,1.3373,1.9187,0.2099,0.0436,0.0376,0.0977
1149,0.00015,354.22,0.0,100.0,200.0,94.0,52.0,52.0,254.22,154.22,260.22,302.22,1.3266,1.9187,0.2336,0.0352,0.034,0.0972
1150,0.00015,354.22,0.0,100.0,200.0,95.0,52.0,52.0,254.22,154.22,259.22,302.22,1.316,1.9187,0.2401,0.0496,0.0569,0.0924
1151,0.00015,354.22,0.0,100.0,200.0,96.0,52.0,52.0,254.22,154.22,258.22,302.22,1.3056,1.9187,0.1925,0.0368,0.0421,0.1014
1152,0.00015,354.22,0.0,100.0,200.0,97.0,52.0,52.0,254.22,154.22,257.22,302.22,1.2952,1.9187,0.2177,0.0474,0.0446,0.096
1153,0.00015,354.22,0.0,100.0,200.0,98.0,52.0,52.0,254.22,154.22,256.22,302.22,1.2849,1.9187,0.2232,0.0675,0.0772,0.0768
1154,0.00015,354.22,0.0,100.0,200.0,99.0,52.0,52.0,254.22,154.22,255.22,302.22,1.2748,1.9187,0.2049,0.0564,0.0636,0.0756
1155,0.00015,354.22,0.0,100.0,200.0,100.0,52.0,52.0,254.22,154.22,254.22,302.22,1.2647,1.9187,0.2321,0.0696,0.0696,0.0576
1156,0.00015,354.22,0.0,100.0,200.0,101.0,52.0,52.0,254.22,154.22,253.22,302.22,1.2548,1.9187,0.208,0.0677,0.0715,0.0538
1157,0.00015,354.22,0.0,100.0,200.0,102.0,52.0,52.0,254.22,154.22,252.22,302.22,1.2449,1.9187,0.236,0.0812,0.087,0.0403
1158,0.00015,354.22,0.0,100.0,200.0,103.0,52.0,52.0,254.22,154.22,251.22,302.22,1.2352,1.9187,0.2339,0.0748,0.0813,0.0491
1159,0.00015,354.22,0.0,100.0,200.0,104.0,52.0,52.0,254.22,154.22,250.22,302.22,1.2255,1.9187,0.2657,0.0864,0.0923,0.0442
1160,0.00015,354.22,0.0,100.0,200.0,105.0,52.0,52.0,254.22,154.22,249.22,302.22,1.216,1.9187,0.2856,0.0789,0.0967,0.0446
1161,0.00015,354.22,0.0,100.0,200.0,106.0,52.0,52.0,254.22,154.22,248.22,302.22,1.2065,1.9187,0.2619,0.0657,0.0887,0.0434
1162,0.00015,354.22,0.0,100.0,200.0,107.0,51.0,51.0,254.22,154.22,247.22,303.22,1.1971,1.9381,0.2784,0.0815,0.1023,0.0419
1163,0.00015,354.22,0.0,100.0,200.0,108.0,51.0,51.0,254.22,154.22,246.22,303.22,1.1878,1.9381,0.2494,0.0728,0.1016,0.04
1164,0.00015,354.22,0.0,100.0,200.0,109.0,52.0,52.0,254.22,154.22,245.22,302.22,1.1786,1.9187,0.22,0.0604,0.0897,0.0346
1165,0.00015,354.22,0.0,100.0,200.0,110.0,52.0,52.0,254.22,154.22,244.22,302.22,1.1694,1.9187,0.235,0.06,0.0908,0.0291
1166,0.00015,354.22,0.0,100.0,200.0,111.0,52.0,52.0,254.22,154.22,243.22,302.22,1.1604,1.9187,0.2135,0.0565,0.0955,0.0219
1167,0.00015,354.22,0.0,100.0,200.0,112.0,52.0,52.0,254.22,154.22,242.22,302.22,1.1514,1.9187,0.2308,0.0664,0.106,0.0184
1168,0.00015,354.22,0.0,100.0,200.0,113.0,52.0,52.0,254.22,154.22,241.22,302.22,1.1425,1.9187,0.184,0.0581,0.0843,0.0161
1169,0.00015,354.22,0.0,100.0,200.0,114.0,53.0,53.0,254.22,154.22,240.22,301.22,1.1337,1.8996,0.1722,0.0536,0.0879,0.0193
1170,0.00015,354.22,0.0,100.0,200.0,115.0,53.0,53.0,254.22,154.22,239.22,301.22,1.125,1.8996,0.1701,0.0598,0.102,0.0214
1171,0.00015,354.22,0.0,100.0,200.0,116.0,53.0,53.0,254.22,154.22,238.22,301.22,1.1163,1.8996,0.1584,0.053,0.0964,0.0189
1172,0.00015,354.22,0.0,100.0,200.0,117.0,53.0,53.0,254.22,154.22,237.22,301.22,1.1077,1.8996,0.1583,0.0612,0.1188,0.0117
1173,0.00015,354.22,0.0,100.0,200.0,118.0,53.0,53.0,254.22,154.22,236.22,301.22,1.0992,1.8996,0.1856,0.0697,0.1356,0.0144
1174,0.00015,354.22,0.0,100.0,200.0,119.0,52.0,52.0,254.22,154.22,235.22,302.22,1.0908,1.9187,0.2413,0.0856,0.1702,0.0017
1175,0.00015,354.22,0.0,100.0,200.0,120.0,51.0,51.0,254.22,154.22,234.22,303.22,1.0824,1.9381,0.256,0.1023,0.2099,0.0115
1176,0.00015,354.22,0.0,100.0,200.0,121.0,50.0,50.0,254.22,154.22,233.22,304.22,1.0741,1.9579,0.2462,0.0953,0.1993,0.0108
1177,0.00015,354.22,0.0,100.0,200.0,122.0,50.0,50.0,254.22,154.22,232.22,304.22,1.0659,1.9579,0.2174,0.0885,0.1838,0.0123
1178,0.00015,354.22,0.0,100.0,200.0,123.0,50.0,50.0,254.22,154.22,231.22,304.22,1.0577,1.9579,0.2006,0.0802,0.1573,0.013
1179,0.00015,354.22,0.0,100.0,200.0,124.0,50.0,50.0,254.22,154.22,230.22,304.22,1.0496,1.9579,0.168,0.0793,0.1588,0.009
1180,0.00015,354.22,0.0,100.0,200.0,125.0,50.0,50.0,254.22,154.22,229.22,304.22,1.0416,1.9579,0.1952,0.0775,0.1479,0.0035
1181,0.00015,354.22,0.0,100.0,200.0,126.0,50.0,50.0,254.22,154.22,228.22,304.22,1.0336,1.9579,0.2162,0.075,0.1487,0.0082
1182,0.00015,354.22,0.0,100.0,200.0,127.0,50.0,50.0,254.22,154.22,227.22,304.22,1.0257,1.9579,0.1988,0.0652,0.1446,0.0064
1183,0.00015,354.22,0.0,100.0,200.0,128.0,49.0,49.0,254.22,154.22,226.22,305.22,1.0179,1.9781,0.2088,0.0747,0.1511,0.0069
1184,0.00015,354.22,0.0,100.0,200.0,129.0,49.0,49.0,254.22,154.22,225.22,305.22,1.0101,1.9781,0.2062,0.0625,0.1388,0.0116
1185,0.00015,354.22,0.0,100.0,200.0,130.0,49.0,49.0,254.22,154.22,224.22,305.22,1.0024,1.9781,0.1794,0.0577,0.1269,0.0048
1186,0.00015,354.22,0.0,100.0,200.0,131.0,50.0,50.0,254.22,154.22,223.22,304.22,0.9947,1.9579,0.1916,0.0633,0.132,0.0055
1187,0.00015,354.22,0.0,100.0,200.0,132.0,50.0,50.0,254.22,154.22,222.22,304.22,0.9871,1.9579,0.2267,0.0674,0.148,0.0107
1188,0.00015,354.22,0.0,100.0,200.0,133.0,50.0,50.0,254.22,154.22,221.22,304.22,0.9796,1.9579,0.1969,0.0652,0.1569,0.012
1189,0.00015,354.22,0.0,100.0,200.0,134.0,49.0,49.0,254.22,154.22,220.22,305.22,0.9721,1.9781,0.1713,0.0716,0.1768,0.0093
1190,0.00015,354.22,0.0,100.0,200.0,135.0,49.0,49.0,254.22,154.22,219.22,305.22,0.9646,1.9781,0.1389,0.0685,0.1801,0.0151
1191,0.00015,354.22,0.0,100.0,200.0,136.0,49.0,49.0,254.22,154.22,218.22,305.22,0.9573,1.9781,0.157,0.0824,0.1908,0.0266
1192,0.00015,354.22,0.0,100.0,200.0,137.0,49.0,49.0,254.22,154.22,217.22,305.22,0.9499,1.9781,0.1638,0.0893,0.2024,0.0338
1193,0.00015,354.22,0.0,100.0,200.0,138.0,48.0,48.0,254.22,154.22,216.22,306.22,0.9427,1.9987,0.1603,0.0831,0.1807,0.027
1194,0.00015,354.22,0.0,100.0,200.0,139.0,48.0,48.0,254.22,154.22,215.22,306.22,0.9354,1.9987,0.1779,0.0885,0.1839,0.0334
1195,0.00015,354.22,0.0,100.0,200.0,140.0,48.0,48.0,254.22,154.22,214.22,306.22,0.9283,1.9987,0.1692,0.0862,0.1834,0.0347
1196,0.00015,354.22,0.0,100.0,200.0,141.0,48.0,48.0,254.22,154.22,213.22,306.22,0.9212,1.9987,0.1885,0.0882,0.1959,0.0376
1197,0.00015,354.22,0.0,100.0,200.0,142.0,48.0,48.0,254.22,154.22,212.22,306.22,0.9141,1.9987,0.2292,0.096,0.2277,0.047
1198,0.00015,354.22,0.0,100.0,200.0,143.0,48.0,48.0,254.22,154.22,211.22,306.22,0.9071,1.9987,0.1824,0.0894,0.2086,0.041
1199,0.00015,354.22,0.0,100.0,200.0,144.0,48.0,48.0,254.22,154.22,210.22,306.22,0.9001,1.9987,0.2361,0.0984,0.2097,0.0461
1200,0.00015,354.22,0.0,100.0,200.0,145.0,47.0,47.0,254.22,154.22,209.22,307.22,0.8932,2.0198,0.1693,0.0957,0.2093,0.05
1201,0.00015,354.22,0.0,100.0,200.0,146.0,47.0,47.0,254.22,154.22,208.22,307.22,0.8863,2.0198,0.2142,0.1024,0.2028,0.052
1202,0.00015,354.22,0.0,100.0,200.0,147.0,47.0,47.0,254.22,154.22,207.22,307.22,0.8795,2.0198,0.194,0.1046,0.2078,0.0534
1203,0.00015,354.22,0.0,100.0,200.0,148.0,47.0,47.0,254.22,154.22,206.22,307.22,0.8727,2.0198,0.1847,0.1,0.2026,0.052
1204,0.00015,354.22,0.0,100.0,200.0,149.0,48.0,48.0,254.22,154.22,205.22,306.22,0.866,1.9987,0.1524,0.0901,0.1776,0.0411
1205,0.00015,354.22,0.0,100.0,200.0,150.0,48.0,48.0,254.22,154.22,204.22,306.22,0.8593,1.9987,0.0964,0.0812,0.1652,0.0293
1206,0.00015,354.22,0.0,100.0,200.0,151.0,48.0,48.0,254.22,154.22,203.22,306.22,0.8526,1.9987,0.1143,0.0825,0.1727,0.0353
1207,0.00015,354.22,0.0,100.0,200.0,152.0,48.0,48.0,254.22,154.22,202.22,306.22,0.846,1.9987,0.0646,0.0746,0.1654,0.0324
1208,0.00015,354.22,0.0,100.0,200.0,153.0,48.0,48.0,254.22,154.22,201.22,306.22,0.8395,1.9987,0.0686,0.0707,0.1777,0.0301
1209,0.00015,354.22,0.0,100.0,200.0,154.0,48.0,48.0,254.22,154.22,200.22,306.22,0.833,1.9987,0.0907,0.0685,0.176,0.0212
1210,0.00015,354.22,0.0,100.0,200.0,155.0,48.0,48.0,254.22,154.22,199.22,306.22,0.8265,1.9987,0.0405,0.0638,0.1698,0.0166
1211,0.00015,354.22,0.0,100.0,200.0,156.0,48.0,48.0,254.22,154.22,198.22,306.22,0.8201,1.9987,0.0486,0.0604,0.1531,0.0138
1212,0.00015,354.22,0.0,100.0,200.0,157.0,48.0,48.0,254.22,154.22,197.22,306.22,0.8137,1.9987,0.0877,0.0637,0.1528,0.0074
1213,0.00015,354.22,0.0,100.0,200.0,158.0,48.0,48.0,254.22,154.22,196.22,306.22,0.8073,1.9987,0.1103,0.0702,0.1714,0.0147
1214,0.00015,354.22,0.0,100.0,200.0,159.0,48.0,48.0,254.22,154.22,195.22,306.22,0.801,1.9987,0.1265,0.0726,0.168,0.0127
1215,0.00015,354.22,0.0,100.0,200.0,160.0,48.0,48.0,254.22,154.22,194.22,306.22,0.7947,1.9987,0.1152,0.076,0.1715,0.0199
1216,0.00015,354.22,0.0,100.0,200.0,161.0,48.0,48.0,254.22,154.22,193.22,306.22,0.7885,1.9987,0.1443,0.0787,0.1612,0.0225
1217,0.00015,354.22,0.0,100.0,200.0,162.0,48.0,48.0,254.22,154.22,192.22,306.22,0.7823,1.9987,0.1443,0.0754,0.1478,0.0163
1218,0.00015,354.22,0.0,100.0,200.0,163.0,48.0,48.0,254.22,154.22,191.22,306.22,0.7762,1.9987,0.1316,0.0759,0.1507,0.0212
1219,0.00015,354.22,0.0,100.0,200.0,164.0,49.0,49.0,254.22,154.22,190.22,305.22,0.7701,1.9781,0.0943,0.065,0.1233,0.0165
1220,0.00015,354.22,0.0,100.0,200.0,165.0,49.0,49.0,254.22,154.22,189.22,305.22,0.764,1.9781,0.1106,0.0649,0.1279,0.018
1221,0.00015,354.22,0.0,100.0,200.0,166.0,49.0,49.0,254.22,154.22,188.22,305.22,0.7579,1.9781,0.0808,0.0618,0.1332,0.0087
1222,0.00015,354.22,0.0,100.0,200.0,167.0,50.0,50.0,254.22,154.22,187.22,304.22,0.7519,1.9579,0.1038,0.0687,0.1432,0.0235
1223,0.00015,354.22,0.0,100.0,200.0,168.0,50.0,50.0,254.22,154.22,186.22,304.22,0.746,1.9579,0.0451,0.0571,0.119,0.0176
1224,0.00015,354.22,0.0,100.0,200.0,169.0,51.0,51.0,254.22,154.22,185.22,303.22,0.74,1.9381,0.0231,0.0503,0.0979,0.0076
1225,0.00015,354.22,0.0,100.0,200.0,170.0,51.0,51.0,254.22,154.22,184.22,303.22,0.7341,1.9381,0.0288,0.0632,0.1209,0.0303
1226,0.00015,354.22,0.0,100.0,200.0,171.0,52.0,52.0,254.22,154.22,183.22,302.22,0.7283,1.9187,0.0423,0.067,0.1277,0.0248
1227,0.00015,354.22,0.0,100.0,200.0,172.0,52.0,52.0,254.22,154.22,182.22,302.22,0.7224,1.9187,0.0285,0.0745,0.1343,0.0311
1228,0.00015,354.22,0.0,100.0,200.0,173.0,52.0,52.0,254.22,154.22,181.22,302.22,0.7166,1.9187,0.0272,0.0694,0.1271,0.0174
1229,0.00015,354.22,0.0,100.0,200.0,174.0,53.0,53.0,254.22,154.22,180.22,301.22,0.7109,1.8996,0.0009,0.0605,0.0965,0.0151
1230,0.00015,354.22,0.0,100.0,200.0,175.0,53.0,53.0,254.22,154.22,179.22,301.22,0.7051,1.8996,0.0217,0.0627,0.1162,0.0135
1231,0.00015,354.22,0.0,100.0,200.0,176.0,54.0,54.0,254.22,154.22,178.22,300.22,0.6994,1.8809,0.0241,0.0631,0.1304,0.0178
1232,0.00015,354.22,0.0,100.0,200.0,177.0,54.0,54.0,254.22,154.22,177.22,300.22,0.6938,1.8809,0.0511,0.0657,0.1386,0.0192
1233,0.00015,354.22,0.0,100.0,200.0,178.0,54.0,54.0,254.22,154.22,176.22,300.22,0.6881,1.8809,0.0801,0.0739,0.143,0.0308
1234,0.00015,354.22,0.0,100.0,200.0,179.0,54.0,54.0,254.22,154.22,175.22,300.22,0.6825,1.8809,0.0982,0.0781,0.1525,0.0383
1235,0.00015,354.22,0.0,100.0,200.0,180.0,54.0,54.0,254.22,154.22,174.22,300.22,0.677,1.8809,0.0736,0.0689,0.1505,0.0393
1236,0.00015,354.22,0.0,100.0,200.0,181.0,55.0,55.0,254.22,154.22,173.22,299.22,0.6714,1.8626,0.0628,0.0656,0.1377,0.051
1237,0.00015,354.22,0.0,100.0,200.0,182.0,55.0,55.0,254.22,154.22,172.22,299.22,0.6659,1.8626,0.0436,0.0529,0.1269,0.0403
1238,0.00015,354.22,0.0,100.0,200.0,183.0,56.0,56.0,254.22,154.22,171.22,298.22,0.6604,1.8446,0.0524,0.0555,0.1195,0.0312
1239,0.00015,354.22,0.0,100.0,200.0,184.0,56.0,56.0,254.22,154.22,170.22,298.22,0.655,1.8446,0.0209,0.0525,0.1058,0.0303
1240,0.00015,354.22,0.0,100.0,200.0,185.0,58.0,57.0,254.22,154.22,169.22,297.22,0.6496,1.8269,0.0019,0.0452,0.078,0.0264
1241,0.00015,354.22,0.0,100.0,200.0,186.0,59.0,58.0,254.22,154.22,168.22,296.22,0.6442,1.8095,0.0042,0.0467,0.0691,0.0258
1242,0.00015,354.22,0.0,100.0,200.0,187.0,60.0,59.0,254.22,154.22,167.22,295.22,0.6388,1.7924,0.0148,0.0404,0.0471,0.0236
1243,0.00015,354.22,0.0,100.0,200.0,188.0,62.0,60.0,254.22,154.22,166.22,294.22,0.6335,1.7756,0.0021,0.0454,0.05,0.0312
1244,0.00015,354.22,0.0,100.0,200.0,189.0,64.0,61.0,254.22,154.22,165.22,293.22,0.6282,1.759,0.0137,0.0488,0.0603,0.0411
1245,0.00015,354.22,0.0,100.0,200.0,190.0,65.0,62.0,254.22,154.22,164.22,292.22,0.6229,1.7428,0.0494,0.0602,0.0836,0.0569
1246,0.00015,354.22,0.0,100.0,200.0,191.0,67.0,63.0,254.22,154.22,163.22,291.22,0.6176,1.7268,0.0365,0.0558,0.076,0.0478
1247,0.00015,354.22,0.0,100.0,200.0,192.0,69.0,64.0,254.22,154.22,162.22,290.22,0.6124,1.711,0.0507,0.0603,0.0835,0.0568
1248,0.00015,354.22,0.0,100.0,200.0,193.0,70.0,65.0,254.22,154.22,161.22,289.22,0.6072,1.6955,0.0428,0.0575,0.0844,0.0535
1249,0.00015,354.22,0.0,100.0,200.0,194.0,72.0,66.0,254.22,154.22,160.22,288.22,0.6021,1.6803,0.0238,0.0509,0.0797,0.0494
1250,0.00015,354.22,0.0,100.0,200.0,195.0,74.0,67.0,254.22,154.22,159.22,287.22,0.5969,1.6652,0.051,0.06,0.0841,0.063
1251,0.00015,354.22,0.0,100.0,200.0,196.0,75.0,68.0,254.22,154.22,158.22,286.22,0.5918,1.6504,0.0345,0.0541,0.0851,0.0561
1252,0.00015,354.22,0.0,100.0,200.0,197.0,77.0,69.0,254.22,154.22,157.22,285.22,0.5867,1.6358,0.0578,0.0621,0.0909,0.0603
1253,0.00015,354.22,0.0,100.0,200.0,198.0,79.0,70.0,254.22,154.22,156.22,284.22,0.5816,1.6214,0.0517,0.0598,0.0669,0.0646
1254,0.00015,354.22,0.0,100.0,200.0,199.0,81.0,71.0,254.22,154.22,155.22,283.22,0.5766,1.6072,0.0611,0.063,0.0844,0.0665
1255,0.00015,354.22,0.0,100.0,200.0,200.0,84.0,72.0,254.22,154.22,154.22,282.22,0.5716,1.5933,0.0541,0.0604,0.0662,0.0604
1256,0.00015,354.22,0.0,100.0,200.0,201.0,87.0,73.0,254.22,154.22,153.22,281.22,0.5666,1.5795,0.0427,0.0561,0.0596,0.0581
1257,0.00015,354.22,0.0,100.0,200.0,202.0,89.0,74.0,254.22,154.22,152.22,280.22,0.5616,1.5659,0.0298,0.0512,0.0359,0.054
1258,0.00015,354.22,0.0,100.0,200.0,203.0,91.0,75.0,254.22,154.22,151.22,279.22,0.5567,1.5524,0.0236,0.0488,0.0374,0.0518
1259,0.00015,354.22,0.0,100.0,200.0,204.0,93.0,76.0,254.22,154.22,150.22,278.22,0.5518,1.5392,0.0264,0.0496,0.0269,0.0521
1260,0.00015,354.22,0.0,100.0,200.0,205.0,95.0,77.0,254.22,154.22,149.22,277.22,0.5469,1.5261,0.0441,0.056,0.0477,0.0647
1261,0.00015,354.22,0.0,100.0,200.0,206.0,98.0,78.0,254.22,154.22,148.22,276.22,0.542,1.5132,0.0332,0.0517,0.0529,0.0633
1262,0.00015,354.22,0.0,100.0,200.0,207.0,100.0,79.0,254.22,154.22,147.22,275.22,0.5372,1.5005,0.033,0.0515,0.0355,0.0614
1263,0.00015,354.22,0.0,100.0,200.0,208.0,101.0,80.0,254.22,154.22,146.22,274.22,0.5324,1.4879,0.0291,0.0498,0.0411,0.0638
1264,0.00015,354.22,0.0,100.0,200.0,209.0,104.0,81.0,254.22,154.22,145.22,273.22,0.5276,1.4755,0.0276,0.049,0.053,0.0639
1265,0.00015,354.22,0.0,100.0,200.0,210.0,106.0,82.0,254.22,154.22,144.22,272.22,0.5228,1.4632,0.0146,0.0438,0.0424,0.0591
1266,0.00015,354.22,0.0,100.0,200.0,211.0,108.0,83.0,254.22,154.22,143.22,271.22,0.5181,1.4511,0.0024,0.0369,0.0317,0.0561
1267,0.00015,354.22,0.0,100.0,200.0,212.0,109.0,84.0,254.22,154.22,142.22,270.22,0.5133,1.4391,0.0081,0.0343,0.0151,0.0531
1268,0.00015,354.22,0.0,100.0,200.0,213.0,110.0,85.0,254.22,154.22,141.22,269.22,0.5086,1.4273,0.0085,0.0339,0.0235,0.0464
1269,0.00015,354.22,0.0,100.0,200.0,214.0,113.0,86.0,254.22,154.22,140.22,268.22,0.5039,1.4156,0.0194,0.0448,0.0519,0.0624
1270,0.00015,354.22,0.0,100.0,200.0,215.0,116.0,87.0,254.22,154.22,139.22,267.22,0.4993,1.404,0.0363,0.0514,0.0589,0.0729
1271,0.00015,354.22,0.0,100.0,200.0,216.0,119.0,88.0,254.22,154.22,138.22,266.22,0.4946,1.3926,0.0311,0.0491,0.0621,0.0717
1272,0.00015,354.22,0.0,100.0,200.0,217.0,120.0,89.0,254.22,154.22,137.22,265.22,0.49,1.3813,0.0161,0.0428,0.0388,0.0713
1273,0.00015,354.22,0.0,100.0,200.0,218.0,118.0,90.0,254.22,154.22,136.22,264.22,0.4854,1.3701,0.0033,0.0346,0.0109,0.0657
1274,0.00015,354.22,0.0,100.0,200.0,219.0,114.0,91.0,254.22,154.22,135.22,263.22,0.4808,1.3591,0.007,0.0386,0.0005,0.0779
1275,0.00015,354.22,0.0,100.0,200.0,220.0,109.0,92.0,254.22,154.22,134.22,262.22,0.4763,1.3481,0.0199,0.0438,0.0085,0.0932
1276,0.00015,354.22,0.0,100.0,200.0,221.0,106.0,93.0,254.22,154.22,133.22,261.22,0.4718,1.3373,0.0418,0.0528,0.0195,0.1019
1277,0.00015,354.22,0.0,100.0,200.0,222.0,104.0,94.0,254.22,154.22,132.22,260.22,0.4672,1.3266,0.0384,0.0512,0.0241,0.0964
1278,0.00015,354.22,0.0,100.0,200.0,223.0,103.0,95.0,254.22,154.22,131.22,259.22,0.4627,1.316,0.042,0.0526,0.0371,0.0897
1279,0.00015,354.22,0.0,100.0,200.0,224.0,103.0,96.0,254.22,154.22,130.22,258.22,0.4583,1.3056,0.0378,0.0507,0.0338,0.0888
1280,0.00015,354.22,0.0,100.0,200.0,225.0,103.0,97.0,254.22,154.22,129.22,257.22,0.4538,1.2952,0.052,0.0566,0.0493,0.0911
1281,0.00015,354.22,0.0,100.0,200.0,226.0,104.0,98.0,254.22,154.22,128.22,256.22,0.4494,1.2849,0.0608,0.0604,0.0608,0.0973
1282,0.00015,354.22,0.0,100.0,200.0,227.0,105.0,99.0,254.22,154.22,127.22,255.22,0.445,1.2748,0.0522,0.0565,0.0645,0.0971
1283,0.00015,354.22,0.0,100.0,200.0,228.0,105.0,100.0,254.22,154.22,126.22,254.22,0.4406,1.2647,0.0532,0.0569,0.0532,0.0947
1284,0.00015,354.22,0.0,100.0,200.0,229.0,106.0,101.0,254.22,154.22,125.22,253.22,0.4362,1.2548,0.0426,0.0521,0.058,0.0909
1285,0.00015,354.22,0.0,100.0,200.0,230.0,108.0,102.0,254.22,154.22,124.22,252.22,0.4318,1.2449,0.0432,0.0522,0.0645,0.0882
1286,0.00015,354.22,0.0,100.0,200.0,231.0,109.0,103.0,254.22,154.22,123.22,251.22,0.4275,1.2352,0.0289,0.0457,0.0424,0.0797
1287,0.00015,354.22,0.0,100.0,200.0,232.0,108.0,104.0,254.22,154.22,122.22,250.22,0.4232,1.2255,0.0303,0.0462,0.0381,0.0855
1288,0.00015,354.22,0.0,100.0,200.0,233.0,108.0,105.0,254.22,154.22,121.22,249.22,0.4189,1.216,0.0412,0.051,0.0521,0.097
1289,0.00015,354.22,0.0,100.0,200.0,234.0,107.0,106.0,254.22,154.22,120.22,248.22,0.4146,1.2065,0.0526,0.056,0.0552,0.1085
1290,0.00015,354.22,0.0,100.0,200.0,235.0,106.0,106.0,254.22,154.22,119.22,248.22,0.4103,1.2065,0.0549,0.0504,0.0461,0.1056
1291,0.00015,354.22,0.0,100.0,200.0,236.0,104.0,104.0,254.22,154.22,118.22,250.22,0.4061,1.2255,0.0482,0.0502,0.0268,0.1013
1292,0.00015,354.22,0.0,100.0,200.0,237.0,101.0,101.0,254.22,154.22,117.22,253.22,0.4019,1.2548,0.0131,0.0442,0.0029,0.0952
1293,0.00015,354.22,0.0,100.0,200.0,238.0,99.0,99.0,254.22,154.22,116.22,255.22,0.3976,1.2748,0.0131,0.0485,0.0214,0.0935
1294,0.00015,354.22,0.0,100.0,200.0,239.0,98.0,98.0,254.22,154.22,115.22,256.22,0.3935,1.2849,0.0158,0.0498,0.0168,0.0929
1295,0.00015,354.22,0.0,100.0,200.0,240.0,96.0,96.0,254.22,154.22,114.22,258.22,0.3893,1.3056,0.0142,0.0447,0.0077,0.0881
1296,0.00015,354.22,0.0,100.0,200.0,241.0,93.0,93.0,254.22,154.22,113.22,261.22,0.3851,1.3373,0.0317,0.0406,0.0053,0.0878
1297,0.00015,354.22,0.0,100.0,200.0,242.0,90.0,90.0,254.22,154.22,112.22,264.22,0.381,1.3701,0.0113,0.0426,0.0119,0.1004
1298,0.00015,354.22,0.0,100.0,200.0,243.0,88.0,88.0,254.22,154.22,111.22,266.22,0.3769,1.3926,0.0083,0.0353,0.0207,0.0865
1299,0.00015,354.22,0.0,100.0,200.0,244.0,85.0,85.0,254.22,154.22,110.22,269.22,0.3727,1.4273,0.0107,0.0353,0.034,0.0803
1300,0.00015,354.22,0.0,100.0,200.0,245.0,83.0,83.0,254.22,154.22,109.22,271.22,0.3687,1.4511,0.0152,0.0365,0.0278,0.0833
1301,0.00015,354.22,0.0,100.0,200.0,246.0,81.0,81.0,254.22,154.22,108.22,273.22,0.3646,1.4755,0.0058,0.0335,0.0453,0.0712
1302,0.00015,354.22,0.0,100.0,200.0,247.0,79.0,79.0,254.22,154.22,107.22,275.22,0.3605,1.5005,0.0042,0.0321,0.0524,0.0702
1303,0.00015,354.22,0.0,100.0,200.0,248.0,77.0,77.0,254.22,154.22,106.22,277.22,0.3565,1.5261,0.0194,0.0322,0.046,0.0708
1304,0.00015,354.22,0.0,100.0,200.0,249.0,76.0,76.0,254.22,154.22,105.22,278.22,0.3525,1.5392,0.0198,0.0342,0.0266,0.068
1305,0.00015,354.22,0.0,100.0,200.0,250.0,76.0,76.0,254.22,154.22,104.22,278.22,0.3485,1.5392,0.0171,0.029,0.0268,0.0617
1306,0.00015,354.22,0.0,100.0,200.0,251.0,75.0,75.0,254.22,154.22,103.22,279.22,0.3445,1.5524,0.0332,0.0265,0.0354,0.0611
1307,0.00015,354.22,0.0,100.0,200.0,252.0,75.0,75.0,254.22,154.22,102.22,279.22,0.3405,1.5524,0.0298,0.0294,0.0166,0.0669
1308,0.00015,354.22,0.0,100.0,200.0,253.0,74.0,74.0,254.22,154.22,101.22,280.22,0.3365,1.5659,0.0978,0.0188,0.0377,0.0625
1309,0.00015,354.22,0.0,100.0,200.0,254.0,74.0,74.0,254.22,154.22,100.22,280.22,0.3326,1.5659,0.0636,0.0224,0.0255,0.0678
1310,0.00015,354.22,0.0,100.0,200.0,255.0,74.0,74.0,254.22,154.22,99.22,280.22,0.3287,1.5659,0.0386,0.0274,0.0057,0.0746
1311,0.00015,354.22,0.0,100.0,200.0,256.0,74.0,74.0,254.22,154.22,98.22,280.22,0.3247,1.5659,0.0168,0.0346,0.0178,0.078
1312,0.00015,354.22,0.0,100.0,200.0,257.0,74.0,74.0,254.22,154.22,97.22,280.22,0.3208,1.5659,0.0225,0.0251,0.0119,0.0629
1313,0.00015,354.22,0.0,100.0,200.0,258.0,74.0,74.0,254.22,154.22,96.22,280.22,0.317,1.5659,0.0224,0.0231,0.0277,0.0644
1314,0.00015,354.22,0.0,100.0,200.0,259.0,73.0,73.0,254.22,154.22,95.22,281.22,0.3131,1.5795,0.0189,0.0204,0.0388,0.0571
1315,0.00015,354.22,0.0,100.0,200.0,260.0,73.0,73.0,254.22,154.22,94.22,281.22,0.3092,1.5795,0.0161,0.0257,0.0308,0.0629
1316,0.00015,354.22,0.0,100.0,200.0,261.0,73.0,73.0,254.22,154.22,93.22,281.22,0.3054,1.5795,0.0114,0.028,0.0294,0.0584
1317,0.00015,354.22,0.0,100.0,200.0,262.0,73.0,73.0,254.22,154.22,92.22,281.22,0.3016,1.5795,0.0156,0.0317,0.0148,0.059
1318,0.00015,354.22,0.0,100.0,200.0,263.0,73.0,73.0,254.22,154.22,91.22,281.22,0.2978,1.5795,0.0049,0.0342,0.0093,0.0632
1319,0.00015,354.22,0.0,100.0,200.0,264.0,74.0,74.0,254.22,154.22,90.22,280.22,0.294,1.5659,0.0256,0.0282,0.0076,0.0504
1320,0.00015,354.22,0.0,100.0,200.0,265.0,74.0,74.0,254.22,154.22,89.22,280.22,0.2902,1.5659,0.0097,0.0295,0.0042,0.0543
1321,0.00015,354.22,0.0,100.0,200.0,266.0,75.0,75.0,254.22,154.22,88.22,279.22,0.2864,1.5524,0.0388,0.021,0.0218,0.0482
1322,0.00015,354.22,0.0,100.0,200.0,267.0,74.0,74.0,254.22,154.22,87.22,280.22,0.2827,1.5659,0.04,0.0225,0.0297,0.0492
1323,0.00015,354.22,0.0,100.0,200.0,268.0,75.0,75.0,254.22,154.22,86.22,279.22,0.2789,1.5524,0.0369,0.023,0.0091,0.0474
1324,0.00015,354.22,0.0,100.0,200.0,269.0,76.0,76.0,254.22,154.22,85.22,278.22,0.2752,1.5392,0.039,0.0221,0.0002,0.0413
1325,0.00015,354.22,0.0,100.0,200.0,270.0,77.0,77.0,254.22,154.22,84.22,277.22,0.2715,1.5261,0.0355,0.0227,0.0206,0.0427
1326,0.00015,354.22,0.0,100.0,200.0,271.0,77.0,77.0,254.22,154.22,83.22,277.22,0.2678,1.5261,0.0106,0.0251,0.0208,0.0459
1327,0.00015,354.22,0.0,100.0,200.0,272.0,77.0,77.0,254.22,154.22,82.22,277.22,0.2641,1.5261,0.0449,0.022,0.0425,0.0384
1328,0.00015,354.22,0.0,100.0,200.0,273.0,77.0,77.0,254.22,154.22,81.22,277.22,0.2604,1.5261,0.0264,0.0231,0.031,0.0406
1329,0.00015,354.22,0.0,100.0,200.0,274.0,78.0,78.0,254.22,154.22,80.22,276.22,0.2568,1.5132,0.0076,0.0282,0.0019,0.0398
1330,0.00015,354.22,0.0,100.0,200.0,275.0,79.0,79.0,254.22,154.22,79.22,275.22,0.2531,1.5005,0.0026,0.0294,0.0028,0.0492
1331,0.00015,354.22,0.0,100.0,200.0,276.0,79.0,79.0,254.22,154.22,78.22,275.22,0.2495,1.5005,0.0206,0.0299,0.0021,0.0567
1332,0.00015,354.22,0.0,100.0,200.0,277.0,79.0,79.0,254.22,154.22,77.22,275.22,0.2459,1.5005,0.0163,0.0296,0.0077,0.058
1333,0.00015,354.22,0.0,100.0,200.0,278.0,79.0,79.0,254.22,154.22,76.22,275.22,0.2423,1.5005,0.0419,0.0247,0.0361,0.046
1334,0.00015,354.22,0.0,100.0,200.0,279.0,78.0,78.0,254.22,154.22,75.22,276.22,0.2387,1.5132,0.0086,0.0296,0.0304,0.0536
1335,0.00015,354.22,0.0,100.0,200.0,280.0,78.0,78.0,254.22,154.22,74.22,276.22,0.2351,1.5132,0.0023,0.0279,0.019,0.0583
1336,0.00015,354.22,0.0,100.0,200.0,281.0,78.0,78.0,254.22,154.22,73.22,276.22,0.2316,1.5132,0.0036,0.0278,0.0135,0.0546
1337,0.00015,354.22,0.0,100.0,200.0,282.0,79.0,79.0,254.22,154.22,72.22,275.22,0.228,1.5005,0.0004,0.0265,0.0056,0.0587
1338,0.00015,354.22,0.0,100.0,200.0,283.0,80.0,80.0,254.22,154.22,71.22,274.22,0.2245,1.4879,0.005,0.025,0.0034,0.0505
1339,0.00015,354.22,0.0,100.0,200.0,284.0,80.0,80.0,254.22,154.22,70.22,274.22,0.2209,1.4879,0.0154,0.0226,0.0047,0.0431
1340,0.00015,354.22,0.0,100.0,200.0,285.0,82.0,81.0,254.22,154.22,69.22,273.22,0.2174,1.4755,0.0241,0.0199,0.001,0.032
1341,0.00015,354.22,0.0,100.0,200.0,286.0,84.0,82.0,254.22,154.22,68.22,272.22,0.2139,1.4632,0.0126,0.023,0.0067,0.0304
1342,0.00015,354.22,0.0,100.0,200.0,287.0,87.0,83.0,254.22,154.22,67.22,271.22,0.2104,1.4511,0.0039,0.0275,0.0314,0.0318
1343,0.00015,354.22,0.0,100.0,200.0,288.0,89.0,84.0,254.22,154.22,66.22,270.22,0.207,1.4391,0.0066,0.0281,0.0238,0.0294
1344,0.00015,354.22,0.0,100.0,200.0,289.0,91.0,85.0,254.22,154.22,65.22,269.22,0.2035,1.4273,0.0072,0.0239,0.005,0.0252
1345,0.00015,354.22,0.0,100.0,200.0,290.0,92.0,86.0,254.22,154.22,64.22,268.22,0.2,1.4156,0.0081,0.0234,0.018,0.0253
1346,0.00015,354.22,0.0,100.0,200.0,291.0,94.0,87.0,254.22,154.22,63.22,267.22,0.1966,1.404,0.0174,0.0308,0.0118,0.0364
1347,0.00015,354.22,0.0,100.0,200.0,292.0,95.0,88.0,254.22,154.22,62.22,266.22,0.1932,1.3926,0.0206,0.0316,0.0053,0.0369
1348,0.00015,354.22,0.0,100.0,200.0,293.0,97.0,89.0,254.22,154.22,61.22,265.22,0.1897,1.3813,0.018,0.0307,0.0079,0.0386
1349,0.00015,354.22,0.0,100.0,200.0,294.0,98.0,90.0,254.22,154.22,60.22,264.22,0.1863,1.3701,0.0086,0.0277,0.0117,0.0382
1350,0.00015,354.22,0.0,100.0,200.0,295.0,99.0,91.0,254.22,154.22,59.22,263.22,0.1829,1.3591,0.0141,0.0292,0.0015,0.0338
1351,0.00015,354.22,0.0,100.0,200.0,296.0,101.0,92.0,254.22,154.22,58.22,262.22,0.1796,1.3481,0.0112,0.0282,0.0067,0.0384
1352,0.00015,354.22,0.0,100.0,200.0,297.0,101.0,93.0,254.22,154.22,57.22,261.22,0.1762,1.3373,0.0248,0.0322,0.003,0.0394
1353,0.00015,354.22,0.0,100.0,200.0,298.0,104.0,94.0,254.22,154.22,56.22,260.22,0.1728,1.3266,0.0359,0.0356,0.0174,0.0347
1354,0.00015,354.22,0.0,100.0,200.0,299.0,105.0,95.0,254.22,154.22,55.22,259.22,0.1695,1.316,0.0408,0.0371,0.0153,0.0423
1355,0.00015,354.22,0.0,100.0,200.0,300.0,108.0,96.0,254.22,154.22,54.22,258.22,0.1661,1.3056,0.041,0.037,0.0203,0.0358
1356,0.00015,354.22,0.0,100.0,200.0,301.0,111.0,97.0,254.22,154.22,53.22,257.22,0.1628,1.2952,0.046,0.0386,0.0335,0.039
1357,0.00015,354.22,0.0,100.0,200.0,302.0,114.0,98.0,254.22,154.22,52.22,256.22,0.1595,1.2849,0.0486,0.0393,0.0456,0.0333
1358,0.00015,354.22,0.0,100.0,200.0,303.0,116.0,99.0,254.22,154.22,51.22,255.22,0.1562,1.2748,0.0456,0.0383,0.0475,0.0349
1359,0.00015,354.22,0.0,100.0,200.0,304.0,118.0,100.0,254.22,154.22,50.22,254.22,0.1529,1.2647,0.0583,0.0424,0.0583,0.0351
1360,0.00015,354.22,0.0,100.0,200.0,305.0,121.0,101.0,254.22,154.22,49.22,253.22,0.1496,1.2548,0.0567,0.0418,0.0434,0.0381
1361,0.00015,354.22,0.0,100.0,200.0,306.0,125.0,102.0,254.22,154.22,48.22,252.22,0.1463,1.2449,0.0507,0.0398,0.0459,0.0419
1362,0.00015,354.22,0.0,100.0,200.0,307.0,129.0,103.0,254.22,154.22,47.22,251.22,0.1431,1.2352,0.0338,0.034,0.0289,0.0247
1363,0.00015,354.22,0.0,100.0,200.0,308.0,133.0,104.0,254.22,154.22,46.22,250.22,0.1398,1.2255,0.0312,0.0331,0.0294,0.0278
1364,0.00015,354.22,0.0,100.0,200.0,309.0,136.0,105.0,254.22,154.22,45.22,249.22,0.1366,1.216,0.0162,0.0278,0.0149,0.0265
1365,0.00015,354.22,0.0,100.0,200.0,310.0,141.0,106.0,254.22,154.22,44.22,248.22,0.1333,1.2065,0.0231,0.0301,0.0328,0.0301
1366,0.00015,354.22,0.0,100.0,200.0,311.0,144.0,107.0,254.22,154.22,43.22,247.22,0.1301,1.1971,0.0152,0.0272,0.0385,0.0276
1367,0.00015,354.22,0.0,100.0,200.0,312.0,146.0,108.0,254.22,154.22,42.22,246.22,0.1269,1.1878,0.0064,0.024,0.0341,0.0171
1368,0.00015,354.22,0.0,100.0,200.0,313.0,150.0,109.0,254.22,154.22,41.22,245.22,0.1237,1.1786,0.0146,0.0166,0.0118,0.0101
1369,0.00015,354.22,0.0,100.0,200.0,314.0,151.0,110.0,254.22,154.22,40.22,244.22,0.1205,1.1694,0.0121,0.0173,0.0095,0.0137
1370,0.00015,354.22,0.0,100.0,200.0,315.0,150.0,111.0,254.22,154.22,39.22,243.22,0.1173,1.1604,0.0148,0.0161,0.0275,0.0082
1371,0.00015,354.22,0.0,100.0,200.0,316.0,149.0,112.0,254.22,154.22,38.22,242.22,0.1142,1.1514,0.0086,0.0181,0.0165,0.0153
1372,0.00015,354.22,0.0,100.0,200.0,317.0,150.0,113.0,254.22,154.22,37.22,241.22,0.111,1.1425,0.0169,0.015,0.0128,0.0055
1373,0.00015,354.22,0.0,100.0,200.0,318.0,154.0,114.0,254.22,154.22,36.22,240.22,0.1079,1.1337,0.0079,0.018,0.0145,0.0052
1374,0.00015,354.22,0.0,100.0,200.0,319.0,156.0,115.0,254.22,154.22,35.22,239.22,0.1047,1.125,0.0016,0.0201,0.0125,0.001
1375,0.00015,354.22,0.0,100.0,200.0,320.0,157.0,116.0,254.22,154.22,34.22,238.22,0.1016,1.1163,0.0124,0.025,0.0168,0.0033
1376,0.00015,354.22,0.0,100.0,200.0,321.0,161.0,117.0,254.22,154.22,33.22,237.22,0.0985,1.1077,0.0083,0.0234,0.0085,0.002
1377,0.00015,354.22,0.0,100.0,200.0,322.0,167.0,118.0,254.22,154.22,32.22,236.22,0.0954,1.0992,0.0176,0.0267,0.0054,0.0072
1378,0.00015,354.22,0.0,100.0,200.0,323.0,169.0,119.0,254.22,154.22,31.22,235.22,0.0923,1.0908,0.0105,0.0239,0.0066,0.0077
1379,0.00015,354.22,0.0,100.0,200.0,324.0,172.0,120.0,254.22,154.22,30.22,234.22,0.0892,1.0824,0.0111,0.024,0.0022,0.0083
1380,0.00015,354.22,0.0,100.0,200.0,325.0,171.0,121.0,254.22,154.22,29.22,233.22,0.0861,1.0741,0.0089,0.0231,0.0188,0.0078
1381,0.00015,354.22,0.0,100.0,200.0,326.0,169.0,122.0,254.22,154.22,28.22,232.22,0.083,1.0659,0.0201,0.0271,0.0142,0.0158
1382,0.00015,354.22,0.0,100.0,200.0,327.0,168.0,123.0,254.22,154.22,27.22,231.22,0.08,1.0577,0.0233,0.0282,0.002,0.0237
1383,0.00015,354.22,0.0,100.0,200.0,328.0,171.0,124.0,254.22,154.22,26.22,230.22,0.0769,1.0496,0.0388,0.0339,0.0159,0.027
1384,0.00015,354.22,0.0,100.0,200.0,329.0,175.0,125.0,254.22,154.22,25.22,229.22,0.0739,1.0416,0.0416,0.0349,0.0299,0.0365
1385,0.00015,354.22,0.0,100.0,200.0,330.0,178.0,126.0,254.22,154.22,24.22,228.22,0.0708,1.0336,0.0425,0.0352,0.0305,0.04
1386,0.00015,354.22,0.0,100.0,200.0,331.0,182.0,127.0,254.22,154.22,23.22,227.22,0.0678,1.0257,0.0415,0.0347,0.0441,0.0357
1387,0.00015,354.22,0.0,100.0,200.0,332.0,185.0,128.0,254.22,154.22,22.22,226.22,0.0648,1.0179,0.0432,0.0353,0.0448,0.034
1388,0.00015,354.22,0.0,100.0,200.0,333.0,190.0,129.0,254.22,154.22,21.22,225.22,0.0618,1.0101,0.0372,0.0329,0.0258,0.0314
1389,0.00015,354.22,0.0,100.0,200.0,334.0,190.0,130.0,254.22,154.22,20.22,224.22,0.0588,1.0024,0.0285,0.0295,0.0025,0.0213
1390,0.00015,354.22,0.0,100.0,200.0,335.0,192.0,131.0,254.22,154.22,19.22,223.22,0.0558,0.9947,0.0241,0.0277,0.0096,0.0203
1391,0.00015,354.22,0.0,100.0,200.0,336.0,198.0,132.0,254.22,154.22,18.22,222.22,0.0528,0.9871,0.0211,0.0264,0.0055,0.0086
1392,0.00015,354.22,0.0,100.0,200.0,337.0,200.0,133.0,254.22,154.22,17.22,221.22,0.0498,0.9796,0.0169,0.0246,0.0137,0.0008
1393,0.00015,354.22,0.0,100.0,200.0,338.0,203.0,134.0,254.22,154.22,16.22,220.22,0.0469,0.9721,0.033,0.0309,0.0247,0.0155
1394,0.00015,354.22,0.0,100.0,200.0,339.0,207.0,135.0,254.22,154.22,15.22,219.22,0.0439,0.9646,0.0313,0.0301,0.0189,0.0104
1395,0.00015,354.22,0.0,100.0,200.0,340.0,206.0,136.0,254.22,154.22,14.22,218.22,0.041,0.9573,0.0288,0.029,0.0273,0.01
1396,0.00015,354.22,0.0,100.0,200.0,341.0,199.0,137.0,254.22,154.22,13.22,217.22,0.038,0.9499,0.0377,0.0325,0.0491,0.0144
1397,0.00015,354.22,0.0,100.0,200.0,342.0,191.0,138.0,254.22,154.22,12.22,216.22,0.0351,0.9427,0.0438,0.0349,0.0526,0.0128
1398,0.00015,354.22,0.0,100.0,200.0,343.0,182.0,139.0,254.22,154.22,11.22,215.22,0.0322,0.9354,0.0381,0.0325,0.0623,0.0133
1399,0.00015,354.22,0.0,100.0,200.0,344.0,171.0,140.0,254.22,154.22,10.22,214.22,0.0293,0.9283,0.0439,0.0348,0.0703,0.0106
1400,0.00015,354.22,0.0,100.0,200.0,345.0,162.0,141.0,254.22,154.22,9.22,213.22,0.0264,0.9212,0.0507,0.0375,0.0768,0.017
1401,0.00015,354.22,0.0,100.0,200.0,346.0,153.0,142.0,254.22,154.22,8.22,212.22,0.0235,0.9141,0.0443,0.0349,0.0752,0.0074
1402,0.00015,354.22,0.0,100.0,200.0,347.0,145.0,143.0,254.22,154.22,7.22,211.22,0.0206,0.9071,0.043,0.0342,0.0765,0.0046
1403,0.00015,354.22,0.0,100.0,200.0,348.0,138.0,138.0,254.22,154.22,6.22,216.22,0.0177,0.9427,0.0559,0.0361,0.0828,0.0109
1404,0.00015,354.22,0.0,100.0,200.0,349.0,133.0,133.0,254.22,154.22,5.22,221.22,0.0148,0.9796,0.0534,0.0384,0.0862,0.0223
1405,0.00015,354.22,0.0,100.0,200.0,350.0,128.0,128.0,254.22,154.22,4.22,226.22,0.012,1.0179,0.0431,0.0361,0.0913,0.0247
1406,0.00015,354.22,0.0,100.0,200.0,351.0,123.0,123.0,254.22,154.22,3.22,231.22,0.0091,1.0577,0.0408,0.0392,0.109,0.0293
1407,0.00015,354.22,0.0,100.0,200.0,352.0,119.0,119.0,254.22,154.22,2.22,235.22,0.0063,1.0908,0.0551,0.0406,0.1065,0.0375
1408,0.00015,354.22,0.0,100.0,200.0,353.0,114.0,114.0,254.22,154.22,1.22,240.22,0.0034,1.1337,0.0482,0.0377,0.1236,0.0354
1409,0.00015,354.22,0.0,100.0,200.0,354.0,111.0,111.0,254.22,154.22,0.22,243.22,0.0006,1.1604,0.0766,0.0368,0.1114,0.0355
1410,0.00015,354.22,0.0,100.0,200.0,355.0,109.0,109.0,254.22,154.22,0.78,245.22,0.0022,1.1786,0.0973,0.0417,0.1164,0.0479
1411,0.00015,354.22,0.0,100.0,200.0,356.0,109.0,109.0,254.22,154.22,1.78,245.22,0.005,1.1786,0.1034,0.0426,0.1015,0.0521
1412,0.00015,354.22,0.0,100.0,200.0,357.0,107.0,107.0,254.22,154.22,2.78,247.22,0.0078,1.1971,0.0934,0.037,0.1062,0.0397
1413,0.00015,354.22,0.0,100.0,200.0,358.0,105.0,105.0,254.22,154.22,3.78,249.22,0.0106,1.216,0.1063,0.0333,0.0984,0.0279
1414,0.00015,354.22,0.0,100.0,200.0,359.0,102.0,102.0,254.22,154.22,4.78,252.22,0.0134,1.2449,0.1066,0.0373,0.1201,0.0331
1415,0.00015,354.22,0.0,100.0,200.0,360.0,100.0,100.0,254.22,154.22,5.78,254.22,0.0162,1.2647,0.1051,0.0369,0.1051,0.0297
1416,0.00015,354.22,0.0,100.0,200.0,361.0,98.0,98.0,254.22,154.22,6.78,256.22,0.019,1.2849,0.0845,0.0372,0.1001,0.0279
1417,0.00015,354.22,0.0,100.0,200.0,362.0,98.0,98.0,254.22,154.22,7.78,256.22,0.0217,1.2849,0.0882,0.0337,0.0783,0.0242
1418,0.00015,354.22,0.0,100.0,200.0,363.0,98.0,98.0,254.22,154.22,8.78,256.22,0.0245,1.2849,0.0997,0.0377,0.0864,0.031
1419,0.00015,354.22,0.0,100.0,200.0,364.0,97.0,97.0,254.22,154.22,9.78,257.22,0.0272,1.2952,0.1176,0.0371,0.1005,0.0389
1420,0.00015,354.22,0.0,100.0,200.0,365.0,97.0,97.0,254.22,154.22,10.78,257.22,0.03,1.2952,0.1093,0.0352,0.0903,0.0355
1421,0.00015,354.22,0.0,100.0,200.0,366.0,96.0,96.0,254.22,154.22,11.78,258.22,0.0327,1.3056,0.1088,0.0347,0.1109,0.0371
1422,0.00015,354.22,0.0,100.0,200.0,367.0,93.0,93.0,254.22,154.22,12.78,261.22,0.0354,1.3373,0.1264,0.0426,0.1366,0.0459
1423,0.00015,354.22,0.0,100.0,200.0,368.0,92.0,92.0,254.22,154.22,13.78,262.22,0.0382,1.3481,0.1214,0.0425,0.1349,0.0554
1424,0.00015,354.22,0.0,100.0,200.0,369.0,91.0,91.0,254.22,154.22,14.78,263.22,0.0409,1.3591,0.1415,0.0432,0.1405,0.0626
1425,0.00015,354.22,0.0,100.0,200.0,370.0,90.0,90.0,254.22,154.22,15.78,264.22,0.0436,1.3701,0.116,0.0391,0.1238,0.0441
1426,0.00015,354.22,0.0,100.0,200.0,371.0,89.0,89.0,254.22,154.22,16.78,265.22,0.0463,1.3813,0.1133,0.0371,0.1104,0.0373
1427,0.00015,354.22,0.0,100.0,200.0,372.0,88.0,88.0,254.22,154.22,17.78,266.22,0.049,1.3926,0.1044,0.0319,0.0996,0.0211
1428,0.00015,354.22,0.0,100.0,200.0,373.0,87.0,87.0,254.22,154.22,18.78,267.22,0.0517,1.404,0.1141,0.0342,0.1056,0.0298
1429,0.00015,354.22,0.0,100.0,200.0,374.0,88.0,88.0,254.22,154.22,19.78,266.22,0.0543,1.3926,0.105,0.0322,0.0842,0.0337
1430,0.00015,354.22,0.0,100.0,200.0,375.0,88.0,88.0,254.22,154.22,20.78,266.22,0.057,1.3926,0.0844,0.0308,0.0758,0.029
1431,0.00015,354.22,0.0,100.0,200.0,376.0,89.0,89.0,254.22,154.22,21.78,265.22,0.0597,1.3813,0.0847,0.0309,0.0748,0.0289
1432,0.00015,354.22,0.0,100.0,200.0,377.0,90.0,90.0,254.22,154.22,22.78,264.22,0.0623,1.3701,0.0877,0.0316,0.0786,0.028
1433,0.00015,354.22,0.0,100.0,200.0,378.0,88.0,88.0,254.22,154.22,23.78,266.22,0.065,1.3926,0.1245,0.0368,0.1122,0.0305
1434,0.00015,354.22,0.0,100.0,200.0,379.0,88.0,88.0,254.22,154.22,24.78,266.22,0.0676,1.3926,0.0996,0.0366,0.0981,0.0264
1435,0.00015,354.22,0.0,100.0,200.0,380.0,87.0,87.0,254.22,154.22,25.78,267.22,0.0703,1.404,0.1117,0.0392,0.1128,0.0394
1436,0.00015,354.22,0.0,100.0,200.0,381.0,87.0,87.0,254.22,154.22,26.78,267.22,0.0729,1.404,0.1129,0.0371,0.1053,0.0384
1437,0.00015,354.22,0.0,100.0,200.0,382.0,87.0,87.0,254.22,154.22,27.78,267.22,0.0755,1.404,0.0954,0.0342,0.0984,0.0445
1438,0.00015,354.22,0.0,100.0,200.0,383.0,87.0,87.0,254.22,154.22,28.78,267.22,0.0781,1.404,0.09,0.0321,0.0948,0.0382
1439,0.00015,354.22,0.0,100.0,200.0,384.0,87.0,87.0,254.22,154.22,29.78,267.22,0.0807,1.404,0.0746,0.0317,0.1002,0.0402
1440,0.00015,354.22,0.0,100.0,200.0,385.0,87.0,87.0,254.22,154.22,30.78,267.22,0.0833,1.404,0.0651,0.0322,0.1098,0.0479
1441,0.00015,354.22,0.0,100.0,200.0,386.0,87.0,87.0,254.22,154.22,31.78,267.22,0.0859,1.404,0.0713,0.0347,0.111,0.0514
1442,0.00015,354.22,0.0,100.0,200.0,387.0,88.0,88.0,254.22,154.22,32.78,266.22,0.0885,1.3926,0.0809,0.0368,0.1066,0.0615
1443,0.00015,354.22,0.0,100.0,200.0,388.0,89.0,89.0,254.22,154.22,33.78,265.22,0.0911,1.3813,0.0735,0.0351,0.0986,0.0537
1444,0.00015,354.22,0.0,100.0,200.0,389.0,89.0,89.0,254.22,154.22,34.78,265.22,0.0937,1.3813,0.076,0.0357,0.1131,0.0516
1445,0.00015,354.22,0.0,100.0,200.0,390.0,88.0,88.0,254.22,154.22,35.78,266.22,0.0962,1.3926,0.0796,0.0382,0.1246,0.0458
1446,0.00015,354.22,0.0,100.0,200.0,391.0,89.0,89.0,254.22,154.22,36.78,265.22,0.0988,1.3813,0.0635,0.0345,0.089,0.0429
1447,0.00015,354.22,0.0,100.0,200.0,392.0,89.0,89.0,254.22,154.22,37.78,265.22,0.1013,1.3813,0.0586,0.0326,0.0791,0.0347
1448,0.00015,354.22,0.0,100.0,200.0,393.0,90.0,90.0,254.22,154.22,38.78,264.22,0.1039,1.3701,0.0437,0.0291,0.0684,0.0306
1449,0.00015,354.22,0.0,100.0,200.0,394.0,91.0,91.0,254.22,154.22,39.78,263.22,0.1064,1.3591,0.0497,0.0304,0.0827,0.0397
1450,0.00015,354.22,0.0,100.0,200.0,395.0,92.0,92.0,254.22,154.22,40.78,262.22,0.109,1.3481,0.0488,0.0301,0.0771,0.0303
1451,0.00015,354.22,0.0,100.0,200.0,396.0,93.0,93.0,254.22,154.22,41.78,261.22,0.1115,1.3373,0.0387,0.0277,0.0708,0.0313
1452,0.00015,354.22,0.0,100.0,200.0,397.0,94.0,94.0,254.22,154.22,42.78,260.22,0.114,1.3266,0.0436,0.0288,0.0631,0.0256
1453,0.00015,354.22,0.0,100.0,200.0,398.0,96.0,95.0,254.22,154.22,43.78,259.22,0.1165,1.316,0.0393,0.0277,0.0487,0.0255
1454,0.00015,354.22,0.0,100.0,200.0,399.0,97.0,96.0,254.22,154.22,44.78,258.22,0.119,1.3056,0.049,0.0299,0.0534,0.0269
1455,0.00015,354.22,0.0,100.0,200.0,400.0,99.0,97.0,254.22,154.22,45.78,257.22,0.1215,1.2952,0.0463,0.0292,0.0507,0.028
1456,0.00015,354.22,0.0,100.0,200.0,401.0,101.0,98.0,254.22,154.22,46.78,256.22,0.124,1.2849,0.0491,0.0298,0.0486,0.0335
1457,0.00015,354.22,0.0,100.0,200.0,402.0,105.0,99.0,254.22,154.22,47.78,255.22,0.1265,1.2748,0.0344,0.0261,0.0316,0.0311
1458,0.00015,354.22,0.0,100.0,200.0,403.0,108.0,100.0,254.22,154.22,48.78,254.22,0.129,1.2647,0.0384,0.027,0.0384,0.0354
1459,0.00015,354.22,0.0,100.0,200.0,404.0,111.0,101.0,254.22,154.22,49.78,253.22,0.1315,1.2548,0.0342,0.0259,0.0213,0.0323
1460,0.00015,354.22,0.0,100.0,200.0,405.0,114.0,102.0,254.22,154.22,50.78,252.22,0.134,1.2449,0.0171,0.0215,0.0054,0.0169
1461,0.00015,354.22,0.0,100.0,200.0,406.0,116.0,103.0,254.22,154.22,51.78,251.22,0.1364,1.2352,0.0008,0.0168,0.0074,0.0118
1462,0.00015,354.22,0.0,100.0,200.0,407.0,119.0,104.0,254.22,154.22,52.78,250.22,0.1389,1.2255,0.0103,0.0143,0.0004,0.0068
1463,0.00015,354.22,0.0,100.0,200.0,408.0,123.0,105.0,254.22,154.22,53.78,249.22,0.1414,1.216,0.0029,0.016,0.0096,0.012
1464,0.00015,354.22,0.0,100.0,200.0,409.0,127.0,106.0,254.22,154.22,54.78,248.22,0.1438,1.2065,0.023,0.0106,0.0038,0.0019
1465,0.00015,354.22,0.0,100.0,200.0,410.0,131.0,107.0,254.22,154.22,55.78,247.22,0.1462,1.1971,0.012,0.0133,0.0079,0.0128
1466,0.00015,354.22,0.0,100.0,200.0,411.0,135.0,108.0,254.22,154.22,56.78,246.22,0.1487,1.1878,0.0136,0.0127,0.0142,0.0189
1467,0.00015,354.22,0.0,100.0,200.0,412.0,139.0,109.0,254.22,154.22,57.78,245.22,0.1511,1.1786,0.0115,0.0131,0.0257,0.0224
1468,0.00015,354.22,0.0,100.0,200.0,413.0,139.0,110.0,254.22,154.22,58.78,244.22,0.1535,1.1694,0.0047,0.0147,0.0559,0.0263
1469,0.00015,354.22,0.0,100.0,200.0,414.0,139.0,111.0,254.22,154.22,59.78,243.22,0.1559,1.1604,0.0119,0.0126,0.0452,0.0103
1470,0.00015,354.22,0.0,100.0,200.0,415.0,136.0,112.0,254.22,154.22,60.78,242.22,0.1584,1.1514,0.0122,0.0124,0.048,0.0027
1471,0.00015,354.22,0.0,100.0,200.0,416.0,136.0,113.0,254.22,154.22,61.78,241.22,0.1608,1.1425,0.0135,0.0119,0.0395,0.004
1472,0.00015,354.22,0.0,100.0,200.0,417.0,135.0,114.0,254.22,154.22,62.78,240.22,0.1632,1.1337,0.0187,0.0103,0.0429,0.0075
1473,0.00015,354.22,0.0,100.0,200.0,418.0,137.0,115.0,254.22,154.22,63.78,239.22,0.1656,1.125,0.0113,0.0121,0.0412,0.0204
1474,0.00015,354.22,0.0,100.0,200.0,419.0,139.0,116.0,254.22,154.22,64.78,238.22,0.168,1.1163,0.0103,0.0123,0.0351,0.0163
1475,0.00015,354.22,0.0,100.0,200.0,420.0,141.0,117.0,254.22,154.22,65.78,237.22,0.1703,1.1077,0.0039,0.0139,0.0262,0.014
1476,0.00015,354.22,0.0,100.0,200.0,421.0,141.0,118.0,254.22,154.22,66.78,236.22,0.1727,1.0992,0.0033,0.0157,0.0394,0.0079
1477,0.00015,354.22,0.0,100.0,200.0,422.0,143.0,119.0,254.22,154.22,67.78,235.22,0.1751,1.0908,0.0065,0.0165,0.0321,0.0113
1478,0.00015,354.22,0.0,100.0,200.0,423.0,142.0,120.0,254.22,154.22,68.78,234.22,0.1775,1.0824,0.0127,0.0181,0.048,0.0132
1479,0.00015,354.22,0.0,100.0,200.0,424.0,142.0,121.0,254.22,154.22,69.78,233.22,0.1798,1.0741,0.0032,0.0153,0.0357,0.0093
1480,0.00015,354.22,0.0,100.0,200.0,425.0,142.0,122.0,254.22,154.22,70.78,232.22,0.1822,1.0659,0.0077,0.012,0.025,0.0044
1481,0.00015,354.22,0.0,100.0,200.0,426.0,142.0,123.0,254.22,154.22,71.78,231.22,0.1845,1.0577,0.004,0.0153,0.0256,0.0018
1482,0.00015,354.22,0.0,100.0,200.0,427.0,144.0,124.0,254.22,154.22,72.78,230.22,0.1869,1.0496,0.0008,0.0142,0.0175,0.0002
1483,0.00015,354.22,0.0,100.0,200.0,428.0,149.0,125.0,254.22,154.22,73.78,229.22,0.1892,1.0416,0.0058,0.0155,0.0044,0.0026
1484,0.00015,354.22,0.0,100.0,200.0,429.0,154.0,126.0,254.22,154.22,74.78,228.22,0.1915,1.0336,0.0144,0.0179,0.0113,0.0131
1485,0.00015,354.22,0.0,100.0,200.0,430.0,159.0,127.0,254.22,154.22,75.78,227.22,0.1939,1.0257,0.017,0.0186,0.0132,0.0144
1486,0.00015,354.22,0.0,100.0,200.0,431.0,164.0,128.0,254.22,154.22,76.78,226.22,0.1962,1.0179,0.023,0.0203,0.0219,0.0255
1487,0.00015,354.22,0.0,100.0,200.0,432.0,167.0,129.0,254.22,154.22,77.78,225.22,0.1985,1.0101,0.0133,0.0172,0.0071,0.0184
1488,0.00015,354.22,0.0,100.0,200.0,433.0,171.0,130.0,254.22,154.22,78.78,224.22,0.2008,1.0024,0.0029,0.014,0.0011,0.0059
1489,0.00015,354.22,0.0,100.0,200.0,434.0,176.0,131.0,254.22,154.22,79.78,223.22,0.2031,0.9947,0.0061,0.0112,0.0001,0.0062
1490,0.00015,354.22,0.0,100.0,200.0,435.0,181.0,132.0,254.22,154.22,80.78,222.22,0.2054,0.9871,0.0108,0.0096,0.0006,0.003
1491,0.00015,354.22,0.0,100.0,200.0,436.0,185.0,133.0,254.22,154.22,81.78,221.22,0.2077,0.9796,0.0304,0.0035,0.0231,0.0163
1492,0.00015,354.22,0.0,100.0,200.0,437.0,188.0,134.0,254.22,154.22,82.78,220.22,0.21,0.9721,0.0334,0.0024,0.022,0.0117
1493,0.00015,354.22,0.0,100.0,200.0,438.0,183.0,135.0,254.22,154.22,83.78,219.22,0.2123,0.9646,0.047,0.002,0.0624,0.0264
1494,0.00015,354.22,0.0,100.0,200.0,439.0,181.0,136.0,254.22,154.22,84.78,218.22,0.2146,0.9573,0.0395,0.0001,0.0507,0.0234
1495,0.00015,354.22,0.0,100.0,200.0,440.0,179.0,137.0,254.22,154.22,85.78,217.22,0.2169,0.9499,0.0362,0.0009,0.0435,0.0156
1496,0.00015,354.22,0.0,100.0,200.0,441.0,173.0,138.0,254.22,154.22,86.78,216.22,0.2191,0.9427,0.0325,0.0019,0.0513,0.0086
1497,0.00015,354.22,0.0,100.0,200.0,442.0,164.0,139.0,254.22,154.22,87.78,215.22,0.2214,0.9354,0.0464,0.0026,0.0797,0.0211
1498,0.00015,354.22,0.0,100.0,200.0,443.0,155.0,140.0,254.22,154.22,88.78,214.22,0.2237,0.9283,0.049,0.0037,0.0764,0.0145
1499,0.00015,354.22,0.0,100.0,200.0,444.0,148.0,141.0,254.22,154.22,89.78,213.22,0.2259,0.9212,0.0385,0.0005,0.0705,0.0076
1500,0.00015,354.22,0.0,100.0,200.0,445.0,140.0,140.0,254.22,154.22,90.78,214.22,0.2282,0.9283,0.0525,0.0023,0.0878,0.013
1501,0.00015,354.22,0.0,100.0,200.0,446.0,135.0,135.0,254.22,154.22,91.78,219.22,0.2304,0.9646,0.0177,0.0005,0.071,0.0054
1502,0.00015,354.22,0.0,100.0,200.0,447.0,130.0,130.0,254.22,154.22,92.78,224.22,0.2326,1.0024,0.002,0.0026,0.0786,0.0085
1503,0.00015,354.22,0.0,100.0,200.0,448.0,124.0,124.0,254.22,154.22,93.78,230.22,0.2349,1.0496,0.0254,0.0031,0.0873,0.0097
1504,0.00015,354.22,0.0,100.0,200.0,449.0,121.0,121.0,254.22,154.22,94.78,233.22,0.2371,1.0741,0.0331,0.0026,0.0699,0.0006
1505,0.00015,354.22,0.0,100.0,200.0,450.0,118.0,118.0,254.22,154.22,95.78,236.22,0.2393,1.0992,0.0344,0.004,0.0559,0.0102
1506,0.00015,354.22,0.0,100.0,200.0,451.0,114.0,114.0,254.22,154.22,96.78,240.22,0.2416,1.1337,0.0044,0.0067,0.0548,0.0196
1507,0.00015,354.22,0.0,100.0,200.0,452.0,111.0,111.0,254.22,154.22,97.78,243.22,0.2438,1.1604,0.0224,0.0064,0.0608,0.0154
1508,0.00015,354.22,0.0,100.0,200.0,453.0,107.0,107.0,254.22,154.22,98.78,247.22,0.246,1.1971,0.0486,0.0029,0.0671,0.0207
1509,0.00015,354.22,0.0,100.0,200.0,454.0,104.0,104.0,254.22,154.22,99.78,250.22,0.2482,1.2255,0.0709,0.0005,0.0793,0.0086
1510,0.00015,354.22,0.0,100.0,200.0,455.0,100.0,100.0,254.22,154.22,100.78,254.22,0.2504,1.2647,0.0894,0.0012,0.0894,0.006
1511,0.00015,354.22,0.0,100.0,200.0,456.0,98.0,98.0,254.22,154.22,101.78,256.22,0.2526,1.2849,0.0601,0.0017,0.0904,0.002
1512,0.00015,354.22,0.0,100.0,200.0,457.0,96.0,96.0,254.22,154.22,102.78,258.22,0.2548,1.3056,0.0629,0.0048,0.057,0.0171
1513,0.00015,354.22,0.0,100.0,200.0,458.0,96.0,96.0,254.22,154.22,103.78,258.22,0.257,1.3056,0.0558,0.0036,0.0494,0.017
1514,0.00015,354.22,0.0,100.0,200.0,459.0,94.0,94.0,254.22,154.22,104.78,260.22,0.2591,1.3266,0.0617,0.0042,0.061,0.0221
1515,0.00015,354.22,0.0,100.0,200.0,460.0,92.0,92.0,254.22,154.22,105.78,262.22,0.2613,1.3481,0.1022,0.0025,0.0674,0.0113
1516,0.00015,354.22,0.0,100.0,200.0,461.0,91.0,91.0,254.22,154.22,106.78,263.22,0.2635,1.3591,0.0842,0.0038,0.0625,0.0113
1517,0.00015,354.22,0.0,100.0,200.0,462.0,91.0,91.0,254.22,154.22,107.78,263.22,0.2656,1.3591,0.1002,0.0009,0.0717,0.0042
1518,0.00015,354.22,0.0,100.0,200.0,463.0,90.0,90.0,254.22,154.22,108.78,264.22,0.2678,1.3701,0.0908,0.0009,0.0868,0.0077
1519,0.00015,354.22,0.0,100.0,200.0,464.0,88.0,88.0,254.22,154.22,109.78,266.22,0.27,1.3926,0.0913,0.003,0.0945,0.0045
1520,0.00015,354.22,0.0,100.0,200.0,465.0,87.0,87.0,254.22,154.22,110.78,267.22,0.2721,1.404,0.1216,0.0034,0.0898,0.0073
1521,0.00015,354.22,0.0,100.0,200.0,466.0,86.0,86.0,254.22,154.22,111.78,268.22,0.2743,1.4156,0.1236,0.0014,0.0785,0.0087
1522,0.00015,354.22,0.0,100.0,200.0,467.0,84.0,84.0,254.22,154.22,112.78,270.22,0.2764,1.4391,0.0929,0.0007,0.1047,0.0084
1523,0.00015,354.22,0.0,100.0,200.0,468.0,82.0,82.0,254.22,154.22,113.78,272.22,0.2786,1.4632,0.1026,0.0005,0.0988,0.0105
1524,0.00015,354.22,0.0,100.0,200.0,469.0,80.0,80.0,254.22,154.22,114.78,274.22,0.2807,1.4879,0.123,0.0014,0.1105,0.0075
1525,0.00015,354.22,0.0,100.0,200.0,470.0,78.0,78.0,254.22,154.22,115.78,276.22,0.2828,1.5132,0.1482,0.0072,0.1229,0.0071
1526,0.00015,354.22,0.0,100.0,200.0,471.0,77.0,77.0,254.22,154.22,116.78,277.22,0.2849,1.5261,0.156,0.0097,0.1279,0.0163
1527,0.00015,354.22,0.0,100.0,200.0,472.0,76.0,76.0,254.22,154.22,117.78,278.22,0.2871,1.5392,0.1427,0.0093,0.1067,0.0111
1528,0.00015,354.22,0.0,100.0,200.0,473.0,75.0,75.0,254.22,154.22,118.78,279.22,0.2892,1.5524,0.1621,0.0119,0.128,0.0187
1529,0.00015,354.22,0.0,100.0,200.0,474.0,74.0,74.0,254.22,154.22,119.78,280.22,0.2913,1.5659,0.1698,0.0112,0.1175,0.0241
1530,0.00015,354.22,0.0,100.0,200.0,475.0,74.0,74.0,254.22,154.22,120.78,280.22,0.2934,1.5659,0.1992,0.0152,0.1314,0.0353
1531,0.00015,354.22,0.0,100.0,200.0,476.0,73.0,73.0,254.22,154.22,121.78,281.22,0.2955,1.5795,0.1911,0.0157,0.1343,0.0372
1532,0.00015,354.22,0.0,100.0,200.0,477.0,72.0,72.0,254.22,154.22,122.78,282.22,0.2976,1.5933,0.1463,0.013,0.1246,0.0305
1533,0.00015,354.22,0.0,100.0,200.0,478.0,71.0,71.0,254.22,154.22,123.78,283.22,0.2997,1.6072,0.1019,0.0121,0.1402,0.0215
1534,0.00015,354.22,0.0,100.0,200.0,479.0,70.0,70.0,254.22,154.22,124.78,284.22,0.3018,1.6214,0.0963,0.014,0.1489,0.0329
1535,0.00015,354.22,0.0,100.0,200.0,480.0,69.0,69.0,254.22,154.22,125.78,285.22,0.3039,1.6358,0.1022,0.0127,0.1527,0.0274
1536,0.00015,354.22,0.0,100.0,200.0,481.0,68.0,68.0,254.22,154.22,126.78,286.22,0.306,1.6504,0.1201,0.0131,0.147,0.0283
1537,0.00015,354.22,0.0,100.0,200.0,482.0,68.0,68.0,254.22,154.22,127.78,286.22,0.308,1.6504,0.1176,0.0145,0.1433,0.0299
1538,0.00015,354.22,0.0,100.0,200.0,483.0,67.0,67.0,254.22,154.22,128.78,287.22,0.3101,1.6652,0.0998,0.0123,0.1249,0.0225
1539,0.00015,354.22,0.0,100.0,200.0,484.0,67.0,67.0,254.22,154.22,129.78,287.22,0.3122,1.6652,0.0854,0.0116,0.1205,0.0177
1540,0.00015,354.22,0.0,100.0,200.0,485.0,66.0,66.0,254.22,154.22,130.78,288.22,0.3142,1.6803,0.131,0.0158,0.1427,0.024
1541,0.00015,354.22,0.0,100.0,200.0,486.0,65.0,65.0,254.22,154.22,131.78,289.22,0.3163,1.6955,0.1676,0.0172,0.1597,0.0318
1542,0.00015,354.22,0.0,100.0,200.0,487.0,65.0,65.0,254.22,154.22,132.78,289.22,0.3183,1.6955,0.1501,0.0142,0.1535,0.0309
1543,0.00015,354.22,0.0,100.0,200.0,488.0,64.0,64.0,254.22,154.22,133.78,290.22,0.3204,1.711,0.1486,0.0145,0.149,0.0327
1544,0.00015,354.22,0.0,100.0,200.0,489.0,64.0,64.0,254.22,154.22,134.78,290.22,0.3224,1.711,0.0972,0.0106,0.1322,0.0171
1545,0.00015,354.22,0.0,100.0,200.0,490.0,63.0,63.0,254.22,154.22,135.78,291.22,0.3245,1.7268,0.1037,0.0092,0.1355,0.013
1546,0.00015,354.22,0.0,100.0,200.0,491.0,63.0,63.0,254.22,154.22,136.78,291.22,0.3265,1.7268,0.099,0.0074,0.1127,0.0193
1547,0.00015,354.22,0.0,100.0,200.0,492.0,63.0,63.0,254.22,154.22,137.78,291.22,0.3286,1.7268,0.1428,0.0109,0.1226,0.0292
1548,0.00015,354.22,0.0,100.0,200.0,493.0,64.0,64.0,254.22,154.22,138.78,290.22,0.3306,1.711,0.1482,0.012,0.1146,0.0306
1549,0.00015,354.22,0.0,100.0,200.0,494.0,64.0,64.0,254.22,154.22,139.78,290.22,0.3326,1.711,0.1304,0.0091,0.1056,0.019
1550,0.00015,354.22,0.0,100.0,200.0,495.0,64.0,64.0,254.22,154.22,140.78,290.22,0.3346,1.711,0.1215,0.0064,0.0917,0.0148
1551,0.00015,354.22,0.0,100.0,200.0,496.0,65.0,65.0,254.22,154.22,141.78,289.22,0.3367,1.6955,0.1168,0.0062,0.081,0.0126
1552,0.00015,354.22,0.0,100.0,200.0,497.0,66.0,66.0,254.22,154.22,142.78,288.22,0.3387,1.6803,0.1252,0.0077,0.0927,0.0223
1553,0.00015,354.22,0.0,100.0,200.0,498.0,66.0,66.0,254.22,154.22,143.78,288.22,0.3407,1.6803,0.1204,0.0096,0.0982,0.0322
1554,0.00015,354.22,0.0,100.0,200.0,499.0,67.0,67.0,254.22,154.22,144.78,287.22,0.3427,1.6652,0.1228,0.0103,0.1108,0.0362
1555,0.00015,354.22,0.0,100.0,200.0,500.0,67.0,67.0,254.22,154.22,145.78,287.22,0.3447,1.6652,0.1048,0.0106,0.1099,0.0371
1556,0.00015,354.22,0.0,100.0,200.0,501.0,67.0,67.0,254.22,154.22,146.78,287.22,0.3467,1.6652,0.1022,0.0127,0.123,0.0447
1557,0.00015,354.22,0.0,100.0,200.0,502.0,68.0,68.0,254.22,154.22,147.78,286.22,0.3487,1.6504,0.1152,0.0148,0.1188,0.0511
1558,0.00015,354.22,0.0,100.0,200.0,503.0,68.0,68.0,254.22,154.22,148.78,286.22,0.3507,1.6504,0.0979,0.0138,0.1177,0.0471
1559,0.00015,354.22,0.0,100.0,200.0,504.0,69.0,69.0,254.22,154.22,149.78,285.22,0.3527,1.6358,0.0782,0.0114,0.1012,0.0474
1560,0.00015,354.22,0.0,100.0,200.0,505.0,71.0,70.0,254.22,154.22,150.78,284.22,0.3546,1.6214,0.0713,0.0107,0.0802,0.0449
1561,0.00015,354.22,0.0,100.0,200.0,506.0,73.0,71.0,254.22,154.22,151.78,283.22,0.3566,1.6072,0.0688,0.0106,0.0609,0.0416
1562,0.00015,354.22,0.0,100.0,200.0,507.0,75.0,72.0,254.22,154.22,152.78,282.22,0.3586,1.5933,0.0491,0.008,0.0375,0.0264
1563,0.00015,354.22,0.0,100.0,200.0,508.0,77.0,73.0,254.22,154.22,153.78,281.22,0.3606,1.5795,0.065,0.0105,0.0574,0.0314
1564,0.00015,354.22,0.0,100.0,200.0,509.0,79.0,74.0,254.22,154.22,154.78,280.22,0.3625,1.5659,0.0665,0.0109,0.0378,0.0245
1565,0.00015,354.22,0.0,100.0,200.0,510.0,81.0,75.0,254.22,154.22,155.78,279.22,0.3645,1.5524,0.071,0.0119,0.0535,0.0303
1566,0.00015,354.22,0.0,100.0,200.0,511.0,82.0,76.0,254.22,154.22,156.78,278.22,0.3665,1.5392,0.0771,0.013,0.057,0.0289
1567,0.00015,354.22,0.0,100.0,200.0,512.0,83.0,77.0,254.22,154.22,157.78,277.22,0.3684,1.5261,0.0887,0.015,0.069,0.0291
1568,0.00015,354.22,0.0,100.0,200.0,513.0,84.0,78.0,254.22,154.22,158.78,276.22,0.3704,1.5132,0.0749,0.0132,0.0665,0.0128
1569,0.00015,354.22,0.0,100.0,200.0,514.0,85.0,79.0,254.22,154.22,159.78,275.22,0.3723,1.5005,0.0666,0.0121,0.0527,0.0112
1570,0.00015,354.22,0.0,100.0,200.0,515.0,86.0,80.0,254.22,154.22,160.78,274.22,0.3743,1.4879,0.0688,0.0127,0.0547,0.0109
1571,0.00015,354.22,0.0,100.0,200.0,516.0,87.0,81.0,254.22,154.22,161.78,273.22,0.3762,1.4755,0.0492,0.0099,0.0379,0.0067
1572,0.00015,354.22,0.0,100.0,200.0,517.0,88.0,82.0,254.22,154.22,162.78,272.22,0.3781,1.4632,0.067,0.0129,0.047,0.0095
1573,0.00015,354.22,0.0,100.0,200.0,518.0,89.0,83.0,254.22,154.22,163.78,271.22,0.3801,1.4511,0.0686,0.0134,0.0574,0.0156
1574,0.00015,354.22,0.0,100.0,200.0,519.0,90.0,84.0,254.22,154.22,164.78,270.22,0.382,1.4391,0.0791,0.0153,0.068,0.024
1575,0.00015,354.22,0.0,100.0,200.0,520.0,91.0,85.0,254.22,154.22,165.78,269.22,0.3839,1.4273,0.0586,0.0122,0.0588,0.0238
1576,0.00015,354.22,0.0,100.0,200.0,521.0,92.0,86.0,254.22,154.22,166.78,268.22,0.3858,1.4156,0.0601,0.0127,0.0692,0.0224
1577,0.00015,354.22,0.0,100.0,200.0,522.0,92.0,87.0,254.22,154.22,167.78,267.22,0.3878,1.404,0.056,0.0122,0.0701,0.0265
1578,0.00015,354.22,0.0,100.0,200.0,523.0,92.0,88.0,254.22,154.22,168.78,266.22,0.3897,1.3926,0.0595,0.013,0.0813,0.0242
1579,0.00015,354.22,0.0,100.0,200.0,524.0,93.0,89.0,254.22,154.22,169.78,265.22,0.3916,1.3813,0.0467,0.011,0.0591,0.0192
1580,0.00015,354.22,0.0,100.0,200.0,525.0,95.0,90.0,254.22,154.22,170.78,264.22,0.3935,1.3701,0.0402,0.0101,0.0405,0.0153
1581,0.00015,354.22,0.0,100.0,200.0,526.0,96.0,91.0,254.22,154.22,171.78,263.22,0.3954,1.3591,0.0346,0.0093,0.0502,0.0198
1582,0.00015,354.22,0.0,100.0,200.0,527.0,98.0,92.0,254.22,154.22,172.78,262.22,0.3973,1.3481,0.0326,0.0092,0.0449,0.0212
1583,0.00015,354.22,0.0,100.0,200.0,528.0,101.0,93.0,254.22,154.22,173.78,261.22,0.3992,1.3373,0.0232,0.0077,0.0428,0.0267
1584,0.00015,354.22,0.0,100.0,200.0,529.0,102.0,94.0,254.22,154.22,174.78,260.22,0.4011,1.3266,0.0176,0.0068,0.0486,0.0261
1585,0.00015,354.22,0.0,100.0,200.0,530.0,104.0,95.0,254.22,154.22,175.78,259.22,0.403,1.316,0.0111,0.0058,0.0461,0.0239
1586,0.00015,354.22,0.0,100.0,200.0,531.0,105.0,96.0,254.22,154.22,176.78,258.22,0.4048,1.3056,0.026,0.0086,0.0684,0.0307
1587,0.00015,354.22,0.0,100.0,200.0,532.0,107.0,97.0,254.22,154.22,177.78,257.22,0.4067,1.2952,0.0133,0.0065,0.0441,0.026
1588,0.00015,354.22,0.0,100.0,200.0,533.0,111.0,98.0,254.22,154.22,178.78,256.22,0.4086,1.2849,0.0021,0.0046,0.02,0.017
1589,0.00015,354.22,0.0,100.0,200.0,534.0,114.0,99.0,254.22,154.22,179.78,255.22,0.4105,1.2748,0.0048,0.0034,0.0015,0.0082
1590,0.00015,354.22,0.0,100.0,200.0,535.0,117.0,100.0,254.22,154.22,180.78,254.22,0.4123,1.2647,0.0018,0.0041,0.0018,0.0069
1591,0.00015,354.22,0.0,100.0,200.0,536.0,118.0,101.0,254.22,154.22,181.78,253.22,0.4142,1.2548,0.002,0.0041,0.0282,0.0049
1592,0.00015,354.22,0.0,100.0,200.0,537.0,119.0,102.0,254.22,154.22,182.78,252.22,0.4161,1.2449,0.0086,0.0063,0.0216,0.0077
1593,0.00015,354.22,0.0,100.0,200.0,538.0,117.0,103.0,254.22,154.22,183.78,251.22,0.4179,1.2352,0.0133,0.0073,0.0353,0.0211
1594,0.00015,354.22,0.0,100.0,200.0,539.0,115.0,104.0,254.22,154.22,184.78,250.22,0.4198,1.2255,0.0059,0.0037,0.0454,0.0102
1595,0.00015,354.22,0.0,100.0,200.0,540.0,114.0,105.0,254.22,154.22,185.78,249.22,0.4217,1.216,0.0047,0.0041,0.04,0.0093
1596,0.00015,354.22,0.0,100.0,200.0,541.0,114.0,106.0,254.22,154.22,186.78,248.22,0.4235,1.2065,0.0007,0.0052,0.0296,0.0183
1597,0.00015,354.22,0.0,100.0,200.0,542.0,111.0,107.0,254.22,154.22,187.78,247.22,0.4253,1.1971,0.0019,0.0048,0.052,0.0214
1598,0.00015,354.22,0.0,100.0,200.0,543.0,108.0,108.0,254.22,154.22,188.78,246.22,0.4272,1.1878,0.0007,0.0051,0.0547,0.0183
1599,0.00015,354.22,0.0,100.0,200.0,544.0,107.0,107.0,254.22,154.22,189.78,247.22,0.429,1.1971,0.0191,0.0072,0.0296,0.0279
1600,0.00015,354.22,0.0,100.0,200.0,545.0,105.0,105.0,254.22,154.22,190.78,249.22,0.4309,1.216,0.0285,0.0065,0.0417,0.0305
1601,0.00015,354.22,0.0,100.0,200.0,546.0,104.0,104.0,254.22,154.22,191.78,250.22,0.4327,1.2255,0.0388,0.0074,0.0289,0.0285
1602,0.00015,354.22,0.0,100.0,200.0,547.0,103.0,103.0,254.22,154.22,192.78,251.22,0.4345,1.2352,0.0297,0.0074,0.0384,0.0276
1603,0.00015,354.22,0.0,100.0,200.0,548.0,101.0,101.0,254.22,154.22,193.78,253.22,0.4364,1.2548,0.0498,0.0053,0.052,0.0252
1604,0.00015,354.22,0.0,100.0,200.0,549.0,100.0,100.0,254.22,154.22,194.78,254.22,0.4382,1.2647,0.0282,0.005,0.0282,0.0284
1605,0.00015,354.22,0.0,100.0,200.0,550.0,100.0,100.0,254.22,154.22,195.78,254.22,0.44,1.2647,0.0351,0.0027,0.0351,0.0179
1606,0.00015,354.22,0.0,100.0,200.0,551.0,100.0,100.0,254.22,154.22,196.78,254.22,0.4418,1.2647,0.0274,0.0018,0.0274,0.0212
1607,0.00015,354.22,0.0,100.0,200.0,552.0,100.0,100.0,254.22,154.22,197.78,254.22,0.4436,1.2647,0.0213,0.0031,0.0213,0.0272
1608,0.00015,354.22,0.0,100.0,200.0,553.0,100.0,100.0,254.22,154.22,198.78,254.22,0.4454,1.2647,0.0291,0.0046,0.0291,0.0265
1609,0.00015,354.22,0.0,100.0,200.0,554.0,98.0,98.0,254.22,154.22,199.78,256.22,0.4472,1.2849,0.0343,0.0046,0.0446,0.0248
1610,0.00015,354.22,0.0,100.0,200.0,555.0,97.0,97.0,254.22,154.22,200.78,257.22,0.4491,1.2952,0.0142,0.0066,0.0261,0.0391
1611,0.00015,354.22,0.0,100.0,200.0,556.0,96.0,96.0,254.22,154.22,201.78,258.22,0.4509,1.3056,0.0228,0.0059,0.0277,0.0388
1612,0.00015,354.22,0.0,100.0,200.0,557.0,97.0,97.0,254.22,154.22,202.78,257.22,0.4526,1.2952,0.0379,0.0033,0.0282,0.0219
1613,0.00015,354.22,0.0,100.0,200.0,558.0,97.0,97.0,254.22,154.22,203.78,257.22,0.4544,1.2952,0.0289,0.0039,0.0309,0.0167
1614,0.00015,354.22,0.0,100.0,200.0,559.0,97.0,97.0,254.22,154.22,204.78,257.22,0.4562,1.2952,0.0493,0.0042,0.0262,0.0249
1615,0.00015,354.22,0.0,100.0,200.0,560.0,96.0,96.0,254.22,154.22,205.78,258.22,0.458,1.3056,0.0788,0.0009,0.0523,0.015
1616,0.00015,354.22,0.0,100.0,200.0,561.0,95.0,95.0,254.22,154.22,206.78,259.22,0.4598,1.316,0.0798,0.0005,0.0546,0.0114
1617,0.00015,354.22,0.0,100.0,200.0,562.0,93.0,93.0,254.22,154.22,207.78,261.22,0.4616,1.3373,0.0857,0.0014,0.0812,0.0027
1618,0.00015,354.22,0.0,100.0,200.0,563.0,91.0,91.0,254.22,154.22,208.78,263.22,0.4634,1.3591,0.1374,0.003,0.0906,0.0056
1619,0.00015,354.22,0.0,100.0,200.0,564.0,89.0,89.0,254.22,154.22,209.78,265.22,0.4651,1.3813,0.1725,0.0031,0.1013,0.0041
1620,0.00015,354.22,0.0,100.0,200.0,565.0,86.0,86.0,254.22,154.22,210.78,268.22,0.4669,1.4156,0.1877,0.0058,0.1183,0.0068
1621,0.00015,354.22,0.0,100.0,200.0,566.0,84.0,84.0,254.22,154.22,211.78,270.22,0.4687,1.4391,0.2046,0.0073,0.1176,0.0121
1622,0.00015,354.22,0.0,100.0,200.0,567.0,82.0,82.0,254.22,154.22,212.78,272.22,0.4704,1.4632,0.1869,0.003,0.0903,0.0147
1623,0.00015,354.22,0.0,100.0,200.0,568.0,81.0,81.0,254.22,154.22,213.78,273.22,0.4722,1.4755,0.1876,0.0042,0.0917,0.0111
1624,0.00015,354.22,0.0,100.0,200.0,569.0,79.0,79.0,254.22,154.22,214.78,275.22,0.474,1.5005,0.1648,0.0048,0.1037,0.0109
1625,0.00015,354.22,0.0,100.0,200.0,570.0,77.0,77.0,254.22,154.22,215.78,277.22,0.4757,1.5261,0.1653,0.0019,0.1154,0.0113
1626,0.00015,354.22,0.0,100.0,200.0,571.0,75.0,75.0,254.22,154.22,216.78,279.22,0.4775,1.5524,0.1442,0.0038,0.1381,0.0024
1627,0.00015,354.22,0.0,100.0,200.0,572.0,73.0,73.0,254.22,154.22,217.78,281.22,0.4792,1.5795,0.173,0.0036,0.135,0.0067
1628,0.00015,354.22,0.0,100.0,200.0,573.0,71.0,71.0,254.22,154.22,218.78,283.22,0.481,1.6072,0.1994,0.0024,0.1412,0.0009
1629,0.00015,354.22,0.0,100.0,200.0,574.0,70.0,70.0,254.22,154.22,219.78,284.22,0.4827,1.6214,0.1467,0.0013,0.1168,0.0078
1630,0.00015,354.22,0.0,100.0,200.0,575.0,68.0,68.0,254.22,154.22,220.78,286.22,0.4845,1.6504,0.1232,0.0015,0.1351,0.0056
1631,0.00015,354.22,0.0,100.0,200.0,576.0,67.0,67.0,254.22,154.22,221.78,287.22,0.4862,1.6652,0.1457,0.0016,0.1368,0.0062
1632,0.00015,354.22,0.0,100.0,200.0,577.0,66.0,66.0,254.22,154.22,222.78,288.22,0.4879,1.6803,0.1716,0.0007,0.1298,0.0049
1633,0.00015,354.22,0.0,100.0,200.0,578.0,65.0,65.0,254.22,154.22,223.78,289.22,0.4897,1.6955,0.1776,0.0004,0.1273,0.014
1634,0.00015,354.22,0.0,100.0,200.0,579.0,64.0,64.0,254.22,154.22,224.78,290.22,0.4914,1.711,0.1746,0.0006,0.1356,0.0142
1635,0.00015,354.22,0.0,100.0,200.0,580.0,63.0,63.0,254.22,154.22,225.78,291.22,0.4931,1.7268,0.1648,0.002,0.1212,0.0233
1636,0.00015,354.22,0.0,100.0,200.0,581.0,62.0,62.0,254.22,154.22,226.78,292.22,0.4948,1.7428,0.1808,0.0027,0.1194,0.0213
1637,0.00015,354.22,0.0,100.0,200.0,582.0,61.0,61.0,254.22,154.22,227.78,293.22,0.4966,1.759,0.1686,0.0019,0.1313,0.0135
1638,0.00015,354.22,0.0,100.0,200.0,583.0,61.0,61.0,254.22,154.22,228.78,293.22,0.4983,1.759,0.1359,0.0049,0.1032,0.0183
1639,0.00015,354.22,0.0,100.0,200.0,584.0,60.0,60.0,254.22,154.22,229.78,294.22,0.5,1.7756,0.1175,0.0059,0.0944,0.0206
1640,0.00015,354.22,0.0,100.0,200.0,585.0,60.0,60.0,254.22,154.22,230.78,294.22,0.5017,1.7756,0.1083,0.006,0.114,0.0219
1641,0.00015,354.22,0.0,100.0,200.0,586.0,59.0,59.0,254.22,154.22,231.78,295.22,0.5034,1.7924,0.0988,0.0063,0.12,0.0274
1642,0.00015,354.22,0.0,100.0,200.0,587.0,58.0,58.0,254.22,154.22,232.78,296.22,0.5051,1.8095,0.0887,0.0052,0.1114,0.0286
1643,0.00015,354.22,0.0,100.0,200.0,588.0,58.0,58.0,254.22,154.22,233.78,296.22,0.5068,1.8095,0.1094,0.0023,0.1307,0.0167
1644,0.00015,354.22,0.0,100.0,200.0,589.0,58.0,58.0,254.22,154.22,234.78,296.22,0.5085,1.8095,0.1285,0.003,0.1078,0.0197
1645,0.00015,354.22,0.0,100.0,200.0,590.0,57.0,57.0,254.22,154.22,235.78,297.22,0.5102,1.8269,0.0863,0.0035,0.0979,0.0263
1646,0.00015,354.22,0.0,100.0,200.0,591.0,57.0,57.0,254.22,154.22,236.78,297.22,0.5119,1.8269,0.0673,0.0043,0.0845,0.0216
1647,0.00015,354.22,0.0,100.0,200.0,592.0,58.0,58.0,254.22,154.22,237.78,296.22,0.5136,1.8095,0.0293,0.008,0.0799,0.0288
1648,0.00015,354.22,0.0,100.0,200.0,593.0,58.0,58.0,254.22,154.22,238.78,296.22,0.5153,1.8095,0.0549,0.0061,0.0967,0.0164
1649,0.00015,354.22,0.0,100.0,200.0,594.0,58.0,58.0,254.22,154.22,239.78,296.22,0.517,1.8095,0.06,0.0057,0.085,0.0178
1650,0.00015,354.22,0.0,100.0,200.0,595.0,58.0,58.0,254.22,154.22,240.78,296.22,0.5186,1.8095,0.0906,0.0047,0.0784,0.0141
1651,0.00015,354.22,0.0,100.0,200.0,596.0,59.0,59.0,254.22,154.22,241.78,295.22,0.5203,1.7924,0.0896,0.0047,0.0768,0.0096
1652,0.00015,354.22,0.0,100.0,200.0,597.0,59.0,59.0,254.22,154.22,242.78,295.22,0.522,1.7924,0.1123,0.0034,0.092,0.0079
1653,0.00015,354.22,0.0,100.0,200.0,598.0,59.0,59.0,254.22,154.22,243.78,295.22,0.5237,1.7924,0.0744,0.004,0.0987,0.0072
1654,0.00015,354.22,0.0,100.0,200.0,599.0,59.0,59.0,254.22,154.22,244.78,295.22,0.5253,1.7924,0.0884,0.0029,0.1086,0.0086
1655,0.00015,354.22,0.0,100.0,200.0,600.0,59.0,59.0,254.22,154.22,245.78,295.22,0.527,1.7924,0.0873,0.0041,0.1035,0.0107
1656,0.00015,354.22,0.0,100.0,200.0,601.0,58.0,58.0,254.22,154.22,246.78,296.22,0.5287,1.8095,0.1068,0.0022,0.1255,0.0062
1657,0.00015,354.22,0.0,100.0,200.0,602.0,58.0,58.0,254.22,154.22,247.78,296.22,0.5303,1.8095,0.1053,0.0043,0.1238,0.005
1658,0.00015,354.22,0.0,100.0,200.0,603.0,58.0,58.0,254.22,154.22,248.78,296.22,0.532,1.8095,0.1089,0.0032,0.1252,0.0038
1659,0.00015,354.22,0.0,100.0,200.0,604.0,58.0,58.0,254.22,154.22,249.78,296.22,0.5337,1.8095,0.1208,0.0029,0.1152,0.0005
1660,0.00015,354.22,0.0,100.0,200.0,605.0,58.0,58.0,254.22,154.22,250.78,296.22,0.5353,1.8095,0.1341,0.0017,0.1194,0.0121
1661,0.00015,354.22,0.0,100.0,200.0,606.0,58.0,58.0,254.22,154.22,251.78,296.22,0.537,1.8095,0.1091,0.0023,0.1157,0.0199
1662,0.00015,354.22,0.0,100.0,200.0,607.0,59.0,59.0,254.22,154.22,252.78,295.22,0.5386,1.7924,0.0953,0.0035,0.0951,0.0213
1663,0.00015,354.22,0.0,100.0,200.0,608.0,59.0,59.0,254.22,154.22,253.78,295.22,0.5403,1.7924,0.0817,0.0046,0.1018,0.0147
1664,0.00015,354.22,0.0,100.0,200.0,609.0,60.0,60.0,254.22,154.22,254.78,294.22,0.5419,1.7756,0.0757,0.0051,0.1007,0.024
1665,0.00015,354.22,0.0,100.0,200.0,610.0,60.0,60.0,254.22,154.22,255.78,294.22,0.5435,1.7756,0.0509,0.0055,0.1034,0.0174
1666,0.00015,354.22,0.0,100.0,200.0,611.0,60.0,60.0,254.22,154.22,256.78,294.22,0.5452,1.7756,0.026,0.0072,0.0992,0.0136
1667,0.00015,354.22,0.0,100.0,200.0,612.0,61.0,61.0,254.22,154.22,257.78,293.22,0.5468,1.759,0.0206,0.0078,0.1058,0.0109
1668,0.00015,354.22,0.0,100.0,200.0,613.0,61.0,61.0,254.22,154.22,258.78,293.22,0.5484,1.759,0.0012,0.011,0.0774,0.002
1669,0.00015,354.22,0.0,100.0,200.0,614.0,62.0,62.0,254.22,154.22,259.78,292.22,0.5501,1.7428,0.0052,0.0117,0.0677,0.0
1670,0.00015,354.22,0.0,100.0,200.0,615.0,62.0,62.0,254.22,154.22,260.78,292.22,0.5517,1.7428,0.0041,0.0121,0.0682,0.0007
1671,0.00015,354.22,0.0,100.0,200.0,616.0,63.0,63.0,254.22,154.22,261.78,291.22,0.5533,1.7268,0.035,0.0091,0.0725,0.0098
1672,0.00015,354.22,0.0,100.0,200.0,617.0,64.0,64.0,254.22,154.22,262.78,290.22,0.555,1.711,0.0591,0.0066,0.1033,0.0206
1673,0.00015,354.22,0.0,100.0,200.0,618.0,64.0,64.0,254.22,154.22,263.78,290.22,0.5566,1.711,0.0768,0.0048,0.1174,0.0225
1674,0.00015,354.22,0.0,100.0,200.0,619.0,63.0,63.0,254.22,154.22,264.78,291.22,0.5582,1.7268,0.0993,0.0037,0.1345,0.0257
1675,0.00015,354.22,0.0,100.0,200.0,620.0,63.0,63.0,254.22,154.22,265.78,291.22,0.5598,1.7268,0.0749,0.0039,0.1174,0.0218
1676,0.00015,354.22,0.0,100.0,200.0,621.0,64.0,64.0,254.22,154.22,266.78,290.22,0.5614,1.711,0.0472,0.0067,0.1023,0.0091
1677,0.00015,354.22,0.0,100.0,200.0,622.0,64.0,64.0,254.22,154.22,267.78,290.22,0.563,1.711,0.0452,0.0074,0.0959,0.0054
1678,0.00015,354.22,0.0,100.0,200.0,623.0,64.0,64.0,254.22,154.22,268.78,290.22,0.5646,1.711,0.0406,0.0082,0.0953,0.0005
1679,0.00015,354.22,0.0,100.0,200.0,624.0,64.0,64.0,254.22,154.22,269.78,290.22,0.5662,1.711,0.0007,0.0095,0.0771,0.0015
1680,0.00015,354.22,0.0,100.0,200.0,625.0,65.0,65.0,254.22,154.22,270.78,289.22,0.5678,1.6955,0.013,0.0082,0.0806,0.0125
1681,0.00015,354.22,0.0,100.0,200.0,626.0,65.0,65.0,254.22,154.22,271.78,289.22,0.5694,1.6955,0.0046,0.0087,0.0733,0.004
1682,0.00015,354.22,0.0,100.0,200.0,627.0,66.0,66.0,254.22,154.22,272.78,288.22,0.571,1.6803,0.0165,0.0101,0.0639,0.002
1683,0.00015,354.22,0.0,100.0,200.0,628.0,67.0,67.0,254.22,154.22,273.78,287.22,0.5726,1.6652,0.0409,0.0129,0.0389,0.0094
1684,0.00015,354.22,0.0,100.0,200.0,629.0,68.0,68.0,254.22,154.22,274.78,286.22,0.5742,1.6504,0.0201,0.0108,0.0476,0.008
1685,0.00015,354.22,0.0,100.0,200.0,630.0,69.0,69.0,254.22,154.22,275.78,285.22,0.5758,1.6358,0.0058,0.0094,0.0511,0.005
1686,0.00015,354.22,0.0,100.0,200.0,631.0,69.0,69.0,254.22,154.22,276.78,285.22,0.5774,1.6358,0.0148,0.0096,0.065,0.0092
1687,0.00015,354.22,0.0,100.0,200.0,632.0,70.0,70.0,254.22,154.22,277.78,284.22,0.579,1.6214,0.0085,0.009,0.0571,0.001
1688,0.00015,354.22,0.0,100.0,200.0,633.0,71.0,71.0,254.22,154.22,278.78,283.22,0.5806,1.6072,0.0099,0.0093,0.0452,0.0051
1689,0.00015,354.22,0.0,100.0,200.0,634.0,73.0,72.0,254.22,154.22,279.78,282.22,0.5821,1.5933,0.0004,0.0083,0.0457,0.0146
1690,0.00015,354.22,0.0,100.0,200.0,635.0,74.0,73.0,254.22,154.22,280.78,281.22,0.5837,1.5795,0.0049,0.0079,0.0519,0.0193
1691,0.00015,354.22,0.0,100.0,200.0,636.0,76.0,74.0,254.22,154.22,281.78,280.22,0.5853,1.5659,0.0011,0.0087,0.0471,0.0302
1692,0.00015,354.22,0.0,100.0,200.0,637.0,78.0,75.0,254.22,154.22,282.78,279.22,0.5869,1.5524,0.0094,0.0098,0.0518,0.0292
1693,0.00015,354.22,0.0,100.0,200.0,638.0,80.0,76.0,254.22,154.22,283.78,278.22,0.5884,1.5392,0.026,0.0119,0.0439,0.0321
1694,0.00015,354.22,0.0,100.0,200.0,639.0,83.0,77.0,254.22,154.22,284.78,277.22,0.59,1.5261,0.0302,0.0126,0.0205,0.0255
1695,0.00015,354.22,0.0,100.0,200.0,640.0,86.0,78.0,254.22,154.22,285.78,276.22,0.5916,1.5132,0.0152,0.0109,0.0332,0.0291
1696,0.00015,354.22,0.0,100.0,200.0,641.0,89.0,79.0,254.22,154.22,286.78,275.22,0.5931,1.5005,0.0375,0.0138,0.0209,0.0178
1697,0.00015,354.22,0.0,100.0,200.0,642.0,91.0,80.0,254.22,154.22,287.78,274.22,0.5947,1.4879,0.0314,0.0132,0.0226,0.0298
1698,0.00015,354.22,0.0,100.0,200.0,643.0,94.0,81.0,254.22,154.22,288.78,273.22,0.5962,1.4755,0.0255,0.0126,0.0284,0.0341
1699,0.00015,354.22,0.0,100.0,200.0,644.0,97.0,82.0,254.22,154.22,289.78,272.22,0.5978,1.4632,0.0327,0.0137,0.0328,0.0237
1700,0.00015,354.22,0.0,100.0,200.0,645.0,100.0,83.0,254.22,154.22,290.78,271.22,0.5993,1.4511,0.0515,0.0162,0.0121,0.0194
1701,0.00015,354.22,0.0,100.0,200.0,646.0,103.0,84.0,254.22,154.22,291.78,270.22,0.6009,1.4391,0.0582,0.0173,0.0103,0.0121
1702,0.00015,354.22,0.0,100.0,200.0,647.0,106.0,85.0,254.22,154.22,292.78,269.22,0.6024,1.4273,0.0647,0.0184,0.0037,0.0136
1703,0.00015,354.22,0.0,100.0,200.0,648.0,108.0,86.0,254.22,154.22,293.78,268.22,0.604,1.4156,0.0575,0.0176,0.0026,0.0172
1704,0.00015,354.22,0.0,100.0,200.0,649.0,111.0,87.0,254.22,154.22,294.78,267.22,0.6055,1.404,0.0512,0.017,0.0004,0.0064
1705,0.00015,354.22,0.0,100.0,200.0,650.0,113.0,88.0,254.22,154.22,295.78,266.22,0.6071,1.3926,0.054,0.0175,0.0167,0.0017
1706,0.00015,354.22,0.0,100.0,200.0,651.0,116.0,89.0,254.22,154.22,296.78,265.22,0.6086,1.3813,0.0469,0.0167,0.0163,0.002
1707,0.00015,354.22,0.0,100.0,200.0,652.0,119.0,90.0,254.22,154.22,297.78,264.22,0.6101,1.3701,0.0556,0.0181,0.0179,0.0058
1708,0.00015,354.22,0.0,100.0,200.0,653.0,122.0,91.0,254.22,154.22,298.78,263.22,0.6117,1.3591,0.0547,0.0182,0.01,0.0021
1709,0.00015,354.22,0.0,100.0,200.0,654.0,124.0,92.0,254.22,154.22,299.78,262.22,0.6132,1.3481,0.0422,0.0166,0.0002,0.0149
1710,0.00015,354.22,0.0,100.0,200.0,655.0,128.0,93.0,254.22,154.22,300.78,261.22,0.6147,1.3373,0.0453,0.0172,0.0072,0.0092
1711,0.00015,354.22,0.0,100.0,200.0,656.0,132.0,94.0,254.22,154.22,301.78,260.22,0.6162,1.3266,0.0458,0.0174,0.0019,0.0073
1712,0.00015,354.22,0.0,100.0,200.0,657.0,134.0,95.0,254.22,154.22,302.78,259.22,0.6178,1.316,0.0597,0.0196,0.0267,0.0068
1713,0.00015,354.22,0.0,100.0,200.0,658.0,135.0,96.0,254.22,154.22,303.78,258.22,0.6193,1.3056,0.0611,0.02,0.0265,0.0053
1714,0.00015,354.22,0.0,100.0,200.0,659.0,137.0,97.0,254.22,154.22,304.78,257.22,0.6208,1.2952,0.0557,0.0194,0.0206,0.0047
1715,0.00015,354.22,0.0,100.0,200.0,660.0,136.0,98.0,254.22,154.22,305.78,256.22,0.6223,1.2849,0.0601,0.0202,0.0445,0.0036
1716,0.00015,354.22,0.0,100.0,200.0,661.0,135.0,99.0,254.22,154.22,306.78,255.22,0.6238,1.2748,0.0449,0.0182,0.0388,0.0004
1717,0.00015,354.22,0.0,100.0,200.0,662.0,132.0,100.0,254.22,154.22,307.78,254.22,0.6253,1.2647,0.0381,0.0173,0.0381,0.0141
1718,0.00015,354.22,0.0,100.0,200.0,663.0,128.0,101.0,254.22,154.22,308.78,253.22,0.6269,1.2548,0.0371,0.0173,0.047,0.0143
1719,0.00015,354.22,0.0,100.0,200.0,664.0,125.0,102.0,254.22,154.22,309.78,252.22,0.6284,1.2449,0.0275,0.016,0.0393,0.0235
1720,0.00015,354.22,0.0,100.0,200.0,665.0,121.0,103.0,254.22,154.22,310.78,251.22,0.6299,1.2352,0.0154,0.0143,0.0428,0.0303
1721,0.00015,354.22,0.0,100.0,200.0,666.0,117.0,104.0,254.22,154.22,311.78,250.22,0.6314,1.2255,0.0034,0.0125,0.0397,0.0315
1722,0.00015,354.22,0.0,100.0,200.0,667.0,116.0,105.0,254.22,154.22,312.78,249.22,0.6329,1.216,0.0129,0.0141,0.0261,0.0246
1723,0.00015,354.22,0.0,100.0,200.0,668.0,114.0,106.0,254.22,154.22,313.78,248.22,0.6344,1.2065,0.0195,0.0153,0.0407,0.018
1724,0.00015,354.22,0.0,100.0,200.0,669.0,112.0,107.0,254.22,154.22,314.78,247.22,0.6359,1.1971,0.0193,0.0154,0.0446,0.0221
1725,0.00015,354.22,0.0,100.0,200.0,670.0,110.0,108.0,254.22,154.22,315.78,246.22,0.6374,1.1878,0.026,0.0166,0.0368,0.0318
1726,0.00015,354.22,0.0,100.0,200.0,671.0,107.0,107.0,254.22,154.22,316.78,247.22,0.6389,1.1971,0.0185,0.0138,0.0286,0.0473
1727,0.00015,354.22,0.0,100.0,200.0,672.0,104.0,104.0,254.22,154.22,317.78,250.22,0.6403,1.2255,0.0457,0.0167,0.0469,0.0366
1728,0.00015,354.22,0.0,100.0,200.0,673.0,101.0,101.0,254.22,154.22,318.78,253.22,0.6418,1.2548,0.0446,0.0165,0.0394,0.0434
1729,0.00015,354.22,0.0,100.0,200.0,674.0,100.0,100.0,254.22,154.22,319.78,254.22,0.6433,1.2647,0.0334,0.0188,0.0334,0.0342
1730,0.00015,354.22,0.0,100.0,200.0,675.0,98.0,98.0,254.22,154.22,320.78,256.22,0.6448,1.2849,0.0512,0.0206,0.0441,0.038
1731,0.00015,354.22,0.0,100.0,200.0,676.0,96.0,96.0,254.22,154.22,321.78,258.22,0.6463,1.3056,0.033,0.0188,0.0312,0.0453
1732,0.00015,354.22,0.0,100.0,200.0,677.0,95.0,95.0,254.22,154.22,322.78,259.22,0.6478,1.316,0.0371,0.0191,0.0387,0.038
1733,0.00015,354.22,0.0,100.0,200.0,678.0,94.0,94.0,254.22,154.22,323.78,260.22,0.6492,1.3266,0.0128,0.019,0.04,0.0361
1734,0.00015,354.22,0.0,100.0,200.0,679.0,92.0,92.0,254.22,154.22,324.78,262.22,0.6507,1.3481,0.0146,0.0184,0.0351,0.0428
1735,0.00015,354.22,0.0,100.0,200.0,680.0,92.0,92.0,254.22,154.22,325.78,262.22,0.6522,1.3481,0.0395,0.0192,0.0321,0.037
1736,0.00015,354.22,0.0,100.0,200.0,681.0,91.0,91.0,254.22,154.22,326.78,263.22,0.6536,1.3591,0.0272,0.0185,0.0231,0.0406
1737,0.00015,354.22,0.0,100.0,200.0,682.0,90.0,90.0,254.22,154.22,327.78,264.22,0.6551,1.3701,0.0074,0.0177,0.0227,0.0468
1738,0.00015,354.22,0.0,100.0,200.0,683.0,91.0,91.0,254.22,154.22,328.78,263.22,0.6566,1.3591,0.0073,0.0178,0.0058,0.0412
1739,0.00015,354.22,0.0,100.0,200.0,684.0,92.0,92.0,254.22,154.22,329.78,262.22,0.658,1.3481,0.0031,0.0185,0.0043,0.0375
1740,0.007,27.33,326.8919,100.0,200.0,685.0,92.0,92.0,72.67,172.67,657.67,64.67,3.2215,1.2139,0.0144,0.0251,0.0089,0.0416
1741,0.007,27.33,0.0,100.0,200.0,686.0,93.0,93.0,72.67,172.67,658.67,65.67,3.223,1.2247,0.0109,0.0307,0.0057,0.0428
1742,0.007,27.33,0.0,100.0,200.0,687.0,93.0,93.0,72.67,172.67,659.67,65.67,3.2244,1.2247,0.0228,0.0379,0.0207,0.0276
1743,0.007,27.33,0.0,100.0,200.0,688.0,92.0,92.0,72.67,172.67,660.67,64.67,3.2259,1.2139,0.0382,0.0449,0.0462,0.021
1744,0.007,27.33,0.0,100.0,200.0,689.0,92.0,92.0,72.67,172.67,661.67,64.67,3.2273,1.2139,0.0685,0.0538,0.0629,0.0022
1745,0.007,27.33,0.0,100.0,200.0,690.0,92.0,92.0,72.67,172.67,662.67,64.67,3.2288,1.2139,0.0629,0.0594,0.0582,0.0082
1746,0.007,27.33,0.0,100.0,200.0,691.0,93.0,93.0,72.67,172.67,663.67,65.67,3.2302,1.2247,0.0758,0.0672,0.0669,0.0227
1747,0.007,27.33,0.0,100.0,200.0,692.0,95.0,94.0,72.67,172.67,664.67,66.67,3.2317,1.2354,0.072,0.0728,0.0426,0.0163
1748,0.007,27.33,0.0,100.0,200.0,693.0,96.0,95.0,72.67,172.67,665.67,67.67,3.2331,1.246,0.0727,0.0789,0.0557,0.0178
1749,0.007,27.33,0.0,100.0,200.0,694.0,97.0,96.0,72.67,172.67,666.67,68.67,3.2346,1.2565,0.0656,0.0839,0.0525,0.0255
1750,0.007,27.33,0.0,100.0,200.0,695.0,99.0,97.0,72.67,172.67,667.67,69.67,3.236,1.2668,0.0674,0.0902,0.0614,0.0367
1751,0.007,27.33,0.0,100.0,200.0,696.0,101.0,98.0,72.67,172.67,668.67,70.67,3.2375,1.2771,0.0826,0.0983,0.0766,0.0485
1752,0.007,27.33,0.0,100.0,200.0,697.0,102.0,99.0,72.67,172.67,669.67,71.67,3.2389,1.2872,0.065,0.1018,0.0677,0.0398
1753,0.007,27.33,0.0,100.0,200.0,698.0,104.0,100.0,72.67,172.67,670.67,72.67,3.2403,1.2973,0.0588,0.1068,0.0588,0.0355
1754,0.007,27.33,0.0,100.0,200.0,699.0,105.0,101.0,72.67,172.67,671.67,73.67,3.2418,1.3072,0.065,0.1136,0.0715,0.0404
1755,0.007,27.33,0.0,100.0,200.0,700.0,106.0,102.0,72.67,172.67,672.67,74.67,3.2432,1.3171,0.0777,0.1214,0.0778,0.0494
1756,0.007,27.33,0.0,100.0,200.0,701.0,106.0,103.0,72.67,172.67,673.67,75.67,3.2446,1.3268,0.0941,0.1297,0.1062,0.0561
1757,0.007,27.33,0.0,100.0,200.0,702.0,107.0,104.0,72.67,172.67,674.67,76.67,3.246,1.3365,0.0852,0.1343,0.0847,0.0496
1758,0.007,27.33,0.0,100.0,200.0,703.0,107.0,105.0,72.67,172.67,675.67,77.67,3.2475,1.3461,0.0934,0.1414,0.0996,0.0598
1759,0.007,27.33,0.0,100.0,200.0,704.0,108.0,106.0,72.67,172.67,676.67,78.67,3.2489,1.3555,0.0962,0.1477,0.1044,0.0706
1760,0.007,27.33,0.0,100.0,200.0,705.0,109.0,107.0,72.67,172.67,677.67,79.67,3.2503,1.3649,0.0942,0.1533,0.1095,0.0745
1761,0.007,27.33,0.0,100.0,200.0,706.0,110.0,108.0,72.67,172.67,678.67,80.67,3.2517,1.3742,0.0973,0.1596,0.1091,0.0795
1762,0.007,27.33,0.0,100.0,200.0,707.0,113.0,109.0,72.67,172.67,679.67,81.67,3.2531,1.3835,0.0984,0.1656,0.1019,0.0897
1763,0.007,27.33,0.0,100.0,200.0,708.0,115.0,110.0,72.67,172.67,680.67,82.67,3.2545,1.3926,0.1055,0.1725,0.1031,0.0903
1764,0.007,27.33,0.0,100.0,200.0,709.0,119.0,111.0,72.67,172.67,681.67,83.67,3.256,1.4016,0.1049,0.1782,0.0982,0.0918
1765,0.007,27.33,0.0,100.0,200.0,710.0,123.0,112.0,72.67,172.67,682.67,84.67,3.2574,1.4106,0.1016,0.1835,0.0915,0.0906
1766,0.007,27.33,0.0,100.0,200.0,711.0,126.0,113.0,72.67,172.67,683.67,85.67,3.2588,1.4195,0.1084,0.1904,0.0879,0.0944
1767,0.007,27.33,0.0,100.0,200.0,712.0,130.0,114.0,72.67,172.67,684.67,86.67,3.2602,1.4283,0.1112,0.1966,0.0864,0.0937
1768,0.007,27.33,0.0,100.0,200.0,713.0,130.0,115.0,72.67,172.67,685.67,87.67,3.2616,1.437,0.1201,0.2038,0.0761,0.1062
1769,0.007,27.33,0.0,100.0,200.0,714.0,130.0,116.0,72.67,172.67,686.67,88.67,3.263,1.4457,0.1236,0.2101,0.0742,0.1135
1770,0.007,27.33,0.0,100.0,200.0,715.0,128.0,117.0,72.67,172.67,687.67,89.67,3.2644,1.4543,0.1178,0.2149,0.0636,0.1114
1771,0.007,27.33,0.0,100.0,200.0,716.0,127.0,118.0,72.67,172.67,688.67,90.67,3.2658,1.4628,0.1205,0.221,0.0839,0.1228
1772,0.007,27.33,0.0,100.0,200.0,717.0,130.0,119.0,72.67,172.67,689.67,91.67,3.2672,1.4712,0.1294,0.2282,0.1079,0.1228
1773,0.007,27.33,0.0,100.0,200.0,718.0,134.0,120.0,72.67,172.67,690.67,92.67,3.2686,1.4796,0.1356,0.2349,0.1252,0.1278
1774,0.007,27.33,0.0,100.0,200.0,719.0,136.0,121.0,72.67,172.67,691.67,93.67,3.27,1.4879,0.1502,0.2431,0.1479,0.1341
1775,0.007,27.33,0.0,100.0,200.0,720.0,140.0,122.0,72.67,172.67,692.67,94.67,3.2714,1.4961,0.158,0.2501,0.1546,0.1494
1776,0.007,27.33,0.0,100.0,200.0,721.0,142.0,123.0,72.67,172.67,693.67,95.67,3.2727,1.5043,0.1531,0.2549,0.129,0.1476
1777,0.007,27.33,0.0,100.0,200.0,722.0,142.0,124.0,72.67,172.67,694.67,96.67,3.2741,1.5124,0.1462,0.2594,0.1143,0.1468
1778,0.007,27.33,0.0,100.0,200.0,723.0,142.0,125.0,72.67,172.67,695.67,97.67,3.2755,1.5204,0.1657,0.2684,0.1316,0.1592
1779,0.007,27.33,0.0,100.0,200.0,724.0,139.0,126.0,72.67,172.67,696.67,98.67,3.2769,1.5284,0.1656,0.274,0.1211,0.1665
1780,0.007,27.33,0.0,100.0,200.0,725.0,138.0,127.0,72.67,172.67,697.67,99.67,3.2783,1.5363,0.1694,0.2803,0.132,0.1736
1781,0.007,27.33,0.0,100.0,200.0,726.0,136.0,128.0,72.67,172.67,698.67,100.67,3.2797,1.5441,0.1882,0.2892,0.1503,0.1899
1782,0.007,27.33,0.0,100.0,200.0,727.0,133.0,129.0,72.67,172.67,699.67,101.67,3.281,1.5519,0.1904,0.2952,0.142,0.1939
1783,0.007,27.33,0.0,100.0,200.0,728.0,128.0,128.0,72.67,172.67,700.67,100.67,3.2824,1.5441,0.1916,0.3013,0.1256,0.2016
1784,0.007,27.33,0.0,100.0,200.0,729.0,124.0,124.0,72.67,172.67,701.67,96.67,3.2838,1.5124,0.2017,0.307,0.1366,0.2061
1785,0.007,27.33,0.0,100.0,200.0,730.0,121.0,121.0,72.67,172.67,702.67,93.67,3.2851,1.4879,0.1988,0.3153,0.1626,0.2208
1786,0.007,27.33,0.0,100.0,200.0,731.0,120.0,120.0,72.67,172.67,703.67,92.67,3.2865,1.4796,0.1968,0.3225,0.1706,0.2213
1787,0.007,27.33,0.0,100.0,200.0,732.0,118.0,118.0,72.67,172.67,704.67,90.67,3.2879,1.4628,0.1734,0.3284,0.1741,0.2304
1788,0.007,27.33,0.0,100.0,200.0,733.0,116.0,116.0,72.67,172.67,705.67,88.67,3.2892,1.4457,0.2172,0.3371,0.1926,0.249
1789,0.007,27.33,0.0,100.0,200.0,734.0,114.0,114.0,72.67,172.67,706.67,86.67,3.2906,1.4283,0.2228,0.3416,0.1885,0.2501
1790,0.007,27.33,0.0,100.0,200.0,735.0,112.0,112.0,72.67,172.67,707.67,84.67,3.292,1.4106,0.1991,0.3477,0.1916,0.252
1791,0.007,27.33,0.0,100.0,200.0,736.0,110.0,110.0,72.67,172.67,708.67,82.67,3.2933,1.3926,0.2033,0.3548,0.1952,0.2596
1792,0.007,27.33,0.0,100.0,200.0,737.0,108.0,108.0,72.67,172.67,709.67,80.67,3.2947,1.3742,0.1815,0.3595,0.1789,0.2526
1793,0.007,27.33,0.0,100.0,200.0,738.0,104.0,104.0,72.67,172.67,710.67,76.67,3.296,1.3365,0.1849,0.3644,0.1573,0.2491
1794,0.007,27.33,0.0,100.0,200.0,739.0,100.0,100.0,72.67,172.67,711.67,72.67,3.2974,1.2973,0.1607,0.3714,0.1607,0.266
1795,0.007,27.33,0.0,100.0,200.0,740.0,97.0,97.0,72.67,172.67,712.67,69.67,3.2988,1.2668,0.1692,0.3791,0.1846,0.275
1796,0.007,27.33,0.0,100.0,200.0,741.0,94.0,94.0,72.67,172.67,713.67,66.67,3.3001,1.2354,0.1202,0.3845,0.1619,0.2732
1797,0.007,27.33,0.0,100.0,200.0,742.0,90.0,90.0,72.67,172.67,714.67,62.67,3.3015,1.1919,0.0859,0.3873,0.1422,0.2659
1798,0.007,27.33,0.0,100.0,200.0,743.0,87.0,87.0,72.67,172.67,715.67,59.67,3.3028,1.158,0.0827,0.3934,0.147,0.2689
1799,0.007,27.33,0.0,100.0,200.0,744.0,84.0,84.0,72.67,172.67,716.67,56.67,3.3041,1.1229,0.0587,0.4004,0.1472,0.2702
1800,0.007,27.33,0.0,100.0,200.0,745.0,81.0,81.0,72.67,172.67,717.67,53.67,3.3055,1.0866,0.0994,0.4083,0.1452,0.283
1801,0.007,27.33,0.0,100.0,200.0,746.0,78.0,78.0,72.67,172.67,718.67,50.67,3.3068,1.0488,0.0882,0.4137,0.1339,0.2816
1802,0.007,27.33,0.0,100.0,200.0,747.0,75.0,75.0,72.67,172.67,719.67,47.67,3.3082,1.0096,0.084,0.4218,0.143,0.2929
1803,0.007,27.33,0.0,100.0,200.0,748.0,73.0,73.0,72.67,172.67,720.67,45.67,3.3095,0.9826,0.0342,0.4274,0.1448,0.3004
1804,0.007,27.33,0.0,100.0,200.0,749.0,70.0,70.0,72.67,172.67,721.67,42.67,3.3108,0.9406,0.0348,0.4331,0.147,0.3038
1805,0.007,27.33,0.0,100.0,200.0,750.0,68.0,68.0,72.67,172.67,722.67,40.67,3.3122,0.9116,0.0297,0.4392,0.144,0.3139
1806,0.007,27.33,0.0,100.0,200.0,751.0,66.0,66.0,72.67,172.67,723.67,38.67,3.3135,0.8818,0.0184,0.4459,0.1546,0.3225
1807,0.007,27.33,0.0,100.0,200.0,752.0,64.0,64.0,72.67,172.67,724.67,36.67,3.3148,0.851,0.0165,0.4496,0.1278,0.3132
1808,0.007,27.33,0.0,100.0,200.0,753.0,62.0,62.0,72.67,172.67,725.67,34.67,3.3162,0.8192,0.0497,0.4558,0.1295,0.3136
1809,0.007,27.33,0.0,100.0,200.0,754.0,60.0,60.0,72.67,172.67,726.67,32.67,3.3175,0.7864,0.0508,0.4598,0.1243,0.3093
1810,0.00025,251.98,224.6566,100.0,200.0,755.0,59.0,59.0,151.98,51.98,503.02,192.98,1.0974,1.4518,0.0835,0.4586,0.1101,0.2987
1811,0.00025,251.98,0.0,100.0,200.0,756.0,57.0,57.0,151.98,51.98,504.02,194.98,1.0987,1.4863,0.0675,0.4564,0.0909,0.2919
1812,0.00025,251.98,0.0,100.0,200.0,757.0,55.0,55.0,151.98,51.98,505.02,196.98,1.1,1.522,0.0846,0.4567,0.0772,0.2994
1813,0.00025,251.98,0.0,100.0,200.0,758.0,54.0,54.0,151.98,51.98,506.02,197.98,1.1013,1.5404,0.1065,0.4556,0.0654,0.2934
1814,0.00025,251.98,0.0,100.0,200.0,759.0,52.0,52.0,151.98,51.98,507.02,199.98,1.1026,1.5781,0.0978,0.4552,0.0649,0.2902
1815,0.00025,251.98,0.0,100.0,200.0,760.0,51.0,51.0,151.98,51.98,508.02,200.98,1.104,1.5975,0.0962,0.4551,0.0574,0.2985
1816,0.00025,251.98,0.0,100.0,200.0,761.0,50.0,50.0,151.98,51.98,509.02,201.98,1.1053,1.6173,0.067,0.4563,0.0793,0.3067
1817,0.00025,251.98,0.0,100.0,200.0,762.0,49.0,49.0,151.98,51.98,510.02,202.98,1.1066,1.6375,0.0819,0.4558,0.08,0.3067
1818,0.00025,251.98,0.0,100.0,200.0,763.0,48.0,48.0,151.98,51.98,511.02,203.98,1.1079,1.6582,0.1074,0.4525,0.0537,0.2981
1819,0.00025,251.98,0.0,100.0,200.0,764.0,47.0,47.0,151.98,51.98,512.02,204.98,1.1092,1.6792,0.1585,0.4498,0.0403,0.2876
1820,0.00025,251.98,0.0,100.0,200.0,765.0,46.0,46.0,151.98,51.98,513.02,205.98,1.1105,1.7007,0.194,0.4496,0.0492,0.2938
1821,0.00025,251.98,0.0,100.0,200.0,766.0,45.0,45.0,151.98,51.98,514.02,206.98,1.1118,1.7227,0.2289,0.4468,0.0374,0.2864
1822,0.00025,251.98,0.0,100.0,200.0,767.0,44.0,44.0,151.98,51.98,515.02,207.98,1.1131,1.7452,0.252,0.4462,0.0209,0.2714
1823,0.00025,251.98,0.0,100.0,200.0,512.0,43.0,43.0,151.98,51.98,260.02,208.98,0.709,1.7682,0.2267,0.4088,0.0172,0.2769
1824,0.00025,251.98,0.0,100.0,200.0,1.0,43.0,43.0,151.98,51.98,250.98,208.98,5.5294,1.7682,0.269,0.0501,0.0132,0.2769
1825,0.00025,251.98,0.0,100.0,200.0,2.0,42.0,42.0,151.98,51.98,249.98,209.98,4.8362,1.7917,0.277,0.2343,0.004,0.2645
1826,0.00025,251.98,0.0,100.0,200.0,3.0,41.0,41.0,151.98,51.98,248.98,210.98,4.4308,1.8158,0.3254,0.4128,0.0033,0.2641
1827,0.00025,251.98,0.0,100.0,200.0,4.0,41.0,41.0,151.98,51.98,247.98,210.98,4.1431,1.8158,0.3459,0.3617,0.0223,0.2605
1828,0.00025,251.98,0.0,100.0,200.0,5.0,40.0,40.0,151.98,51.98,246.98,211.98,3.9199,1.8405,0.3919,0.2967,0.0253,0.2552
1829,0.00025,251.98,0.0,100.0,200.0,6.0,39.0,39.0,151.98,51.98,245.98,212.98,3.7376,1.8658,0.3777,0.3525,0.0511,0.2394
1830,0.00025,251.98,0.0,100.0,200.0,7.0,39.0,39.0,151.98,51.98,244.98,212.98,3.5835,1.8658,0.3962,0.3217,0.068,0.2364
1831,0.00025,251.98,0.0,100.0,200.0,8.0,38.0,38.0,151.98,51.98,243.98,213.98,3.4499,1.8918,0.3189,0.1558,0.0497,0.2391
1832,0.00025,251.98,0.0,100.0,200.0,9.0,38.0,38.0,151.98,51.98,242.98,213.98,3.3321,1.8918,0.3282,0.1247,0.0544,0.2406
1833,0.00025,251.98,0.0,100.0,200.0,10.0,37.0,37.0,151.98,51.98,241.98,214.98,3.2268,1.9184,0.3464,0.1134,0.058,0.2394
1834,0.00025,251.98,0.0,100.0,200.0,11.0,37.0,37.0,151.98,51.98,240.98,214.98,3.1315,1.9184,0.2629,0.0628,0.0536,0.2392
1835,0.00025,251.98,0.0,100.0,200.0,12.0,36.0,36.0,151.98,51.98,239.98,215.98,3.0445,1.9458,0.2898,0.0954,0.0676,0.2308
1836,0.00025,251.98,0.0,100.0,200.0,13.0,36.0,36.0,151.98,51.98,238.98,215.98,2.9644,1.9458,0.3265,0.0997,0.0679,0.2262
1837,0.00025,251.98,0.0,100.0,200.0,14.0,35.0,35.0,151.98,51.98,237.98,216.98,2.8903,1.974,0.3343,0.047,0.0602,0.2299
1838,0.00025,251.98,0.0,100.0,200.0,15.0,35.0,35.0,151.98,51.98,236.98,216.98,2.8213,1.974,0.3543,0.1299,0.0778,0.2127
1839,0.00025,251.98,0.0,100.0,200.0,16.0,35.0,35.0,151.98,51.98,235.98,216.98,2.7568,1.974,0.3296,0.098,0.0823,0.2097
1840,0.00025,251.98,0.0,100.0,200.0,17.0,35.0,35.0,151.98,51.98,234.98,216.98,2.6962,1.974,0.3304,0.1069,0.0874,0.2062
1841,0.00025,251.98,0.0,100.0,200.0,18.0,34.0,34.0,151.98,51.98,233.98,217.98,2.639,2.003,0.2841,0.0947,0.0813,0.2042
1842,0.00025,251.98,0.0,100.0,200.0,19.0,34.0,34.0,151.98,51.98,232.98,217.98,2.5849,2.003,0.2604,0.0509,0.08,0.209
1843,0.00025,251.98,0.0,100.0,200.0,20.0,34.0,34.0,151.98,51.98,231.98,217.98,2.5336,2.003,0.2226,0.0761,0.0909,0.2129
1844,0.00025,251.98,0.0,100.0,200.0,21.0,34.0,34.0,151.98,51.98,230.98,217.98,2.4848,2.003,0.2116,0.084,0.111,0.2078
1845,0.00025,251.98,0.0,100.0,200.0,22.0,33.0,33.0,151.98,51.98,229.98,218.98,2.4383,2.0329,0.2125,0.1134,0.1139,0.2007
1846,0.00025,251.98,0.0,100.0,200.0,23.0,33.0,33.0,151.98,51.98,228.98,218.98,2.3939,2.0329,0.2548,0.1916,0.1435,0.1868
1847,0.00025,251.98,0.0,100.0,200.0,24.0,33.0,33.0,151.98,51.98,227.98,218.98,2.3513,2.0329,0.2552,0.1865,0.1392,0.1735
1848,0.00025,251.98,0.0,100.0,200.0,25.0,33.0,33.0,151.98,51.98,226.98,218.98,2.3105,2.0329,0.255,0.1709,0.1361,0.1782
1849,0.00025,251.98,0.0,100.0,200.0,26.0,32.0,32.0,151.98,51.98,225.98,219.98,2.2713,2.0636,0.2076,0.054,0.0988,0.1919
1850,0.00025,251.98,0.0,100.0,200.0,27.0,32.0,32.0,151.98,51.98,224.98,219.98,2.2335,2.0636,0.1547,0.0717,0.1038,0.1904
1851,0.00025,251.98,0.0,100.0,200.0,28.0,32.0,32.0,151.98,51.98,223.98,219.98,2.1972,2.0636,0.0773,0.0455,0.11,0.1916
1852,0.00025,251.98,0.0,100.0,200.0,29.0,32.0,32.0,151.98,51.98,222.98,219.98,2.1621,2.0636,0.0581,0.0181,0.083,0.1972
1853,0.00025,251.98,0.0,100.0,200.0,30.0,32.0,32.0,151.98,51.98,221.98,219.98,2.1282,2.0636,0.0206,0.0016,0.0686,0.1966
1854,0.00025,251.98,0.0,100.0,200.0,31.0,32.0,32.0,151.98,51.98,220.98,219.98,2.0954,2.0636,0.0124,0.013,0.0767,0.1955
1855,0.00025,251.98,0.0,100.0,200.0,32.0,32.0,32.0,151.98,51.98,219.98,219.98,2.0636,2.0636,0.004,0.004,0.0843,0.1915
1856,0.00025,251.98,0.0,100.0,200.0,33.0,32.0,32.0,151.98,51.98,218.98,219.98,2.0329,2.0636,0.0023,0.004,0.0959,0.1965
1857,0.00025,251.98,0.0,100.0,200.0,34.0,32.0,32.0,151.98,51.98,217.98,219.98,2.003,2.0636,0.0281,0.0131,0.0807,0.19
1858,0.00025,251.98,0.0,100.0,200.0,35.0,32.0,32.0,151.98,51.98,216.98,219.98,1.974,2.0636,0.053,0.0138,0.0861,0.1914
1859,0.00025,251.98,0.0,100.0,200.0,36.0,32.0,32.0,151.98,51.98,215.98,219.98,1.9458,2.0636,0.0695,0.0224,0.0829,0.192
1860,0.00025,251.98,0.0,100.0,200.0,37.0,32.0,32.0,151.98,51.98,214.98,219.98,1.9184,2.0636,0.0931,0.0415,0.0704,0.1974
1861,0.00025,251.98,0.0,100.0,200.0,38.0,32.0,32.0,151.98,51.98,213.98,219.98,1.8918,2.0636,0.1463,0.0688,0.0597,0.1992
1862,0.00025,251.98,0.0,100.0,200.0,39.0,32.0,32.0,151.98,51.98,212.98,219.98,1.8658,2.0636,0.1212,0.0431,0.0669,0.1886
1863,0.00025,251.98,0.0,100.0,200.0,40.0,32.0,32.0,151.98,51.98,211.98,219.98,1.8405,2.0636,0.0746,0.0301,0.0761,0.1813
1864,0.00025,251.98,0.0,100.0,200.0,41.0,32.0,32.0,151.98,51.98,210.98,219.98,1.8158,2.0636,0.0719,0.0305,0.0714,0.1778
1865,0.00025,251.98,0.0,100.0,200.0,42.0,32.0,32.0,151.98,51.98,209.98,219.98,1.7917,2.0636,0.093,0.0457,0.0574,0.1781
1866,0.00025,251.98,0.0,100.0,200.0,43.0,32.0,32.0,151.98,51.98,208.98,219.98,1.7682,2.0636,0.0255,0.0049,0.0783,0.1624
1867,0.00025,251.98,0.0,100.0,200.0,44.0,33.0,33.0,151.98,51.98,207.98,218.98,1.7452,2.0329,0.0372,0.0143,0.0736,0.1607
1868,0.00025,251.98,0.0,100.0,200.0,45.0,33.0,33.0,151.98,51.98,206.98,218.98,1.7227,2.0329,0.0307,0.0007,0.0863,0.1458
1869,0.00025,251.98,0.0,100.0,200.0,46.0,33.0,33.0,151.98,51.98,205.98,218.98,1.7007,2.0329,0.0718,0.0256,0.0742,0.1475
1870,0.00025,251.98,0.0,100.0,200.0,47.0,33.0,33.0,151.98,51.98,204.98,218.98,1.6792,2.0329,0.0198,0.0024,0.0741,0.1389
1871,0.00025,251.98,0.0,100.0,200.0,48.0,33.0,33.0,151.98,51.98,203.98,218.98,1.6582,2.0329,0.0379,0.012,0.0797,0.1429
1872,0.00025,251.98,0.0,100.0,200.0,49.0,33.0,33.0,151.98,51.98,202.98,218.98,1.6375,2.0329,0.0531,0.0064,0.0769,0.1529
1873,0.00025,251.98,0.0,100.0,200.0,50.0,33.0,33.0,151.98,51.98,201.98,218.98,1.6173,2.0329,0.0582,0.0049,0.0807,0.1563
1874,0.00025,251.98,0.0,100.0,200.0,51.0,33.0,33.0,151.98,51.98,200.98,218.98,1.5975,2.0329,0.0861,0.0252,0.0833,0.1629
1875,0.00025,251.98,0.0,100.0,200.0,52.0,33.0,33.0,151.98,51.98,199.98,218.98,1.5781,2.0329,0.0735,0.031,0.085,0.162
1876,0.00025,251.98,0.0,100.0,200.0,53.0,34.0,34.0,151.98,51.98,198.98,217.98,1.5591,2.003,0.1093,0.0549,0.0615,0.1577
1877,0.00025,251.98,0.0,100.0,200.0,54.0,34.0,34.0,151.98,51.98,197.98,217.98,1.5404,2.003,0.1201,0.0506,0.0498,0.1527
1878,0.00025,251.98,0.0,100.0,200.0,55.0,34.0,34.0,151.98,51.98,196.98,217.98,1.522,2.003,0.0976,0.0315,0.0793,0.1433
1879,0.00025,251.98,0.0,100.0,200.0,56.0,34.0,34.0,151.98,51.98,195.98,217.98,1.504,2.003,0.1384,0.0428,0.0675,0.1406
1880,0.00025,251.98,0.0,100.0,200.0,57.0,34.0,34.0,151.98,51.98,194.98,217.98,1.4863,2.003,0.2062,0.0491,0.0633,0.1447
1881,0.00025,251.98,0.0,100.0,200.0,58.0,34.0,34.0,151.98,51.98,193.98,217.98,1.4689,2.003,0.1993,0.0431,0.0852,0.1395
1882,0.00025,251.98,0.0,100.0,200.0,59.0,35.0,35.0,151.98,51.98,192.98,216.98,1.4518,1.974,0.2447,0.0728,0.0649,0.1422
1883,0.00025,251.98,0.0,100.0,200.0,60.0,35.0,35.0,151.98,51.98,191.98,216.98,1.435,1.974,0.2355,0.0698,0.064,0.1311
1884,0.00025,251.98,0.0,100.0,200.0,61.0,35.0,35.0,151.98,51.98,190.98,216.98,1.4185,1.974,0.1673,0.0767,0.0544,0.138
1885,0.00025,251.98,0.0,100.0,200.0,62.0,35.0,35.0,151.98,51.98,189.98,216.98,1.4022,1.974,0.1819,0.0752,0.0688,0.1404
1886,0.00025,251.98,0.0,100.0,200.0,63.0,35.0,35.0,151.98,51.98,188.98,216.98,1.3862,1.974,0.2412,0.1177,0.0478,0.1515
1887,0.00025,251.98,0.0,100.0,200.0,64.0,36.0,36.0,151.98,51.98,187.98,215.98,1.3705,1.9458,0.2647,0.1329,0.0341,0.1568
1888,0.00025,251.98,0.0,100.0,200.0,65.0,36.0,36.0,151.98,51.98,186.98,215.98,1.355,1.9458,0.2534,0.1363,0.0481,0.1556
1889,0.00025,251.98,0.0,100.0,200.0,66.0,36.0,36.0,151.98,51.98,185.98,215.98,1.3397,1.9458,0.2166,0.123,0.0421,0.1532
1890,0.00025,251.98,0.0,100.0,200.0,67.0,36.0,36.0,151.98,51.98,184.98,215.98,1.3247,1.9458,0.2663,0.1412,0.0265,0.1592
1891,0.00025,251.98,0.0,100.0,200.0,68.0,36.0,36.0,151.98,51.98,183.98,215.98,1.3099,1.9458,0.2962,0.1592,0.0189,0.1614
1892,0.00025,251.98,0.0,100.0,200.0,69.0,37.0,37.0,151.98,51.98,182.98,214.98,1.2953,1.9184,0.2972,0.1618,0.0033,0.1577
1893,0.00025,251.98,0.0,100.0,200.0,70.0,37.0,37.0,151.98,51.98,181.98,214.98,1.2809,1.9184,0.3046,0.1672,0.013,0.1516
1894,0.00025,251.98,0.0,100.0,200.0,71.0,38.0,38.0,151.98,51.98,180.98,213.98,1.2667,1.8918,0.2907,0.1619,0.0059,0.1465
1895,0.00025,251.98,0.0,100.0,200.0,72.0,38.0,38.0,151.98,51.98,179.98,213.98,1.2527,1.8918,0.3032,0.1707,0.0035,0.1538
1896,0.00025,251.98,0.0,100.0,200.0,73.0,38.0,38.0,151.98,51.98,178.98,213.98,1.2389,1.8918,0.3011,0.1679,0.01,0.1423
1897,0.00025,251.98,0.0,100.0,200.0,74.0,39.0,39.0,151.98,51.98,177.98,212.98,1.2253,1.8658,0.3203,0.1799,0.0469,0.1475
1898,0.00025,251.98,0.0,100.0,200.0,75.0,40.0,40.0,151.98,51.98,176.98,211.98,1.2119,1.8405,0.3116,0.1773,0.0483,0.1473
1899,0.00025,251.98,0.0,100.0,200.0,76.0,40.0,40.0,151.98,51.98,175.98,211.98,1.1986,1.8405,0.2815,0.1635,0.0352,0.1375
1900,0.00025,251.98,0.0,100.0,200.0,77.0,41.0,41.0,151.98,51.98,174.98,210.98,1.1856,1.8158,0.2896,0.1695,0.0296,0.1303
1901,0.00025,251.98,0.0,100.0,200.0,78.0,42.0,42.0,151.98,51.98,173.98,209.98,1.1727,1.7917,0.2951,0.1741,0.0421,0.1275
1902,0.00025,251.98,0.0,100.0,200.0,79.0,43.0,43.0,151.98,51.98,172.98,208.98,1.1599,1.7682,0.2563,0.1546,0.0151,0.1152
1903,0.00025,251.98,0.0,100.0,200.0,80.0,43.0,43.0,151.98,51.98,171.98,208.98,1.1473,1.7682,0.2598,0.1638,0.0298,0.12
1904,0.00025,251.98,0.0,100.0,200.0,81.0,44.0,44.0,151.98,51.98,170.98,207.98,1.1349,1.7452,0.2788,0.1754,0.0455,0.1256
1905,0.00025,251.98,0.0,100.0,200.0,82.0,45.0,45.0,151.98,51.98,169.98,206.98,1.1226,1.7227,0.3092,0.1935,0.0641,0.1301
1906,0.00025,251.98,0.0,100.0,200.0,83.0,46.0,46.0,151.98,51.98,168.98,205.98,1.1105,1.7007,0.3216,0.2019,0.0701,0.135
1907,0.00025,251.98,0.0,100.0,200.0,84.0,47.0,47.0,151.98,51.98,167.98,204.98,1.0985,1.6792,0.318,0.2014,0.0922,0.1293
1908,0.00025,251.98,0.0,100.0,200.0,85.0,48.0,48.0,151.98,51.98,166.98,203.98,1.0867,1.6582,0.3218,0.205,0.0978,0.1295
1909,0.00025,251.98,0.0,100.0,200.0,86.0,50.0,49.0,151.98,51.98,165.98,202.98,1.075,1.6375,0.2716,0.1779,0.0948,0.122
1910,0.00025,251.98,0.0,100.0,200.0,87.0,51.0,50.0,151.98,51.98,164.98,201.98,1.0635,1.6173,0.2833,0.1858,0.1095,0.1223
1911,0.00025,251.98,0.0,100.0,200.0,88.0,53.0,51.0,151.98,51.98,163.98,200.98,1.052,1.5975,0.297,0.1949,0.1329,0.1244
1912,0.00025,251.98,0.0,100.0,200.0,89.0,55.0,52.0,151.98,51.98,162.98,199.98,1.0407,1.5781,0.2944,0.1946,0.1299,0.1161
1913,0.00025,251.98,0.0,100.0,200.0,90.0,56.0,53.0,151.98,51.98,161.98,198.98,1.0296,1.5591,0.2676,0.1801,0.1237,0.1071
1914,0.00025,251.98,0.0,100.0,200.0,91.0,58.0,54.0,151.98,51.98,160.98,197.98,1.0185,1.5404,0.2717,0.1836,0.1291,0.1095
1915,0.00025,251.98,0.0,100.0,200.0,92.0,60.0,55.0,151.98,51.98,159.98,196.98,1.0076,1.522,0.2646,0.1804,0.1259,0.1041
1916,0.00025,251.98,0.0,100.0,200.0,93.0,62.0,56.0,151.98,51.98,158.98,195.98,0.9968,1.504,0.2572,0.1769,0.1122,0.1083
1917,0.00025,251.98,0.0,100.0,200.0,94.0,64.0,57.0,151.98,51.98,157.98,194.98,0.9861,1.4863,0.2609,0.1802,0.118,0.1115
1918,0.00025,251.98,0.0,100.0,200.0,95.0,65.0,58.0,151.98,51.98,156.98,193.98,0.9755,1.4689,0.2579,0.1793,0.1411,0.1099
1919,0.00025,251.98,0.0,100.0,200.0,96.0,66.0,59.0,151.98,51.98,155.98,192.98,0.965,1.4518,0.2742,0.1902,0.1713,0.1183
1920,0.00025,251.98,0.0,100.0,200.0,97.0,67.0,60.0,151.98,51.98,154.98,191.98,0.9547,1.435,0.3125,0.2149,0.1956,0.1349
1921,0.00025,251.98,0.0,100.0,200.0,98.0,67.0,61.0,151.98,51.98,153.98,190.98,0.9444,1.4185,0.3153,0.2177,0.2198,0.1411
1922,0.00025,251.98,0.0,100.0,200.0,99.0,67.0,62.0,151.98,51.98,152.98,189.98,0.9342,1.4022,0.2968,0.2071,0.2133,0.1296
1923,0.00025,251.98,0.0,100.0,200.0,100.0,68.0,63.0,151.98,51.98,151.98,188.98,0.9242,1.3862,0.2936,0.2061,0.2061,0.1242
1924,0.00025,251.98,0.0,100.0,200.0,101.0,68.0,64.0,151.98,51.98,150.98,187.98,0.9142,1.3705,0.306,0.2149,0.2163,0.1273
1925,0.00025,251.98,0.0,100.0,200.0,102.0,67.0,65.0,151.98,51.98,149.98,186.98,0.9044,1.355,0.3062,0.2161,0.2246,0.1228
1926,0.00025,251.98,0.0,100.0,200.0,103.0,67.0,66.0,151.98,51.98,148.98,185.98,0.8946,1.3397,0.2828,0.202,0.2197,0.124
1927,0.00025,251.98,0.0,100.0,200.0,104.0,66.0,66.0,151.98,51.98,147.98,185.98,0.885,1.3397,0.2819,0.2101,0.2319,0.1173
1928,0.00025,251.98,0.0,100.0,200.0,105.0,66.0,66.0,151.98,51.98,146.98,185.98,0.8754,1.3397,0.2956,0.208,0.2319,0.1158
1929,0.00025,251.98,0.0,100.0,200.0,106.0,65.0,65.0,151.98,51.98,145.98,186.98,0.8659,1.355,0.3058,0.2056,0.2376,0.1058
1930,0.00025,251.98,0.0,100.0,200.0,107.0,64.0,64.0,151.98,51.98,144.98,187.98,0.8565,1.3705,0.3132,0.1958,0.2302,0.0936
1931,0.00025,251.98,0.0,100.0,200.0,108.0,63.0,63.0,151.98,51.98,143.98,188.98,0.8472,1.3862,0.3327,0.2003,0.2268,0.1011
1932,0.00025,251.98,0.0,100.0,200.0,109.0,63.0,63.0,151.98,51.98,142.98,188.98,0.838,1.3862,0.2954,0.1882,0.2141,0.0924
1933,0.00025,251.98,0.0,100.0,200.0,110.0,62.0,62.0,151.98,51.98,141.98,189.98,0.8289,1.4022,0.3363,0.1911,0.219,0.093
1934,0.00025,251.98,0.0,100.0,200.0,111.0,62.0,62.0,151.98,51.98,140.98,189.98,0.8198,1.4022,0.311,0.1834,0.2077,0.0896
1935,0.00025,251.98,0.0,100.0,200.0,112.0,61.0,61.0,151.98,51.98,139.98,190.98,0.8109,1.4185,0.2833,0.1727,0.2019,0.0797
1936,0.00025,251.98,0.0,100.0,200.0,113.0,61.0,61.0,151.98,51.98,138.98,190.98,0.802,1.4185,0.2502,0.1564,0.1864,0.0718
1937,0.00025,251.98,0.0,100.0,200.0,114.0,61.0,61.0,151.98,51.98,137.98,190.98,0.7932,1.4185,0.2004,0.1399,0.1625,0.0637
1938,0.00025,251.98,0.0,100.0,200.0,115.0,61.0,61.0,151.98,51.98,136.98,190.98,0.7844,1.4185,0.2197,0.1474,0.1853,0.0663
1939,0.00025,251.98,0.0,100.0,200.0,116.0,61.0,61.0,151.98,51.98,135.98,190.98,0.7758,1.4185,0.2127,0.134,0.1672,0.0549
1940,0.00025,251.98,0.0,100.0,200.0,117.0,60.0,60.0,151.98,51.98,134.98,191.98,0.7672,1.435,0.2241,0.1462,0.185,0.0613
1941,0.00025,251.98,0.0,100.0,200.0,118.0,60.0,60.0,151.98,51.98,133.98,191.98,0.7587,1.435,0.2382,0.1497,0.1892,0.0665
1942,0.00025,251.98,0.0,100.0,200.0,119.0,60.0,60.0,151.98,51.98,132.98,191.98,0.7502,1.435,0.2041,0.1465,0.1792,0.0621
1943,0.00025,251.98,0.0,100.0,200.0,120.0,59.0,59.0,151.98,51.98,131.98,192.98,0.7419,1.4518,0.2238,0.1565,0.198,0.0661
1944,0.00025,251.98,0.0,100.0,200.0,121.0,59.0,59.0,151.98,51.98,130.98,192.98,0.7336,1.4518,0.2232,0.155,0.1999,0.057
1945,0.00025,251.98,0.0,100.0,200.0,122.0,58.0,58.0,151.98,51.98,129.98,193.98,0.7253,1.4689,0.1527,0.1499,0.2023,0.0567
1946,0.00025,251.98,0.0,100.0,200.0,123.0,57.0,57.0,151.98,51.98,128.98,194.98,0.7172,1.4863,0.1473,0.1419,0.2128,0.0471
1947,0.00025,251.98,0.0,100.0,200.0,124.0,56.0,56.0,151.98,51.98,127.98,195.98,0.7091,1.504,0.105,0.1424,0.2153,0.0506
1948,0.00025,251.98,0.0,100.0,200.0,125.0,56.0,56.0,151.98,51.98,126.98,195.98,0.7011,1.504,0.077,0.1315,0.2009,0.0449
1949,0.00025,251.98,0.0,100.0,200.0,126.0,56.0,56.0,151.98,51.98,125.98,195.98,0.6931,1.504,0.0668,0.1304,0.1718,0.049
1950,0.00025,251.98,0.0,100.0,200.0,127.0,56.0,56.0,151.98,51.98,124.98,195.98,0.6852,1.504,0.0559,0.123,0.1688,0.045
1951,0.00025,251.98,0.0,100.0,200.0,128.0,56.0,56.0,151.98,51.98,123.98,195.98,0.6773,1.504,0.0239,0.1144,0.1521,0.0336
1952,0.00025,251.98,0.0,100.0,200.0,129.0,56.0,56.0,151.98,51.98,122.98,195.98,0.6696,1.504,0.0082,0.0994,0.1262,0.0341
1953,0.00025,251.98,0.0,100.0,200.0,130.0,57.0,57.0,151.98,51.98,121.98,194.98,0.6618,1.4863,0.006,0.0997,0.1216,0.039
1954,0.00025,251.98,0.0,100.0,200.0,131.0,57.0,57.0,151.98,51.98,120.98,194.98,0.6542,1.4863,0.0342,0.0948,0.1205,0.0344
1955,0.00025,251.98,0.0,100.0,200.0,132.0,58.0,58.0,151.98,51.98,119.98,193.98,0.6466,1.4689,0.0317,0.0951,0.1188,0.0298
1956,0.00025,251.98,0.0,100.0,200.0,133.0,58.0,58.0,151.98,51.98,118.98,193.98,0.639,1.4689,0.0279,0.096,0.1181,0.0236
1957,0.00025,251.98,0.0,100.0,200.0,134.0,58.0,58.0,151.98,51.98,117.98,193.98,0.6315,1.4689,0.0018,0.1018,0.1234,0.0338
1958,0.00025,251.98,0.0,100.0,200.0,135.0,59.0,59.0,151.98,51.98,116.98,192.98,0.6241,1.4518,0.0149,0.0938,0.1131,0.026
1959,0.00025,251.98,0.0,100.0,200.0,136.0,59.0,59.0,151.98,51.98,115.98,192.98,0.6167,1.4518,0.0091,0.1004,0.1194,0.0308
1960,0.00025,251.98,0.0,100.0,200.0,137.0,59.0,59.0,151.98,51.98,114.98,192.98,0.6094,1.4518,0.0029,0.1088,0.1244,0.0395
1961,0.00025,251.98,0.0,100.0,200.0,138.0,60.0,60.0,151.98,51.98,113.98,191.98,0.6021,1.435,0.0058,0.1094,0.1153,0.0403
1962,0.00025,251.98,0.0,100.0,200.0,139.0,60.0,60.0,151.98,51.98,112.98,191.98,0.5949,1.435,0.0381,0.1128,0.1303,0.0442
1963,0.00025,251.98,0.0,100.0,200.0,140.0,61.0,61.0,151.98,51.98,111.98,190.98,0.5877,1.4185,0.0002,0.0959,0.1123,0.0306
1964,0.00025,251.98,0.0,100.0,200.0,141.0,61.0,61.0,151.98,51.98,110.98,190.98,0.5806,1.4185,0.0183,0.0937,0.1093,0.0315
1965,0.00025,251.98,0.0,100.0,200.0,142.0,62.0,62.0,151.98,51.98,109.98,189.98,0.5735,1.4022,0.0533,0.0777,0.0806,0.0241
1966,0.00025,251.98,0.0,100.0,200.0,143.0,63.0,63.0,151.98,51.98,108.98,188.98,0.5665,1.3862,0.0299,0.0873,0.1119,0.0293
1967,0.00025,251.98,0.0,100.0,200.0,144.0,63.0,63.0,151.98,51.98,107.98,188.98,0.5596,1.3862,0.0358,0.0919,0.1151,0.0332
1968,0.00025,251.98,0.0,100.0,200.0,145.0,63.0,63.0,151.98,51.98,106.98,188.98,0.5526,1.3862,0.0832,0.0822,0.1082,0.0234
1969,0.00025,251.98,0.0,100.0,200.0,146.0,64.0,64.0,151.98,51.98,105.98,187.98,0.5458,1.3705,0.0718,0.0862,0.1025,0.0267
1970,0.00025,251.98,0.0,100.0,200.0,147.0,64.0,64.0,151.98,51.98,104.98,187.98,0.5389,1.3705,0.0748,0.0904,0.1201,0.0355
1971,0.00025,251.98,0.0,100.0,200.0,148.0,64.0,64.0,151.98,51.98,103.98,187.98,0.5322,1.3705,0.0853,0.0865,0.1217,0.0335
1972,0.00025,251.98,0.0,100.0,200.0,149.0,65.0,65.0,151.98,51.98,102.98,186.98,0.5254,1.355,0.073,0.0909,0.12,0.034
1973,0.00025,251.98,0.0,100.0,200.0,150.0,65.0,65.0,151.98,51.98,101.98,186.98,0.5187,1.355,0.0696,0.0952,0.1278,0.0361
1974,0.00025,251.98,0.0,100.0,200.0,151.0,65.0,65.0,151.98,51.98,100.98,186.98,0.5121,1.355,0.0485,0.0897,0.1098,0.0258
1975,0.00025,251.98,0.0,100.0,200.0,152.0,65.0,65.0,151.98,51.98,99.98,186.98,0.5055,1.355,0.0571,0.0912,0.1095,0.0247
1976,0.00025,251.98,0.0,100.0,200.0,153.0,66.0,66.0,151.98,51.98,98.98,185.98,0.4989,1.3397,0.0581,0.09,0.0953,0.0294
1977,0.00025,251.98,0.0,100.0,200.0,154.0,67.0,67.0,151.98,51.98,97.98,184.98,0.4924,1.3247,0.0741,0.0822,0.0857,0.0305
1978,0.00025,251.98,0.0,100.0,200.0,155.0,67.0,67.0,151.98,51.98,96.98,184.98,0.4859,1.3247,0.1071,0.0739,0.0834,0.0145
1979,0.00025,251.98,0.0,100.0,200.0,156.0,68.0,68.0,151.98,51.98,95.98,183.98,0.4795,1.3099,0.118,0.0681,0.0683,0.0129
1980,0.00025,251.98,0.0,100.0,200.0,157.0,69.0,69.0,151.98,51.98,94.98,182.98,0.4731,1.2953,0.1449,0.0552,0.0445,0.0031
1981,0.00025,251.98,0.0,100.0,200.0,158.0,70.0,70.0,151.98,51.98,93.98,181.98,0.4668,1.2809,0.1374,0.0574,0.0512,0.0045
1982,0.00025,251.98,0.0,100.0,200.0,159.0,71.0,71.0,151.98,51.98,92.98,180.98,0.4605,1.2667,0.1222,0.0631,0.0426,0.0014
1983,0.00025,251.98,0.0,100.0,200.0,160.0,73.0,72.0,151.98,51.98,91.98,179.98,0.4542,1.2527,0.1456,0.0516,0.0257,0.0066
1984,0.00025,251.98,0.0,100.0,200.0,161.0,75.0,73.0,151.98,51.98,90.98,178.98,0.448,1.2389,0.1485,0.0492,0.0171,0.0061
1985,0.00025,251.98,0.0,100.0,200.0,162.0,76.0,74.0,151.98,51.98,89.98,177.98,0.4418,1.2253,0.1427,0.0508,0.0201,0.0119
1986,0.00025,251.98,0.0,100.0,200.0,163.0,78.0,75.0,151.98,51.98,88.98,176.98,0.4356,1.2119,0.1121,0.0638,0.014,0.0044
1987,0.00025,251.98,0.0,100.0,200.0,164.0,81.0,76.0,151.98,51.98,87.98,175.98,0.4295,1.1986,0.1244,0.0571,0.0073,0.0082
1988,0.00025,251.98,0.0,100.0,200.0,165.0,84.0,77.0,151.98,51.98,86.98,174.98,0.4234,1.1856,0.1336,0.0519,0.0192,0.0212
1989,0.00025,251.98,0.0,100.0,200.0,166.0,86.0,78.0,151.98,51.98,85.98,173.98,0.4174,1.1727,0.1224,0.0562,0.0044,0.0108
1990,0.00025,251.98,0.0,100.0,200.0,167.0,89.0,79.0,151.98,51.98,84.98,172.98,0.4114,1.1599,0.1256,0.0537,0.0217,0.0116
1991,0.00025,251.98,0.0,100.0,200.0,168.0,91.0,80.0,151.98,51.98,83.98,171.98,0.4054,1.1473,0.1354,0.0481,0.0444,0.0191
1992,0.00025,251.98,0.0,100.0,200.0,169.0,92.0,81.0,151.98,51.98,82.98,170.98,0.3995,1.1349,0.117,0.056,0.0343,0.0063
1993,0.00025,251.98,0.0,100.0,200.0,170.0,93.0,82.0,151.98,51.98,81.98,169.98,0.3936,1.1226,0.1245,0.0515,0.0471,0.0046
1994,0.00025,251.98,0.0,100.0,200.0,171.0,94.0,83.0,151.98,51.98,80.98,168.98,0.3877,1.1105,0.1255,0.0501,0.047,0.0081
1995,0.00025,251.98,0.0,100.0,200.0,172.0,95.0,84.0,151.98,51.98,79.98,167.98,0.3819,1.0985,0.113,0.0553,0.0458,0.0086
1996,0.00025,251.98,0.0,100.0,200.0,173.0,96.0,85.0,151.98,51.98,78.98,166.98,0.3761,1.0867,0.1067,0.0575,0.0413,0.0031
1997,0.00025,251.98,0.0,100.0,200.0,174.0,95.0,86.0,151.98,51.98,77.98,165.98,0.3703,1.075,0.1004,0.0598,0.0476,0.0122
1998,0.00025,251.98,0.0,100.0,200.0,175.0,95.0,87.0,151.98,51.98,76.98,164.98,0.3646,1.0635,0.091,0.0637,0.0402,0.0165
1999,0.00025,251.98,0.0,100.0,200.0,176.0,96.0,88.0,151.98,51.98,75.98,163.98,0.3589,1.052,0.0858,0.0656,0.0279,0.0162
2000,0.00025,251.98,0.0,100.0,200.0,177.0,97.0,89.0,151.98,51.98,74.98,162.98,0.3532,1.0407,0.0633,0.0761,0.015,0.0198
2001,0.00025,251.98,0.0,100.0,200.0,178.0,97.0,90.0,151.98,51.98,73.98,161.98,0.3476,1.0296,0.0604,0.077,0.0183,0.0244
2002,0.00025,251.98,0.0,100.0,200.0,179.0,99.0,91.0,151.98,51.98,72.98,160.98,0.342,1.0185,0.0793,0.0667,0.0225,0.0088
2003,0.00025,251.98,0.0,100.0,200.0,180.0,99.0,92.0,151.98,51.98,71.98,159.98,0.3364,1.0076,0.082,0.0646,0.0347,0.01
2004,0.00025,251.98,0.0,100.0,200.0,181.0,99.0,93.0,151.98,51.98,70.98,158.98,0.3309,0.9968,0.0734,0.0684,0.0386,0.016
2005,0.00025,251.98,0.0,100.0,200.0,182.0,97.0,94.0,151.98,51.98,69.98,157.98,0.3254,0.9861,0.0774,0.0656,0.0597,0.0147
2006,0.00025,251.98,0.0,100.0,200.0,183.0,95.0,95.0,151.98,51.98,68.98,156.98,0.3199,0.9755,0.0833,0.0619,0.075,0.0101
2007,0.00025,251.98,0.0,100.0,200.0,184.0,93.0,93.0,151.98,51.98,67.98,158.98,0.3144,0.9968,0.0854,0.0591,0.0813,0.0179
2008,0.00025,251.98,0.0,100.0,200.0,185.0,90.0,90.0,151.98,51.98,66.98,161.98,0.309,1.0296,0.1037,0.0532,0.0971,0.0129
2009,0.00025,251.98,0.0,100.0,200.0,186.0,88.0,88.0,151.98,51.98,65.98,163.98,0.3036,1.052,0.1433,0.0585,0.0656,0.0271
2010,0.00025,251.98,0.0,100.0,200.0,187.0,86.0,86.0,151.98,51.98,64.98,165.98,0.2983,1.075,0.1624,0.053,0.0842,0.0251
2011,0.00025,251.98,0.0,100.0,200.0,188.0,83.0,83.0,151.98,51.98,63.98,168.98,0.2929,1.1105,0.1551,0.0593,0.0821,0.0379
2012,0.00025,251.98,0.0,100.0,200.0,189.0,81.0,81.0,151.98,51.98,62.98,170.98,0.2876,1.1349,0.1581,0.0583,0.0853,0.0348
2013,0.00025,251.98,0.0,100.0,200.0,190.0,79.0,79.0,151.98,51.98,61.98,172.98,0.2823,1.1599,0.1251,0.0667,0.0579,0.0454
2014,0.00025,251.98,0.0,100.0,200.0,191.0,78.0,78.0,151.98,51.98,60.98,173.98,0.2771,1.1727,0.0951,0.0652,0.0652,0.0445
2015,0.00025,251.98,0.0,100.0,200.0,192.0,77.0,77.0,151.98,51.98,59.98,174.98,0.2719,1.1856,0.0642,0.0741,0.0467,0.0521
2016,0.00025,251.98,0.0,100.0,200.0,193.0,76.0,76.0,151.98,51.98,58.98,175.98,0.2667,1.1986,0.0689,0.073,0.0469,0.0451
2017,0.00025,251.98,0.0,100.0,200.0,194.0,75.0,75.0,151.98,51.98,57.98,176.98,0.2615,1.2119,0.1118,0.0581,0.0801,0.0314
2018,0.00025,251.98,0.0,100.0,200.0,195.0,74.0,74.0,151.98,51.98,56.98,177.98,0.2564,1.2253,0.1066,0.0672,0.0631,0.0515
2019,0.00025,251.98,0.0,100.0,200.0,196.0,72.0,72.0,151.98,51.98,55.98,179.98,0.2513,1.2527,0.0951,0.0665,0.0762,0.06
2020,0.00025,251.98,0.0,100.0,200.0,197.0,70.0,70.0,151.98,51.98,54.98,181.98,0.2462,1.2809,0.0708,0.0654,0.1038,0.0584
2021,0.00025,251.98,0.0,100.0,200.0,198.0,67.0,67.0,151.98,51.98,53.98,184.98,0.2411,1.3247,0.0245,0.0655,0.1081,0.0684
2022,0.00025,251.98,0.0,100.0,200.0,199.0,65.0,65.0,151.98,51.98,52.98,186.98,0.2361,1.355,0.0521,0.0624,0.1056,0.0663
2023,0.00025,251.98,0.0,100.0,200.0,200.0,64.0,64.0,151.98,51.98,51.98,187.98,0.231,1.3705,0.0306,0.0693,0.0924,0.0693
2024,0.00025,251.98,0.0,100.0,200.0,201.0,62.0,62.0,151.98,51.98,50.98,189.98,0.2261,1.4022,0.0891,0.0612,0.1192,0.0611
2025,0.00025,251.98,0.0,100.0,200.0,202.0,60.0,60.0,151.98,51.98,49.98,191.98,0.2211,1.435,0.0218,0.0587,0.1273,0.0611
2026,0.00025,251.98,0.0,100.0,200.0,203.0,59.0,59.0,151.98,51.98,48.98,192.98,0.2162,1.4518,0.0702,0.0553,0.1217,0.0615
2027,0.00025,251.98,0.0,100.0,200.0,204.0,57.0,57.0,151.98,51.98,47.98,194.98,0.2112,1.4863,0.071,0.0556,0.131,0.0629
2028,0.00025,251.98,0.0,100.0,200.0,205.0,56.0,56.0,151.98,51.98,46.98,195.98,0.2064,1.504,0.0904,0.0515,0.139,0.059
2029,0.00025,251.98,0.0,100.0,200.0,206.0,55.0,55.0,151.98,51.98,45.98,196.98,0.2015,1.522,0.0662,0.0581,0.1247,0.069
2030,0.00025,251.98,0.0,100.0,200.0,207.0,54.0,54.0,151.98,51.98,44.98,197.98,0.1966,1.5404,0.0873,0.0537,0.1251,0.0651
2031,0.00025,251.98,0.0,100.0,200.0,208.0,53.0,53.0,151.98,51.98,43.98,198.98,0.1918,1.5591,0.0327,0.0566,0.1257,0.0631
2032,0.00025,251.98,0.0,100.0,200.0,209.0,52.0,52.0,151.98,51.98,42.98,199.98,0.187,1.5781,0.0144,0.0548,0.1178,0.0607
2033,0.00025,251.98,0.0,100.0,200.0,210.0,51.0,51.0,151.98,51.98,41.98,200.98,0.1823,1.5975,0.0249,0.0514,0.1298,0.0571
2034,0.00025,251.98,0.0,100.0,200.0,211.0,51.0,51.0,151.98,51.98,40.98,200.98,0.1775,1.5975,0.0034,0.048,0.13,0.0513
2035,0.00025,251.98,0.0,100.0,200.0,212.0,50.0,50.0,151.98,51.98,39.98,201.98,0.1728,1.6173,0.0189,0.0439,0.1284,0.0492
2036,0.00025,251.98,0.0,100.0,200.0,213.0,50.0,50.0,151.98,51.98,38.98,201.98,0.1681,1.6173,0.0703,0.0419,0.1158,0.0478
2037,0.00025,251.98,0.0,100.0,200.0,214.0,50.0,50.0,151.98,51.98,37.98,201.98,0.1634,1.6173,0.0224,0.0481,0.0849,0.0513
2038,0.00025,251.98,0.0,100.0,200.0,215.0,50.0,50.0,151.98,51.98,36.98,201.98,0.1587,1.6173,0.027,0.0431,0.1055,0.0524
2039,0.00025,251.98,0.0,100.0,200.0,216.0,50.0,50.0,151.98,51.98,35.98,201.98,0.1541,1.6173,0.0479,0.0417,0.0944,0.0489
2040,0.00025,251.98,0.0,100.0,200.0,217.0,50.0,50.0,151.98,51.98,34.98,201.98,0.1495,1.6173,0.0458,0.0404,0.1126,0.0487
2041,0.00025,251.98,0.0,100.0,200.0,218.0,49.0,49.0,151.98,51.98,33.98,202.98,0.1449,1.6375,0.027,0.0468,0.1041,0.0551
2042,0.00025,251.98,0.0,100.0,200.0,219.0,49.0,49.0,151.98,51.98,32.98,202.98,0.1403,1.6375,0.011,0.047,0.1011,0.0515
2043,0.00025,251.98,0.0,100.0,200.0,220.0,49.0,49.0,151.98,51.98,31.98,202.98,0.1357,1.6375,0.0164,0.0448,0.1193,0.0519
2044,0.00025,251.98,0.0,100.0,200.0,221.0,49.0,49.0,151.98,51.98,30.98,202.98,0.1312,1.6375,0.0439,0.0429,0.123,0.0509
2045,0.00025,251.98,0.0,100.0,200.0,222.0,48.0,48.0,151.98,51.98,29.98,203.98,0.1267,1.6582,0.0657,0.0421,0.1199,0.0537
2046,0.00025,251.98,0.0,100.0,200.0,223.0,48.0,48.0,151.98,51.98,28.98,203.98,0.1222,1.6582,0.1036,0.0371,0.1225,0.0577
2047,0.00025,251.98,0.0,100.0,200.0,224.0,48.0,48.0,151.98,51.98,27.98,203.98,0.1177,1.6582,0.089,0.0419,0.1137,0.0633
2048,0.00025,251.98,0.0,100.0,200.0,225.0,47.0,47.0,151.98,51.98,26.98,204.98,0.1133,1.6792,0.1076,0.0477,0.0883,0.0688
2049,0.00025,251.98,0.0,100.0,200.0,226.0,48.0,48.0,151.98,51.98,25.98,203.98,0.1088,1.6582,0.0652,0.0562,0.0687,0.0641
2050,0.00025,251.98,0.0,100.0,200.0,227.0,48.0,48.0,151.98,51.98,24.98,203.98,0.1044,1.6582,0.0328,0.0551,0.0628,0.0655
2051,0.00025,251.98,0.0,100.0,200.0,228.0,48.0,48.0,151.98,51.98,23.98,203.98,0.1,1.6582,0.0366,0.0528,0.058,0.0596
2052,0.00025,251.98,0.0,100.0,200.0,229.0,49.0,49.0,151.98,51.98,22.98,202.98,0.0956,1.6375,0.0397,0.0519,0.0415,0.0549
2053,0.00025,251.98,0.0,100.0,200.0,230.0,49.0,49.0,151.98,51.98,21.98,202.98,0.0913,1.6375,0.0568,0.0514,0.0439,0.0513
2054,0.00025,251.98,0.0,100.0,200.0,231.0,50.0,50.0,151.98,51.98,20.98,201.98,0.0869,1.6173,0.0146,0.0602,0.0179,0.0638
2055,0.00025,251.98,0.0,100.0,200.0,232.0,51.0,51.0,151.98,51.98,19.98,200.98,0.0826,1.5975,0.0234,0.0582,0.0236,0.0601
2056,0.00025,251.98,0.0,100.0,200.0,233.0,51.0,51.0,151.98,51.98,18.98,200.98,0.0783,1.5975,0.0079,0.0595,0.0223,0.0604
2057,0.00025,251.98,0.0,100.0,200.0,234.0,52.0,52.0,151.98,51.98,17.98,199.98,0.074,1.5781,0.041,0.052,0.0481,0.0502
2058,0.00025,251.98,0.0,100.0,200.0,235.0,53.0,53.0,151.98,51.98,16.98,198.98,0.0698,1.5591,0.0165,0.0574,0.0256,0.0563
2059,0.00025,251.98,0.0,100.0,200.0,236.0,53.0,53.0,151.98,51.98,15.98,198.98,0.0655,1.5591,0.0167,0.062,0.0241,0.0602
2060,0.00025,251.98,0.0,100.0,200.0,237.0,54.0,54.0,151.98,51.98,14.98,197.98,0.0613,1.5404,0.0101,0.0605,0.0398,0.0548
2061,0.00025,251.98,0.0,100.0,200.0,238.0,54.0,54.0,151.98,51.98,13.98,197.98,0.0571,1.5404,0.0537,0.0683,0.0228,0.0588
2062,0.00025,251.98,0.0,100.0,200.0,239.0,55.0,55.0,151.98,51.98,12.98,196.98,0.0529,1.522,0.0674,0.0716,0.0204,0.0674
2063,0.00025,251.98,0.0,100.0,200.0,240.0,56.0,56.0,151.98,51.98,11.98,195.98,0.0487,1.504,0.0413,0.0657,0.0116,0.0628
2064,0.00025,251.98,0.0,100.0,200.0,241.0,56.0,56.0,151.98,51.98,10.98,195.98,0.0446,1.504,0.0529,0.0639,0.0134,0.0605
2065,0.00025,251.98,0.0,100.0,200.0,242.0,57.0,57.0,151.98,51.98,9.98,194.98,0.0404,1.4863,0.0593,0.0655,0.0127,0.0592
2066,0.00025,251.98,0.0,100.0,200.0,243.0,58.0,58.0,151.98,51.98,8.98,193.98,0.0363,1.4689,0.0278,0.0582,0.0192,0.0588
2067,0.00025,251.98,0.0,100.0,200.0,244.0,59.0,59.0,151.98,51.98,7.98,192.98,0.0322,1.4518,0.0206,0.0565,0.0305,0.0548
2068,0.00025,251.98,0.0,100.0,200.0,245.0,59.0,59.0,151.98,51.98,6.98,192.98,0.0281,1.4518,0.0009,0.0554,0.0197,0.0568
2069,0.00025,251.98,0.0,100.0,200.0,246.0,60.0,60.0,151.98,51.98,5.98,191.98,0.024,1.435,0.0083,0.0576,0.0206,0.0534
2070,0.00025,251.98,0.0,100.0,200.0,247.0,60.0,60.0,151.98,51.98,4.98,191.98,0.02,1.435,0.0035,0.0523,0.0404,0.0523
2071,0.00025,251.98,0.0,100.0,200.0,248.0,61.0,61.0,151.98,51.98,3.98,190.98,0.0159,1.4185,0.0311,0.0591,0.0184,0.0642
2072,0.00025,251.98,0.0,100.0,200.0,249.0,61.0,61.0,151.98,51.98,2.98,190.98,0.0119,1.4185,0.0089,0.0541,0.038,0.0535
2073,0.00025,251.98,0.0,100.0,200.0,250.0,61.0,61.0,151.98,51.98,1.98,190.98,0.0079,1.4185,0.0219,0.0503,0.0546,0.0491
2074,0.00025,251.98,0.0,100.0,200.0,251.0,61.0,61.0,151.98,51.98,0.98,190.98,0.0039,1.4185,0.0487,0.0502,0.0473,0.0438
2075,0.00025,251.98,0.0,100.0,200.0,252.0,61.0,61.0,151.98,51.98,0.02,190.98,0.0001,1.4185,0.0778,0.0422,0.0704,0.0321
2076,0.00025,251.98,0.0,100.0,200.0,253.0,61.0,61.0,151.98,51.98,1.02,190.98,0.004,1.4185,0.1106,0.0412,0.0718,0.0243
2077,0.00025,251.98,0.0,100.0,200.0,254.0,62.0,62.0,151.98,51.98,2.02,189.98,0.008,1.4022,0.1142,0.0399,0.0638,0.0235
2078,0.00025,251.98,0.0,100.0,200.0,255.0,62.0,62.0,151.98,51.98,3.02,189.98,0.0119,1.4022,0.0974,0.0433,0.0428,0.0328
2079,0.00025,251.98,0.0,100.0,200.0,256.0,63.0,63.0,151.98,51.98,4.02,188.98,0.0158,1.3862,0.0882,0.0452,0.0296,0.0319
2080,0.00025,251.98,0.0,100.0,200.0,257.0,64.0,64.0,151.98,51.98,5.02,187.98,0.0197,1.3705,0.0962,0.0429,0.0158,0.0268
2081,0.00025,251.98,0.0,100.0,200.0,258.0,65.0,65.0,151.98,51.98,6.02,186.98,0.0236,1.355,0.1038,0.0406,0.0255,0.0254
2082,0.00025,251.98,0.0,100.0,200.0,259.0,66.0,66.0,151.98,51.98,7.02,185.98,0.0275,1.3397,0.1069,0.0394,0.038,0.0148
2083,0.00025,251.98,0.0,100.0,200.0,260.0,68.0,67.0,151.98,51.98,8.02,184.98,0.0313,1.3247,0.1096,0.0384,0.0228,0.014
2084,0.00025,251.98,0.0,100.0,200.0,261.0,69.0,68.0,151.98,51.98,9.02,183.98,0.0352,1.3099,0.1266,0.0336,0.0318,0.0052
2085,0.00025,251.98,0.0,100.0,200.0,262.0,70.0,69.0,151.98,51.98,10.02,182.98,0.039,1.2953,0.1211,0.0346,0.0321,0.0065
2086,0.00025,251.98,0.0,100.0,200.0,263.0,71.0,70.0,151.98,51.98,11.02,181.98,0.0428,1.2809,0.1246,0.0332,0.0572,0.0091
2087,0.00025,251.98,0.0,100.0,200.0,264.0,73.0,71.0,151.98,51.98,12.02,180.98,0.0466,1.2667,0.101,0.0392,0.0313,0.0068
2088,0.00025,251.98,0.0,100.0,200.0,265.0,75.0,72.0,151.98,51.98,13.02,179.98,0.0504,1.2527,0.1112,0.0361,0.0313,0.0127
2089,0.00025,251.98,0.0,100.0,200.0,266.0,77.0,73.0,151.98,51.98,14.02,178.98,0.0541,1.2389,0.1057,0.0372,0.0358,0.0076
2090,0.00025,251.98,0.0,100.0,200.0,267.0,78.0,74.0,151.98,51.98,15.02,177.98,0.0579,1.2253,0.1259,0.0313,0.048,0.0223
2091,0.00025,251.98,0.0,100.0,200.0,268.0,80.0,75.0,151.98,51.98,16.02,176.98,0.0616,1.2119,0.1321,0.0291,0.0449,0.0321
2092,0.00025,251.98,0.0,100.0,200.0,269.0,82.0,76.0,151.98,51.98,17.02,175.98,0.0653,1.1986,0.1363,0.0275,0.0629,0.0361
2093,0.00025,251.98,0.0,100.0,200.0,270.0,85.0,77.0,151.98,51.98,18.02,174.98,0.0691,1.1856,0.1109,0.0343,0.0373,0.0297
2094,0.00025,251.98,0.0,100.0,200.0,271.0,88.0,78.0,151.98,51.98,19.02,173.98,0.0728,1.1727,0.09,0.04,0.0201,0.0211
2095,0.00025,251.98,0.0,100.0,200.0,272.0,90.0,79.0,151.98,51.98,20.02,172.98,0.0764,1.1599,0.0873,0.0405,0.0281,0.0244
2096,0.00025,251.98,0.0,100.0,200.0,273.0,93.0,80.0,151.98,51.98,21.02,171.98,0.0801,1.1473,0.0778,0.043,0.0255,0.0209
2097,0.00025,251.98,0.0,100.0,200.0,274.0,97.0,81.0,151.98,51.98,22.02,170.98,0.0838,1.1349,0.07,0.045,0.0243,0.0234
2098,0.00025,251.98,0.0,100.0,200.0,275.0,100.0,82.0,151.98,51.98,23.02,169.98,0.0874,1.1226,0.0644,0.0464,0.0276,0.0214
2099,0.00025,251.98,0.0,100.0,200.0,276.0,102.0,83.0,151.98,51.98,24.02,168.98,0.091,1.1105,0.0531,0.0496,0.0225,0.0127
2100,0.00025,251.98,0.0,100.0,200.0,277.0,104.0,84.0,151.98,51.98,25.02,167.98,0.0947,1.0985,0.0626,0.0465,0.0501,0.0201
2101,0.00025,251.98,0.0,100.0,200.0,278.0,105.0,85.0,151.98,51.98,26.02,166.98,0.0983,1.0867,0.0665,0.0451,0.0561,0.0247
2102,0.00025,251.98,0.0,100.0,200.0,279.0,106.0,86.0,151.98,51.98,27.02,165.98,0.1018,1.075,0.0838,0.0395,0.0538,0.0257
2103,0.00025,251.98,0.0,100.0,200.0,280.0,109.0,87.0,151.98,51.98,28.02,164.98,0.1054,1.0635,0.071,0.0432,0.0403,0.025
2104,0.00025,251.98,0.0,100.0,200.0,281.0,110.0,88.0,151.98,51.98,29.02,163.98,0.109,1.052,0.094,0.0358,0.0684,0.041
2105,0.00025,251.98,0.0,100.0,200.0,282.0,113.0,89.0,151.98,51.98,30.02,162.98,0.1125,1.0407,0.0865,0.0379,0.0581,0.0464
2106,0.00025,251.98,0.0,100.0,200.0,283.0,117.0,90.0,151.98,51.98,31.02,161.98,0.1161,1.0296,0.0875,0.0373,0.0535,0.0517
2107,0.00025,251.98,0.0,100.0,200.0,284.0,120.0,91.0,151.98,51.98,32.02,160.98,0.1196,1.0185,0.1077,0.0306,0.068,0.0622
2108,0.00025,251.98,0.0,100.0,200.0,285.0,124.0,92.0,151.98,51.98,33.02,159.98,0.1231,1.0076,0.1181,0.0269,0.0681,0.0701
2109,0.00025,251.98,0.0,100.0,200.0,286.0,127.0,93.0,151.98,51.98,34.02,158.98,0.1266,0.9968,0.1,0.0324,0.0626,0.0516
2110,0.00025,251.98,0.0,100.0,200.0,287.0,131.0,94.0,151.98,51.98,35.02,157.98,0.1301,0.9861,0.1078,0.0296,0.061,0.0601
2111,0.00025,251.98,0.0,100.0,200.0,288.0,134.0,95.0,151.98,51.98,36.02,156.98,0.1336,0.9755,0.1226,0.0244,0.0882,0.0727
2112,0.00025,251.98,0.0,100.0,200.0,289.0,136.0,96.0,151.98,51.98,37.02,155.98,0.1371,0.965,0.1257,0.023,0.091,0.0756
2113,0.00025,251.98,0.0,100.0,200.0,290.0,135.0,97.0,151.98,51.98,38.02,154.98,0.1405,0.9547,0.131,0.0209,0.1136,0.0732
2114,0.00025,251.98,0.0,100.0,200.0,291.0,135.0,98.0,151.98,51.98,39.02,153.98,0.144,0.9444,0.1196,0.0244,0.1014,0.0708
2115,0.00025,251.98,0.0,100.0,200.0,292.0,133.0,99.0,151.98,51.98,40.02,152.98,0.1474,0.9342,0.1178,0.0247,0.1183,0.07
2116,0.00025,251.98,0.0,100.0,200.0,293.0,131.0,100.0,151.98,51.98,41.02,151.98,0.1508,0.9242,0.1115,0.0265,0.1115,0.0667
2117,0.00025,251.98,0.0,100.0,200.0,294.0,134.0,101.0,151.98,51.98,42.02,150.98,0.1542,0.9142,0.0969,0.0312,0.0695,0.0623
2118,0.00025,251.98,0.0,100.0,200.0,295.0,136.0,102.0,151.98,51.98,43.02,149.98,0.1576,0.9044,0.0878,0.0341,0.0792,0.0586
2119,0.00025,251.98,0.0,100.0,200.0,296.0,139.0,103.0,151.98,51.98,44.02,148.98,0.161,0.8946,0.0824,0.0357,0.0737,0.0624
2120,0.00025,251.98,0.0,100.0,200.0,297.0,143.0,104.0,151.98,51.98,45.02,147.98,0.1644,0.885,0.0733,0.0387,0.0632,0.071
2121,0.00025,251.98,0.0,100.0,200.0,298.0,145.0,105.0,151.98,51.98,46.02,146.98,0.1677,0.8754,0.065,0.0414,0.056,0.0695
2122,0.00025,251.98,0.0,100.0,200.0,299.0,147.0,106.0,151.98,51.98,47.02,145.98,0.1711,0.8659,0.0576,0.0438,0.043,0.0618
2123,0.00025,251.98,0.0,100.0,200.0,300.0,152.0,107.0,151.98,51.98,48.02,144.98,0.1744,0.8565,0.0698,0.0393,0.0708,0.0691
2124,0.00025,251.98,0.0,100.0,200.0,301.0,155.0,108.0,151.98,51.98,49.02,143.98,0.1777,0.8472,0.0823,0.0346,0.0693,0.0818
2125,0.00025,251.98,0.0,100.0,200.0,302.0,158.0,109.0,151.98,51.98,50.02,142.98,0.1811,0.838,0.1035,0.0267,0.0884,0.0954
2126,0.00025,251.98,0.0,100.0,200.0,303.0,161.0,110.0,151.98,51.98,51.02,141.98,0.1844,0.8289,0.0953,0.0294,0.0738,0.0853
2127,0.00025,251.98,0.0,100.0,200.0,304.0,164.0,111.0,151.98,51.98,52.02,140.98,0.1877,0.8198,0.0974,0.0284,0.0781,0.0921
2128,0.00025,251.98,0.0,100.0,200.0,305.0,164.0,112.0,151.98,51.98,53.02,139.98,0.1909,0.8109,0.0974,0.0281,0.071,0.0925
2129,0.00025,251.98,0.0,100.0,200.0,306.0,167.0,113.0,151.98,51.98,54.02,138.98,0.1942,0.802,0.0913,0.0301,0.0791,0.0894
2130,0.00025,251.98,0.0,100.0,200.0,307.0,168.0,114.0,151.98,51.98,55.02,137.98,0.1975,0.7932,0.0833,0.0329,0.062,0.081
2131,0.00025,251.98,0.0,100.0,200.0,308.0,171.0,115.0,151.98,51.98,56.02,136.98,0.2007,0.7844,0.0903,0.03,0.0772,0.0889
2132,0.00025,251.98,0.0,100.0,200.0,309.0,176.0,116.0,151.98,51.98,57.02,135.98,0.204,0.7758,0.0976,0.0271,0.0833,0.088
2133,0.00025,251.98,0.0,100.0,200.0,310.0,181.0,117.0,151.98,51.98,58.02,134.98,0.2072,0.7672,0.114,0.0206,0.0965,0.1006
2134,0.00025,251.98,0.0,100.0,200.0,311.0,183.0,118.0,151.98,51.98,59.02,133.98,0.2104,0.7587,0.1033,0.0244,0.0781,0.0916
2135,0.00025,251.98,0.0,100.0,200.0,312.0,186.0,119.0,151.98,51.98,60.02,132.98,0.2136,0.7502,0.1142,0.02,0.0836,0.0935
2136,0.00025,251.98,0.0,100.0,200.0,313.0,190.0,120.0,151.98,51.98,61.02,131.98,0.2168,0.7419,0.1086,0.0219,0.074,0.0824
2137,0.00025,251.98,0.0,100.0,200.0,314.0,193.0,121.0,151.98,51.98,62.02,130.98,0.22,0.7336,0.0989,0.0253,0.0769,0.0684
2138,0.00025,251.98,0.0,100.0,200.0,315.0,199.0,122.0,151.98,51.98,63.02,129.98,0.2232,0.7253,0.1052,0.0227,0.0751,0.0778
2139,0.00025,251.98,0.0,100.0,200.0,316.0,205.0,123.0,151.98,51.98,64.02,128.98,0.2264,0.7172,0.1036,0.023,0.0712,0.0703
2140,0.00025,251.98,0.0,100.0,200.0,317.0,212.0,124.0,151.98,51.98,65.02,127.98,0.2295,0.7091,0.1156,0.0181,0.0846,0.0861
2141,0.00025,251.98,0.0,100.0,200.0,318.0,219.0,125.0,151.98,51.98,66.02,126.98,0.2327,0.7011,0.1,0.024,0.0804,0.0797
2142,0.00025,251.98,0.0,100.0,200.0,319.0,223.0,126.0,151.98,51.98,67.02,125.98,0.2358,0.6931,0.1081,0.0205,0.0922,0.0842
2143,0.00025,251.98,0.0,100.0,200.0,320.0,226.0,127.0,151.98,51.98,68.02,124.98,0.239,0.6852,0.0994,0.0237,0.0777,0.086
2144,0.00025,251.98,0.0,100.0,200.0,321.0,225.0,128.0,151.98,51.98,69.02,123.98,0.2421,0.6773,0.0927,0.0262,0.066,0.082
2145,0.00025,251.98,0.0,100.0,200.0,322.0,220.0,129.0,151.98,51.98,70.02,122.98,0.2452,0.6696,0.0758,0.0327,0.0436,0.0693
2146,0.00025,251.98,0.0,100.0,200.0,323.0,213.0,130.0,151.98,51.98,71.02,121.98,0.2483,0.6618,0.0796,0.031,0.0384,0.0679
2147,0.00025,251.98,0.0,100.0,200.0,324.0,211.0,131.0,151.98,51.98,72.02,120.98,0.2514,0.6542,0.0757,0.0324,0.0449,0.0668
2148,0.00025,251.98,0.0,100.0,200.0,325.0,216.0,132.0,151.98,51.98,73.02,119.98,0.2545,0.6466,0.0843,0.0287,0.0703,0.0668
2149,0.00025,251.98,0.0,100.0,200.0,326.0,213.0,133.0,151.98,51.98,74.02,118.98,0.2575,0.639,0.0855,0.028,0.0923,0.068
2150,0.00025,251.98,0.0,100.0,200.0,327.0,210.0,134.0,151.98,51.98,75.02,117.98,0.2606,0.6315,0.0774,0.0312,0.08,0.0589
2151,0.00025,251.98,0.0,100.0,200.0,328.0,211.0,135.0,151.98,51.98,76.02,116.98,0.2636,0.6241,0.0689,0.0345,0.0643,0.0487
2152,0.00025,251.98,0.0,100.0,200.0,329.0,210.0,136.0,151.98,51.98,77.02,115.98,0.2667,0.6167,0.0599,0.038,0.0511,0.0338
2153,0.00025,251.98,0.0,100.0,200.0,330.0,214.0,137.0,151.98,51.98,78.02,114.98,0.2697,0.6094,0.0495,0.0422,0.0364,0.0277
2154,0.00025,251.98,0.0,100.0,200.0,331.0,206.0,138.0,151.98,51.98,79.02,113.98,0.2728,0.6021,0.0525,0.0408,0.0619,0.0274
2155,0.00025,251.98,0.0,100.0,200.0,332.0,203.0,139.0,151.98,51.98,80.02,112.98,0.2758,0.5949,0.044,0.0442,0.0461,0.0223
2156,0.00025,251.98,0.0,100.0,200.0,333.0,201.0,140.0,151.98,51.98,81.02,111.98,0.2788,0.5877,0.039,0.0462,0.0431,0.0202
2157,0.00025,251.98,0.0,100.0,200.0,334.0,207.0,141.0,151.98,51.98,82.02,110.98,0.2818,0.5806,0.0385,0.0463,0.0257,0.0244
2158,0.00025,251.98,0.0,100.0,200.0,335.0,207.0,142.0,151.98,51.98,83.02,109.98,0.2848,0.5735,0.0361,0.0472,0.0354,0.018
2159,0.00025,251.98,0.0,100.0,200.0,336.0,204.0,143.0,151.98,51.98,84.02,108.98,0.2877,0.5665,0.0361,0.0471,0.0471,0.0231
2160,0.00025,251.98,0.0,100.0,200.0,337.0,204.0,144.0,151.98,51.98,85.02,107.98,0.2907,0.5596,0.0404,0.0451,0.0506,0.0327
2161,0.00025,251.98,0.0,100.0,200.0,338.0,196.0,145.0,151.98,51.98,86.02,106.98,0.2937,0.5526,0.0433,0.0438,0.0741,0.0359
2162,0.00025,251.98,0.0,100.0,200.0,339.0,189.0,146.0,151.98,51.98,87.02,105.98,0.2966,0.5458,0.0351,0.0472,0.0709,0.0332
2163,0.00025,251.98,0.0,100.0,200.0,340.0,184.0,147.0,151.98,51.98,88.02,104.98,0.2996,0.5389,0.0346,0.0473,0.0567,0.0217
2164,0.00025,251.98,0.0,100.0,200.0,341.0,182.0,148.0,151.98,51.98,89.02,103.98,0.3025,0.5322,0.024,0.0518,0.0375,0.0129
2165,0.00025,251.98,0.0,100.0,200.0,342.0,177.0,149.0,151.98,51.98,90.02,102.98,0.3054,0.5254,0.0216,0.0528,0.0385,0.0004
2166,0.00025,251.98,0.0,100.0,200.0,343.0,179.0,150.0,151.98,51.98,91.02,101.98,0.3084,0.5187,0.0241,0.0516,0.025,0.0096
2167,0.00025,251.98,0.0,100.0,200.0,344.0,183.0,151.0,151.98,51.98,92.02,100.98,0.3113,0.5121,0.0214,0.0528,0.0173,0.0114
2168,0.00025,251.98,0.0,100.0,200.0,345.0,186.0,152.0,151.98,51.98,93.02,99.98,0.3142,0.5055,0.0238,0.0516,0.019,0.0068
2169,0.00025,251.98,0.0,100.0,200.0,346.0,185.0,153.0,151.98,51.98,94.02,98.98,0.3171,0.4989,0.0326,0.0476,0.0383,0.017
2170,0.00025,251.98,0.0,100.0,200.0,347.0,188.0,154.0,151.98,51.98,95.02,97.98,0.32,0.4924,0.0412,0.0437,0.0394,0.0274
2171,0.00025,251.98,0.0,100.0,200.0,348.0,187.0,155.0,151.98,51.98,96.02,96.98,0.3228,0.4859,0.0265,0.0502,0.0341,0.0137
2172,0.00025,251.98,0.0,100.0,200.0,349.0,194.0,156.0,151.98,51.98,97.02,95.98,0.3257,0.4795,0.0217,0.0522,0.0147,0.0138
2173,0.00025,251.98,0.0,100.0,200.0,350.0,196.0,157.0,151.98,51.98,98.02,94.98,0.3286,0.4731,0.0205,0.0527,0.0038,0.0167
2174,0.00025,251.98,0.0,100.0,200.0,351.0,201.0,158.0,151.98,51.98,99.02,93.98,0.3314,0.4668,0.0269,0.0498,0.014,0.0181
2175,0.00025,251.98,0.0,100.0,200.0,352.0,197.0,159.0,151.98,51.98,100.02,92.98,0.3343,0.4605,0.024,0.051,0.0102,0.0176
2176,0.00025,251.98,0.0,100.0,200.0,353.0,196.0,160.0,151.98,51.98,101.02,91.98,0.3371,0.4542,0.0344,0.0462,0.0044,0.0256
2177,0.00025,251.98,0.0,100.0,200.0,354.0,197.0,161.0,151.98,51.98,102.02,90.98,0.3399,0.448,0.0378,0.0446,0.007,0.0229
2178,0.00025,251.98,0.0,100.0,200.0,355.0,201.0,162.0,151.98,51.98,103.02,89.98,0.3428,0.4418,0.0318,0.0472,0.0067,0.0122
2179,0.00025,251.98,0.0,100.0,200.0,356.0,208.0,163.0,151.98,51.98,104.02,88.98,0.3456,0.4356,0.026,0.0498,0.0026,0.0036
2180,0.00025,251.98,0.0,100.0,200.0,357.0,215.0,164.0,151.98,51.98,105.02,87.98,0.3484,0.4295,0.0209,0.052,0.0113,0.0103
2181,0.00025,251.98,0.0,100.0,200.0,358.0,214.0,165.0,151.98,51.98,106.02,86.98,0.3512,0.4234,0.0105,0.0568,0.0339,0.0167
2182,0.00025,251.98,0.0,100.0,200.0,359.0,209.0,166.0,151.98,51.98,107.02,85.98,0.354,0.4174,0.0085,0.0576,0.04,0.0135
2183,0.00025,251.98,0.0,100.0,200.0,360.0,211.0,167.0,151.98,51.98,108.02,84.98,0.3567,0.4114,0.0166,0.0538,0.029,0.0156
2184,0.00025,251.98,0.0,100.0,200.0,361.0,208.0,168.0,151.98,51.98,109.02,83.98,0.3595,0.4054,0.0187,0.0528,0.0376,0.0154
2185,0.00025,251.98,0.0,100.0,200.0,362.0,209.0,169.0,151.98,51.98,110.02,82.98,0.3623,0.3995,0.0255,0.0495,0.0232,0.008
2186,0.00025,251.98,0.0,100.0,200.0,363.0,202.0,170.0,151.98,51.98,111.02,81.98,0.365,0.3936,0.0215,0.0513,0.0331,0.0004
2187,0.00025,251.98,0.0,100.0,200.0,364.0,203.0,171.0,151.98,51.98,112.02,80.98,0.3678,0.3877,0.0163,0.0537,0.026,0.0099
2188,0.00025,251.98,0.0,100.0,200.0,365.0,201.0,172.0,151.98,51.98,113.02,79.98,0.3705,0.3819,0.0136,0.0549,0.0387,0.0162
2189,0.00025,251.98,0.0,100.0,200.0,366.0,197.0,173.0,151.98,51.98,114.02,78.98,0.3733,0.3761,0.008,0.0575,0.0451,0.0171
2190,0.00025,251.98,0.0,100.0,200.0,367.0,192.0,174.0,151.98,51.98,115.02,77.98,0.376,0.3703,0.019,0.0523,0.0416,0.0093
2191,0.00025,251.98,0.0,100.0,200.0,368.0,186.0,175.0,151.98,51.98,116.02,76.98,0.3787,0.3646,0.017,0.0531,0.0506,0.0154
2192,0.00025,251.98,0.0,100.0,200.0,369.0,180.0,176.0,151.98,51.98,117.02,75.98,0.3814,0.3589,0.0224,0.0505,0.0451,0.0036
2193,0.00025,251.98,0.0,100.0,200.0,370.0,180.0,177.0,151.98,51.98,118.02,74.98,0.3841,0.3532,0.0239,0.0497,0.0239,0.0058
2194,0.00025,251.98,0.0,100.0,200.0,371.0,185.0,178.0,151.98,51.98,119.02,73.98,0.3868,0.3476,0.0204,0.0514,0.0145,0.0097
2195,0.00025,251.98,0.0,100.0,200.0,372.0,191.0,179.0,151.98,51.98,120.02,72.98,0.3895,0.342,0.0257,0.0487,0.0032,0.0001
2196,0.00025,251.98,0.0,100.0,200.0,373.0,196.0,180.0,151.98,51.98,121.02,71.98,0.3922,0.3364,0.0285,0.0473,0.009,0.0048
2197,0.00025,251.98,0.0,100.0,200.0,374.0,199.0,181.0,151.98,51.98,122.02,70.98,0.3949,0.3309,0.0302,0.0464,0.0181,0.0087
2198,0.00025,251.98,0.0,100.0,200.0,375.0,202.0,182.0,151.98,51.98,123.02,69.98,0.3976,0.3254,0.0297,0.0466,0.0217,0.0121
2199,0.00025,251.98,0.0,100.0,200.0,376.0,202.0,183.0,151.98,51.98,124.02,68.98,0.4002,0.3199,0.0308,0.046,0.033,0.0153
2200,0.00025,251.98,0.0,100.0,200.0,377.0,208.0,184.0,151.98,51.98,125.02,67.98,0.4029,0.3144,0.0334,0.0446,0.0299,0.0275
2201,0.00025,251.98,0.0,100.0,200.0,378.0,213.0,185.0,151.98,51.98,126.02,66.98,0.4055,0.309,0.0423,0.0402,0.0431,0.0371
2202,0.00025,251.98,0.0,100.0,200.0,379.0,219.0,186.0,151.98,51.98,127.02,65.98,0.4082,0.3036,0.0404,0.041,0.0245,0.0267
2203,0.00025,251.98,0.0,100.0,200.0,380.0,223.0,187.0,151.98,51.98,128.02,64.98,0.4108,0.2983,0.0375,0.0424,0.0301,0.0227
2204,0.00025,251.98,0.0,100.0,200.0,381.0,219.0,188.0,151.98,51.98,129.02,63.98,0.4134,0.2929,0.031,0.0455,0.0025,0.0205
2205,0.00025,251.98,0.0,100.0,200.0,382.0,219.0,189.0,151.98,51.98,130.02,62.98,0.4161,0.2876,0.0299,0.0459,0.0018,0.0175
2206,0.00025,251.98,0.0,100.0,200.0,383.0,220.0,190.0,151.98,51.98,131.02,61.98,0.4187,0.2823,0.0314,0.0451,0.0035,0.016
2207,0.00025,251.98,0.0,100.0,200.0,384.0,218.0,191.0,151.98,51.98,132.02,60.98,0.4213,0.2771,0.0404,0.0406,0.002,0.0225
2208,0.00025,251.98,0.0,100.0,200.0,385.0,210.0,192.0,151.98,51.98,133.02,59.98,0.4239,0.2719,0.0343,0.0436,0.0199,0.0116
2209,0.00025,251.98,0.0,100.0,200.0,386.0,204.0,193.0,151.98,51.98,134.02,58.98,0.4265,0.2667,0.0231,0.0491,0.0252,0.0062
2210,0.00025,251.98,0.0,100.0,200.0,387.0,196.0,194.0,151.98,51.98,135.02,57.98,0.4291,0.2615,0.0199,0.0506,0.0392,0.0016
2211,0.00025,251.98,0.0,100.0,200.0,388.0,182.0,182.0,151.98,51.98,136.02,69.98,0.4316,0.3254,0.0077,0.0514,0.0573,0.003
2212,0.00025,251.98,0.0,100.0,200.0,389.0,169.0,169.0,151.98,51.98,137.02,82.98,0.4342,0.3995,0.0096,0.0534,0.0689,0.0015
2213,0.00025,251.98,0.0,100.0,200.0,390.0,158.0,158.0,151.98,51.98,138.02,93.98,0.4368,0.4668,0.0257,0.0477,0.0528,0.0179
2214,0.00025,251.98,0.0,100.0,200.0,391.0,149.0,149.0,151.98,51.98,139.02,102.98,0.4393,0.5254,0.0223,0.0551,0.0718,0.0023
2215,0.00025,251.98,0.0,100.0,200.0,392.0,139.0,139.0,151.98,51.98,140.02,112.98,0.4419,0.5949,0.0257,0.0581,0.0827,0.0053
2216,0.00025,251.98,0.0,100.0,200.0,393.0,131.0,131.0,151.98,51.98,141.02,120.98,0.4444,0.6542,0.0441,0.0596,0.0832,0.0016
2217,0.00025,251.98,0.0,100.0,200.0,394.0,128.0,128.0,151.98,51.98,142.02,123.98,0.447,0.6773,0.0364,0.0585,0.0654,0.0104
2218,0.00025,251.98,0.0,100.0,200.0,395.0,126.0,126.0,151.98,51.98,143.02,125.98,0.4495,0.6931,0.0516,0.0566,0.0495,0.0024
2219,0.00025,251.98,0.0,100.0,200.0,396.0,125.0,125.0,151.98,51.98,144.02,126.98,0.452,0.7011,0.025,0.0566,0.0445,0.0021
2220,0.00025,251.98,0.0,100.0,200.0,397.0,125.0,125.0,151.98,51.98,145.02,126.98,0.4546,0.7011,0.0194,0.0553,0.0302,0.004
2221,0.00025,251.98,0.0,100.0,200.0,398.0,126.0,126.0,151.98,51.98,146.02,125.98,0.4571,0.6931,0.0221,0.0562,0.0258,0.0026
2222,0.00025,251.98,0.0,100.0,200.0,399.0,127.0,127.0,151.98,51.98,147.02,124.98,0.4596,0.6852,0.0354,0.0605,0.0357,0.0088
2223,0.00025,251.98,0.0,100.0,200.0,400.0,125.0,125.0,151.98,51.98,148.02,126.98,0.4621,0.7011,0.023,0.0606,0.0495,0.0018
2224,0.00025,251.98,0.0,100.0,200.0,401.0,122.0,122.0,151.98,51.98,149.02,129.98,0.4646,0.7253,0.0484,0.0634,0.0751,0.0154
2225,0.00025,251.98,0.0,100.0,200.0,402.0,116.0,116.0,151.98,51.98,150.02,135.98,0.4671,0.7758,0.0884,0.0692,0.1221,0.0293
2226,0.00025,251.98,0.0,100.0,200.0,403.0,112.0,112.0,151.98,51.98,151.02,139.98,0.4696,0.8109,0.121,0.0714,0.1231,0.0371
2227,0.00025,251.98,0.0,100.0,200.0,404.0,108.0,108.0,151.98,51.98,152.02,143.98,0.472,0.8472,0.0995,0.0725,0.1308,0.0388
2228,0.00025,251.98,0.0,100.0,200.0,405.0,104.0,104.0,151.98,51.98,153.02,147.98,0.4745,0.885,0.1077,0.0727,0.1323,0.0431
2229,0.00025,251.98,0.0,100.0,200.0,406.0,101.0,101.0,151.98,51.98,154.02,150.98,0.477,0.9142,0.1312,0.0727,0.1266,0.0363
2230,0.00025,251.98,0.0,100.0,200.0,407.0,99.0,99.0,151.98,51.98,155.02,152.98,0.4794,0.9342,0.1278,0.0725,0.1176,0.0403
2231,0.00025,251.98,0.0,100.0,200.0,408.0,97.0,97.0,151.98,51.98,156.02,154.98,0.4819,0.9547,0.1332,0.0688,0.111,0.0294
2232,0.00025,251.98,0.0,100.0,200.0,409.0,95.0,95.0,151.98,51.98,157.02,156.98,0.4843,0.9755,0.1312,0.0682,0.118,0.0299
2233,0.00025,251.98,0.0,100.0,200.0,410.0,92.0,92.0,151.98,51.98,158.02,159.98,0.4868,1.0076,0.139,0.0676,0.1359,0.0322
2234,0.00025,251.98,0.0,100.0,200.0,411.0,91.0,91.0,151.98,51.98,159.02,160.98,0.4892,1.0185,0.1266,0.0642,0.1102,0.0285
2235,0.00025,251.98,0.0,100.0,200.0,412.0,89.0,89.0,151.98,51.98,160.02,162.98,0.4917,1.0407,0.0913,0.0615,0.1128,0.0271
2236,0.00025,251.98,0.0,100.0,200.0,413.0,88.0,88.0,151.98,51.98,161.02,163.98,0.4941,1.052,0.1112,0.0636,0.1159,0.0335
2237,0.00025,251.98,0.0,100.0,200.0,414.0,87.0,87.0,151.98,51.98,162.02,164.98,0.4965,1.0635,0.0997,0.0627,0.1016,0.0249
2238,0.00025,251.98,0.0,100.0,200.0,415.0,86.0,86.0,151.98,51.98,163.02,165.98,0.4989,1.075,0.0847,0.0647,0.1185,0.0342
2239,0.00025,251.98,0.0,100.0,200.0,416.0,85.0,85.0,151.98,51.98,164.02,166.98,0.5013,1.0867,0.0752,0.0647,0.1174,0.0356
2240,0.00025,251.98,0.0,100.0,200.0,417.0,84.0,84.0,151.98,51.98,165.02,167.98,0.5037,1.0985,0.0373,0.0612,0.1185,0.0294
2241,0.00025,251.98,0.0,100.0,200.0,418.0,84.0,84.0,151.98,51.98,166.02,167.98,0.5061,1.0985,0.0358,0.061,0.0991,0.0219
2242,0.00025,251.98,0.0,100.0,200.0,419.0,82.0,82.0,151.98,51.98,167.02,169.98,0.5085,1.1226,0.0465,0.0619,0.1142,0.0235
2243,0.00025,251.98,0.0,100.0,200.0,420.0,82.0,82.0,151.98,51.98,168.02,169.98,0.5109,1.1226,0.0686,0.0652,0.1178,0.0325
2244,0.00025,251.98,0.0,100.0,200.0,421.0,81.0,81.0,151.98,51.98,169.02,170.98,0.5133,1.1349,0.0506,0.0643,0.1066,0.0328
2245,0.00025,251.98,0.0,100.0,200.0,422.0,82.0,82.0,151.98,51.98,170.02,169.98,0.5156,1.1226,0.0513,0.0646,0.0869,0.0341
2246,0.00025,251.98,0.0,100.0,200.0,423.0,83.0,83.0,151.98,51.98,171.02,168.98,0.518,1.1105,0.0409,0.0628,0.0846,0.0356
2247,0.00025,251.98,0.0,100.0,200.0,424.0,84.0,84.0,151.98,51.98,172.02,167.98,0.5204,1.0985,0.0319,0.0611,0.0732,0.0267
2248,0.00025,251.98,0.0,100.0,200.0,425.0,84.0,84.0,151.98,51.98,173.02,167.98,0.5227,1.0985,0.005,0.0594,0.078,0.0163
2249,0.00025,251.98,0.0,100.0,200.0,426.0,84.0,84.0,151.98,51.98,174.02,167.98,0.5251,1.0985,0.0126,0.0568,0.069,0.0008
2250,0.00025,251.98,0.0,100.0,200.0,427.0,84.0,84.0,151.98,51.98,175.02,167.98,0.5274,1.0985,0.0058,0.0572,0.0606,0.0028
2251,0.00025,251.98,0.0,100.0,200.0,428.0,85.0,85.0,151.98,51.98,176.02,166.98,0.5298,1.0867,0.0216,0.0541,0.0365,0.0014
2252,0.00025,251.98,0.0,100.0,200.0,429.0,86.0,86.0,151.98,51.98,177.02,165.98,0.5321,1.075,0.0018,0.0581,0.042,0.0079
2253,0.00025,251.98,0.0,100.0,200.0,430.0,89.0,87.0,151.98,51.98,178.02,164.98,0.5344,1.0635,0.0148,0.0555,0.0171,0.0029
2254,0.00025,251.98,0.0,100.0,200.0,431.0,90.0,88.0,151.98,51.98,179.02,163.98,0.5367,1.052,0.0022,0.0582,0.0329,0.002
2255,0.00025,251.98,0.0,100.0,200.0,432.0,91.0,89.0,151.98,51.98,180.02,162.98,0.5391,1.0407,0.0179,0.0624,0.0395,0.0092
2256,0.00025,251.98,0.0,100.0,200.0,433.0,93.0,90.0,151.98,51.98,181.02,161.98,0.5414,1.0296,0.0204,0.063,0.0356,0.0088
2257,0.00025,251.98,0.0,100.0,200.0,434.0,95.0,91.0,151.98,51.98,182.02,160.98,0.5437,1.0185,0.0236,0.0637,0.0385,0.0189
2258,0.00025,251.98,0.0,100.0,200.0,435.0,97.0,92.0,151.98,51.98,183.02,159.98,0.546,1.0076,0.0137,0.0617,0.0266,0.0081
2259,0.00025,251.98,0.0,100.0,200.0,436.0,99.0,93.0,151.98,51.98,184.02,158.98,0.5483,0.9968,0.0221,0.0636,0.0351,0.0065
2260,0.00025,251.98,0.0,100.0,200.0,437.0,99.0,94.0,151.98,51.98,185.02,157.98,0.5506,0.9861,0.0349,0.0665,0.0542,0.0143
2261,0.00025,251.98,0.0,100.0,200.0,438.0,99.0,95.0,151.98,51.98,186.02,156.98,0.5529,0.9755,0.0335,0.0663,0.0577,0.0043
2262,0.00025,251.98,0.0,100.0,200.0,439.0,100.0,96.0,151.98,51.98,187.02,155.98,0.5551,0.965,0.0284,0.0653,0.0419,0.002
2263,0.00025,251.98,0.0,100.0,200.0,440.0,100.0,97.0,151.98,51.98,188.02,154.98,0.5574,0.9547,0.0369,0.0673,0.0501,0.0092
2264,0.00025,251.98,0.0,100.0,200.0,441.0,102.0,98.0,151.98,51.98,189.02,153.98,0.5597,0.9444,0.0355,0.0671,0.034,0.0108
2265,0.00025,251.98,0.0,100.0,200.0,442.0,103.0,99.0,151.98,51.98,190.02,152.98,0.5619,0.9342,0.0475,0.0699,0.0429,0.0147
2266,0.00025,251.98,0.0,100.0,200.0,443.0,105.0,100.0,151.98,51.98,191.02,151.98,0.5642,0.9242,0.046,0.0697,0.046,0.023
2267,0.00025,251.98,0.0,100.0,200.0,444.0,108.0,101.0,151.98,51.98,192.02,150.98,0.5665,0.9142,0.0461,0.0699,0.0428,0.0252
2268,0.00025,251.98,0.0,100.0,200.0,445.0,108.0,102.0,151.98,51.98,193.02,149.98,0.5687,0.9044,0.0704,0.0756,0.0721,0.0391
2269,0.00025,251.98,0.0,100.0,200.0,446.0,108.0,103.0,151.98,51.98,194.02,148.98,0.571,0.8946,0.0653,0.0746,0.0813,0.034
2270,0.00025,251.98,0.0,100.0,200.0,447.0,107.0,104.0,151.98,51.98,195.02,147.98,0.5732,0.885,0.0668,0.0751,0.0973,0.0415
2271,0.00025,251.98,0.0,100.0,200.0,448.0,107.0,105.0,151.98,51.98,196.02,146.98,0.5754,0.8754,0.0757,0.0774,0.0851,0.038
2272,0.00025,251.98,0.0,100.0,200.0,449.0,109.0,106.0,151.98,51.98,197.02,145.98,0.5777,0.8659,0.0575,0.0733,0.0595,0.0349
2273,0.00025,251.98,0.0,100.0,200.0,450.0,111.0,107.0,151.98,51.98,198.02,144.98,0.5799,0.8565,0.0529,0.0723,0.0535,0.0374
2274,0.00025,251.98,0.0,100.0,200.0,451.0,112.0,108.0,151.98,51.98,199.02,143.98,0.5821,0.8472,0.0568,0.0734,0.0686,0.0398
2275,0.00025,251.98,0.0,100.0,200.0,452.0,114.0,109.0,151.98,51.98,200.02,142.98,0.5843,0.838,0.0621,0.0748,0.0709,0.053
2276,0.00025,251.98,0.0,100.0,200.0,453.0,115.0,110.0,151.98,51.98,201.02,141.98,0.5865,0.8289,0.0595,0.0744,0.0856,0.0531
2277,0.00025,251.98,0.0,100.0,200.0,454.0,116.0,111.0,151.98,51.98,202.02,140.98,0.5887,0.8198,0.0514,0.0725,0.0831,0.0506
2278,0.00025,251.98,0.0,100.0,200.0,455.0,117.0,112.0,151.98,51.98,203.02,139.98,0.5909,0.8109,0.0501,0.0724,0.073,0.0457
2279,0.00025,251.98,0.0,100.0,200.0,456.0,119.0,113.0,151.98,51.98,204.02,138.98,0.5931,0.802,0.0449,0.0712,0.0586,0.0405
2280,0.00025,251.98,0.0,100.0,200.0,457.0,122.0,114.0,151.98,51.98,205.02,137.98,0.5953,0.7932,0.0531,0.0734,0.0604,0.0484
2281,0.00025,251.98,0.0,100.0,200.0,458.0,126.0,115.0,151.98,51.98,206.02,136.98,0.5975,0.7844,0.0548,0.0739,0.046,0.0525
2282,0.00025,251.98,0.0,100.0,200.0,459.0,128.0,116.0,151.98,51.98,207.02,135.98,0.5997,0.7758,0.0456,0.0718,0.0329,0.0489
2283,0.00025,251.98,0.0,100.0,200.0,460.0,132.0,117.0,151.98,51.98,208.02,134.98,0.6019,0.7672,0.0445,0.0716,0.0457,0.0498
2284,0.00025,251.98,0.0,100.0,200.0,461.0,135.0,118.0,151.98,51.98,209.02,133.98,0.604,0.7587,0.0392,0.0704,0.0438,0.0532
2285,0.00025,251.98,0.0,100.0,200.0,462.0,139.0,119.0,151.98,51.98,210.02,132.98,0.6062,0.7502,0.0415,0.0711,0.0588,0.0535
2286,0.00025,251.98,0.0,100.0,200.0,463.0,142.0,120.0,151.98,51.98,211.02,131.98,0.6084,0.7419,0.0306,0.0684,0.0397,0.0489
2287,0.00025,251.98,0.0,100.0,200.0,464.0,146.0,121.0,151.98,51.98,212.02,130.98,0.6105,0.7336,0.036,0.0699,0.0379,0.0445
2288,0.00025,251.98,0.0,100.0,200.0,465.0,149.0,122.0,151.98,51.98,213.02,129.98,0.6127,0.7253,0.0425,0.0717,0.0418,0.0527
2289,0.00025,251.98,0.0,100.0,200.0,466.0,152.0,123.0,151.98,51.98,214.02,128.98,0.6148,0.7172,0.0531,0.0747,0.0459,0.058
2290,0.00025,251.98,0.0,100.0,200.0,467.0,157.0,124.0,151.98,51.98,215.02,127.98,0.617,0.7091,0.0505,0.0741,0.0626,0.0646
2291,0.00025,251.98,0.0,100.0,200.0,468.0,161.0,125.0,151.98,51.98,216.02,126.98,0.6191,0.7011,0.0515,0.0745,0.0611,0.0683
2292,0.00025,251.98,0.0,100.0,200.0,469.0,166.0,126.0,151.98,51.98,217.02,125.98,0.6212,0.6931,0.0446,0.0728,0.0628,0.0665
2293,0.00025,251.98,0.0,100.0,200.0,470.0,169.0,127.0,151.98,51.98,218.02,124.98,0.6234,0.6852,0.0483,0.0739,0.0708,0.0598
2294,0.00025,251.98,0.0,100.0,200.0,471.0,169.0,128.0,151.98,51.98,219.02,123.98,0.6255,0.6773,0.0604,0.0773,0.0809,0.0602
2295,0.00025,251.98,0.0,100.0,200.0,472.0,167.0,129.0,151.98,51.98,220.02,122.98,0.6276,0.6696,0.0599,0.0773,0.0907,0.0595
2296,0.00025,251.98,0.0,100.0,200.0,473.0,162.0,130.0,151.98,51.98,221.02,121.98,0.6297,0.6618,0.0666,0.0793,0.1054,0.0607
2297,0.00025,251.98,0.0,100.0,200.0,474.0,156.0,131.0,151.98,51.98,222.02,120.98,0.6318,0.6542,0.0713,0.0808,0.1157,0.0613
2298,0.00025,251.98,0.0,100.0,200.0,475.0,151.0,132.0,151.98,51.98,223.02,119.98,0.6339,0.6466,0.063,0.0786,0.105,0.0542
2299,0.00025,251.98,0.0,100.0,200.0,476.0,145.0,133.0,151.98,51.98,224.02,118.98,0.6361,0.639,0.0594,0.0778,0.1032,0.0476
2300,0.00025,251.98,0.0,100.0,200.0,477.0,140.0,134.0,151.98,51.98,225.02,117.98,0.6382,0.6315,0.0626,0.0788,0.1135,0.0543
2301,0.00025,251.98,0.0,100.0,200.0,478.0,134.0,134.0,151.98,51.98,226.02,117.98,0.6402,0.6315,0.0603,0.079,0.1312,0.0566
2302,0.00025,251.98,0.0,100.0,200.0,479.0,129.0,129.0,151.98,51.98,227.02,122.98,0.6423,0.6696,0.0724,0.0816,0.1404,0.0704
2303,0.00025,251.98,0.0,100.0,200.0,480.0,124.0,124.0,151.98,51.98,228.02,127.98,0.6444,0.7091,0.0952,0.0845,0.1496,0.0722
2304,0.00025,251.98,0.0,100.0,200.0,481.0,122.0,122.0,151.98,51.98,229.02,129.98,0.6465,0.7253,0.0696,0.0834,0.1327,0.0801
2305,0.00025,251.98,0.0,100.0,200.0,482.0,120.0,120.0,151.98,51.98,230.02,131.98,0.6486,0.7419,0.0859,0.0811,0.12,0.0716
2306,0.00025,251.98,0.0,100.0,200.0,483.0,119.0,119.0,151.98,51.98,231.02,132.98,0.6507,0.7502,0.071,0.0804,0.1196,0.0706
2307,0.00025,251.98,0.0,100.0,200.0,484.0,117.0,117.0,151.98,51.98,232.02,134.98,0.6527,0.7672,0.0861,0.0826,0.1481,0.0856
2308,0.00025,251.98,0.0,100.0,200.0,485.0,116.0,116.0,151.98,51.98,233.02,135.98,0.6548,0.7758,0.0941,0.083,0.1385,0.0917
2309,0.00025,251.98,0.0,100.0,200.0,486.0,117.0,117.0,151.98,51.98,234.02,134.98,0.6568,0.7672,0.0943,0.0832,0.1186,0.0844
2310,0.00025,251.98,0.0,100.0,200.0,487.0,118.0,118.0,151.98,51.98,235.02,133.98,0.6589,0.7587,0.0943,0.0835,0.1138,0.089
2311,0.00025,251.98,0.0,100.0,200.0,488.0,120.0,119.0,151.98,51.98,236.02,132.98,0.6609,0.7502,0.105,0.0863,0.1245,0.1034
2312,0.00025,251.98,0.0,100.0,200.0,489.0,123.0,120.0,151.98,51.98,237.02,131.98,0.663,0.7419,0.1005,0.0854,0.1126,0.1033
2313,0.00025,251.98,0.0,100.0,200.0,490.0,124.0,121.0,151.98,51.98,238.02,130.98,0.665,0.7336,0.1015,0.0859,0.1374,0.1076
2314,0.00025,251.98,0.0,100.0,200.0,491.0,127.0,122.0,151.98,51.98,239.02,129.98,0.6671,0.7253,0.1102,0.0882,0.12,0.1084
2315,0.00025,251.98,0.0,100.0,200.0,492.0,130.0,123.0,151.98,51.98,240.02,128.98,0.6691,0.7172,0.1246,0.0921,0.1273,0.1175
2316,0.00025,251.98,0.0,100.0,200.0,493.0,133.0,124.0,151.98,51.98,241.02,127.98,0.6711,0.7091,0.1337,0.0946,0.1341,0.1211
2317,0.00025,251.98,0.0,100.0,200.0,494.0,133.0,125.0,151.98,51.98,242.02,126.98,0.6732,0.7011,0.1391,0.0963,0.1464,0.1184
2318,0.00025,251.98,0.0,100.0,200.0,495.0,132.0,126.0,151.98,51.98,243.02,125.98,0.6752,0.6931,0.1365,0.0959,0.152,0.1132
2319,0.00025,251.98,0.0,100.0,200.0,496.0,132.0,127.0,151.98,51.98,244.02,124.98,0.6772,0.6852,0.1296,0.0944,0.1448,0.1072
2320,0.00025,251.98,0.0,100.0,200.0,497.0,129.0,128.0,151.98,51.98,245.02,123.98,0.6792,0.6773,0.141,0.0976,0.1663,0.1108
2321,0.00025,251.98,0.0,100.0,200.0,498.0,126.0,126.0,151.98,51.98,246.02,125.98,0.6812,0.6931,0.1436,0.0963,0.1564,0.1036
2322,0.00025,251.98,0.0,100.0,200.0,499.0,126.0,126.0,151.98,51.98,247.02,125.98,0.6832,0.6931,0.1419,0.0947,0.1316,0.0962
2323,0.00025,251.98,0.0,100.0,200.0,500.0,127.0,127.0,151.98,51.98,248.02,124.98,0.6852,0.6852,0.147,0.0963,0.1392,0.1069
2324,0.00025,251.98,0.0,100.0,200.0,501.0,129.0,128.0,151.98,51.98,249.02,123.98,0.6872,0.6773,0.1521,0.0979,0.1359,0.118
2325,0.00025,251.98,0.0,100.0,200.0,502.0,130.0,129.0,151.98,51.98,250.02,122.98,0.6892,0.6696,0.1368,0.0943,0.0945,0.1208
2326,0.00025,251.98,0.0,100.0,200.0,503.0,130.0,130.0,151.98,51.98,251.02,121.98,0.6912,0.6618,0.1378,0.0948,0.0883,0.1182
2327,0.00025,251.98,0.0,100.0,200.0,504.0,130.0,130.0,151.98,51.98,252.02,121.98,0.6932,0.6618,0.1362,0.0937,0.0781,0.117
2328,0.00025,251.98,0.0,100.0,200.0,505.0,129.0,129.0,151.98,51.98,253.02,122.98,0.6952,0.6696,0.1417,0.0945,0.0814,0.1193
2329,0.00025,251.98,0.0,100.0,200.0,506.0,129.0,129.0,151.98,51.98,254.02,122.98,0.6972,0.6696,0.1484,0.0951,0.0844,0.118
2330,0.00025,251.98,0.0,100.0,200.0,507.0,131.0,130.0,151.98,51.98,255.02,121.98,0.6991,0.6618,0.1589,0.0981,0.1003,0.1215
2331,0.00025,251.98,0.0,100.0,200.0,508.0,134.0,131.0,151.98,51.98,256.02,120.98,0.7011,0.6542,0.1597,0.0986,0.1183,0.1272
2332,0.00025,251.98,0.0,100.0,200.0,509.0,138.0,132.0,151.98,51.98,257.02,119.98,0.7031,0.6466,0.1677,0.101,0.1329,0.1379
2333,0.00025,251.98,0.0,100.0,200.0,510.0,141.0,133.0,151.98,51.98,258.02,118.98,0.705,0.639,0.1739,0.1029,0.1451,0.153
2334,0.00025,251.98,0.0,100.0,200.0,511.0,145.0,134.0,151.98,51.98,259.02,117.98,0.707,0.6315,0.1692,0.102,0.1547,0.1449
2335,0.00025,251.98,0.0,100.0,200.0,512.0,147.0,135.0,151.98,51.98,260.02,116.98,0.709,0.6241,0.1723,0.1031,0.1718,0.1548
2336,0.00025,251.98,0.0,100.0,200.0,513.0,152.0,136.0,151.98,51.98,261.02,115.98,0.7109,0.6167,0.1555,0.099,0.1419,0.1414
2337,0.00025,251.98,0.0,100.0,200.0,514.0,155.0,137.0,151.98,51.98,262.02,114.98,0.7129,0.6094,0.1565,0.0996,0.1485,0.1376
2338,0.00025,251.98,0.0,100.0,200.0,515.0,159.0,138.0,151.98,51.98,263.02,113.98,0.7148,0.6021,0.1498,0.098,0.1325,0.138
2339,0.00025,251.98,0.0,100.0,200.0,516.0,163.0,139.0,151.98,51.98,264.02,112.98,0.7167,0.5949,0.1463,0.0974,0.1293,0.1359
2340,0.00025,251.98,0.0,100.0,200.0,517.0,167.0,140.0,151.98,51.98,265.02,111.98,0.7187,0.5877,0.156,0.1003,0.1592,0.1513
2341,0.00025,251.98,0.0,100.0,200.0,518.0,165.0,141.0,151.98,51.98,266.02,110.98,0.7206,0.5806,0.1711,0.1047,0.183,0.1535
2342,0.00025,251.98,0.0,100.0,200.0,519.0,164.0,142.0,151.98,51.98,267.02,109.98,0.7225,0.5735,0.1819,0.108,0.1963,0.1677
2343,0.00025,251.98,0.0,100.0,200.0,520.0,165.0,143.0,151.98,51.98,268.02,108.98,0.7245,0.5665,0.1823,0.1084,0.185,0.1639
2344,0.00025,251.98,0.0,100.0,200.0,521.0,165.0,144.0,151.98,51.98,269.02,107.98,0.7264,0.5596,0.1739,0.1064,0.1782,0.1549
2345,0.00025,251.98,0.0,100.0,200.0,522.0,162.0,145.0,151.98,51.98,270.02,106.98,0.7283,0.5526,0.1774,0.1077,0.1838,0.1478
2346,0.00025,251.98,0.0,100.0,200.0,523.0,158.0,146.0,151.98,51.98,271.02,105.98,0.7302,0.5458,0.1754,0.1074,0.1906,0.1501
2347,0.00025,251.98,0.0,100.0,200.0,524.0,153.0,147.0,151.98,51.98,272.02,104.98,0.7321,0.5389,0.1733,0.1072,0.1963,0.1473
2348,0.00025,251.98,0.0,100.0,200.0,525.0,151.0,148.0,151.98,51.98,273.02,103.98,0.734,0.5322,0.1545,0.1022,0.1776,0.1403
2349,0.00025,251.98,0.0,100.0,200.0,526.0,147.0,147.0,151.98,51.98,274.02,104.98,0.7359,0.5389,0.169,0.1033,0.1949,0.1444
2350,0.00025,251.98,0.0,100.0,200.0,527.0,142.0,142.0,151.98,51.98,275.02,109.98,0.7378,0.5735,0.1728,0.1043,0.1988,0.1422
2351,0.00025,251.98,0.0,100.0,200.0,528.0,135.0,135.0,151.98,51.98,276.02,116.98,0.7397,0.6241,0.137,0.1045,0.2131,0.1373
2352,0.00025,251.98,0.0,100.0,200.0,529.0,131.0,131.0,151.98,51.98,277.02,120.98,0.7416,0.6542,0.151,0.1043,0.1952,0.1311
2353,0.00025,251.98,0.0,100.0,200.0,530.0,123.0,123.0,151.98,51.98,278.02,128.98,0.7435,0.7172,0.1266,0.1087,0.2298,0.136
2354,0.00025,251.98,0.0,100.0,200.0,531.0,118.0,118.0,151.98,51.98,279.02,133.98,0.7454,0.7587,0.1638,0.1088,0.2193,0.1386
2355,0.00025,251.98,0.0,100.0,200.0,532.0,115.0,115.0,151.98,51.98,280.02,136.98,0.7473,0.7844,0.1828,0.11,0.2077,0.1361
2356,0.00025,251.98,0.0,100.0,200.0,533.0,112.0,112.0,151.98,51.98,281.02,139.98,0.7492,0.8109,0.178,0.1103,0.2071,0.1339
2357,0.00025,251.98,0.0,100.0,200.0,534.0,109.0,109.0,151.98,51.98,282.02,142.98,0.751,0.838,0.2118,0.1122,0.2141,0.1388
2358,0.00025,251.98,0.0,100.0,200.0,535.0,106.0,106.0,151.98,51.98,283.02,145.98,0.7529,0.8659,0.2165,0.1107,0.2152,0.1334
2359,0.00025,251.98,0.0,100.0,200.0,536.0,104.0,104.0,151.98,51.98,284.02,147.98,0.7548,0.885,0.1938,0.1088,0.1968,0.1285
2360,0.00025,251.98,0.0,100.0,200.0,537.0,104.0,104.0,151.98,51.98,285.02,147.98,0.7566,0.885,0.1864,0.1078,0.1793,0.1292
2361,0.00025,251.98,0.0,100.0,200.0,538.0,104.0,104.0,151.98,51.98,286.02,147.98,0.7585,0.885,0.1753,0.1063,0.1719,0.1273
2362,0.00025,251.98,0.0,100.0,200.0,539.0,103.0,103.0,151.98,51.98,287.02,148.98,0.7603,0.8946,0.1867,0.108,0.1856,0.1262
2363,0.00025,251.98,0.0,100.0,200.0,540.0,103.0,103.0,151.98,51.98,288.02,148.98,0.7622,0.8946,0.1835,0.1096,0.186,0.1305
2364,0.00025,251.98,0.0,100.0,200.0,541.0,101.0,101.0,151.98,51.98,289.02,150.98,0.7641,0.9142,0.1905,0.1108,0.1934,0.1262
2365,0.00025,251.98,0.0,100.0,200.0,542.0,101.0,101.0,151.98,51.98,290.02,150.98,0.7659,0.9142,0.1848,0.1096,0.1744,0.1212
2366,0.00025,251.98,0.0,100.0,200.0,543.0,101.0,101.0,151.98,51.98,291.02,150.98,0.7677,0.9142,0.1636,0.1079,0.1663,0.1186
2367,0.00025,251.98,0.0,100.0,200.0,544.0,101.0,101.0,151.98,51.98,292.02,150.98,0.7696,0.9142,0.1559,0.1063,0.1569,0.1123
2368,0.00025,251.98,0.0,100.0,200.0,545.0,104.0,102.0,151.98,51.98,293.02,149.98,0.7714,0.9044,0.153,0.106,0.1303,0.1137
2369,0.00025,251.98,0.0,100.0,200.0,546.0,106.0,103.0,151.98,51.98,294.02,148.98,0.7733,0.8946,0.149,0.1056,0.1322,0.1193
2370,0.00025,251.98,0.0,100.0,200.0,547.0,110.0,104.0,151.98,51.98,295.02,147.98,0.7751,0.885,0.1399,0.1041,0.1221,0.1222
2371,0.00025,251.98,0.0,100.0,200.0,548.0,113.0,105.0,151.98,51.98,296.02,146.98,0.7769,0.8754,0.1454,0.1054,0.1192,0.1146
2372,0.00025,251.98,0.0,100.0,200.0,549.0,115.0,106.0,151.98,51.98,297.02,145.98,0.7787,0.8659,0.1477,0.1062,0.1415,0.113
2373,0.00025,251.98,0.0,100.0,200.0,550.0,115.0,107.0,151.98,51.98,298.02,144.98,0.7806,0.8565,0.1429,0.1055,0.1423,0.1104
2374,0.00025,251.98,0.0,100.0,200.0,551.0,118.0,108.0,151.98,51.98,299.02,143.98,0.7824,0.8472,0.1273,0.1027,0.1221,0.1079
2375,0.00025,251.98,0.0,100.0,200.0,552.0,121.0,109.0,151.98,51.98,300.02,142.98,0.7842,0.838,0.1206,0.1016,0.1097,0.1028
2376,0.00025,251.98,0.0,100.0,200.0,553.0,125.0,110.0,151.98,51.98,301.02,141.98,0.786,0.8289,0.1201,0.1018,0.1126,0.1116
2377,0.00025,251.98,0.0,100.0,200.0,554.0,129.0,111.0,151.98,51.98,302.02,140.98,0.7878,0.8198,0.1237,0.1027,0.1262,0.1172
2378,0.00025,251.98,0.0,100.0,200.0,555.0,131.0,112.0,151.98,51.98,303.02,139.98,0.7896,0.8109,0.1216,0.1025,0.1261,0.112
2379,0.00025,251.98,0.0,100.0,200.0,556.0,131.0,113.0,151.98,51.98,304.02,138.98,0.7914,0.802,0.1449,0.1075,0.159,0.1213
2380,0.00025,251.98,0.0,100.0,200.0,557.0,131.0,114.0,151.98,51.98,305.02,137.98,0.7932,0.7932,0.1376,0.1063,0.1424,0.1139
2381,0.00025,251.98,0.0,100.0,200.0,558.0,131.0,115.0,151.98,51.98,306.02,136.98,0.795,0.7844,0.1325,0.1055,0.1353,0.1032
2382,0.00025,251.98,0.0,100.0,200.0,559.0,129.0,116.0,151.98,51.98,307.02,135.98,0.7968,0.7758,0.1389,0.1071,0.1542,0.106
2383,0.00025,251.98,0.0,100.0,200.0,560.0,129.0,117.0,151.98,51.98,308.02,134.98,0.7986,0.7672,0.1351,0.1065,0.152,0.1113
2384,0.00025,251.98,0.0,100.0,200.0,561.0,127.0,118.0,151.98,51.98,309.02,133.98,0.8004,0.7587,0.1337,0.1065,0.1574,0.1131
2385,0.00025,251.98,0.0,100.0,200.0,562.0,127.0,119.0,151.98,51.98,310.02,132.98,0.8021,0.7502,0.1415,0.1084,0.1649,0.1243
2386,0.00025,251.98,0.0,100.0,200.0,563.0,125.0,120.0,151.98,51.98,311.02,131.98,0.8039,0.7419,0.1291,0.106,0.1642,0.1144
2387,0.00025,251.98,0.0,100.0,200.0,564.0,124.0,121.0,151.98,51.98,312.02,130.98,0.8057,0.7336,0.1268,0.1057,0.156,0.1094
2388,0.00025,251.98,0.0,100.0,200.0,565.0,122.0,122.0,151.98,51.98,313.02,129.98,0.8075,0.7253,0.1346,0.1076,0.1583,0.1126
2389,0.00025,251.98,0.0,100.0,200.0,566.0,124.0,123.0,151.98,51.98,314.02,128.98,0.8092,0.7172,0.1161,0.1039,0.1235,0.0972
2390,0.00025,251.98,0.0,100.0,200.0,567.0,126.0,124.0,151.98,51.98,315.02,127.98,0.811,0.7091,0.1158,0.104,0.1269,0.1072
2391,0.00025,251.98,0.0,100.0,200.0,568.0,127.0,125.0,151.98,51.98,316.02,126.98,0.8128,0.7011,0.1205,0.1053,0.1322,0.1092
2392,0.00025,251.98,0.0,100.0,200.0,569.0,129.0,126.0,151.98,51.98,317.02,125.98,0.8145,0.6931,0.1138,0.104,0.1332,0.1105
2393,0.00025,251.98,0.0,100.0,200.0,570.0,131.0,127.0,151.98,51.98,318.02,124.98,0.8163,0.6852,0.1062,0.1025,0.1195,0.1077
2394,0.00025,251.98,0.0,100.0,200.0,571.0,136.0,128.0,151.98,51.98,319.02,123.98,0.818,0.6773,0.1031,0.102,0.1006,0.1033
2395,0.00025,251.98,0.0,100.0,200.0,572.0,139.0,129.0,151.98,51.98,320.02,122.98,0.8198,0.6696,0.1251,0.1072,0.1301,0.1229
2396,0.00025,251.98,0.0,100.0,200.0,573.0,143.0,130.0,151.98,51.98,321.02,121.98,0.8215,0.6618,0.1248,0.1073,0.1217,0.126
2397,0.00025,251.98,0.0,100.0,200.0,574.0,146.0,131.0,151.98,51.98,322.02,120.98,0.8233,0.6542,0.1247,0.1075,0.1159,0.1283
2398,0.00025,251.98,0.0,100.0,200.0,575.0,151.0,132.0,151.98,51.98,323.02,119.98,0.825,0.6466,0.1248,0.1078,0.1275,0.1288
2399,0.00025,251.98,0.0,100.0,200.0,576.0,156.0,133.0,151.98,51.98,324.02,118.98,0.8267,0.639,0.1194,0.1068,0.1258,0.127
2400,0.00025,251.98,0.0,100.0,200.0,577.0,159.0,134.0,151.98,51.98,325.02,117.98,0.8285,0.6315,0.1169,0.1064,0.1187,0.1286
2401,0.00025,251.98,0.0,100.0,200.0,578.0,161.0,135.0,151.98,51.98,326.02,116.98,0.8302,0.6241,0.1181,0.1069,0.1208,0.1385
2402,0.00025,251.98,0.0,100.0,200.0,579.0,162.0,136.0,151.98,51.98,327.02,115.98,0.8319,0.6167,0.1282,0.1095,0.1234,0.1444
2403,0.00025,251.98,0.0,100.0,200.0,580.0,159.0,137.0,151.98,51.98,328.02,114.98,0.8337,0.6094,0.1226,0.1084,0.103,0.1388
2404,0.00025,251.98,0.0,100.0,200.0,581.0,159.0,138.0,151.98,51.98,329.02,113.98,0.8354,0.6021,0.1238,0.1089,0.111,0.1343
2405,0.00025,251.98,0.0,100.0,200.0,582.0,162.0,139.0,151.98,51.98,330.02,112.98,0.8371,0.5949,0.122,0.1086,0.1209,0.1329
2406,0.00025,251.98,0.0,100.0,200.0,583.0,164.0,140.0,151.98,51.98,331.02,111.98,0.8388,0.5877,0.1131,0.1067,0.1132,0.1289
2407,0.00025,251.98,0.0,100.0,200.0,584.0,161.0,141.0,151.98,51.98,332.02,110.98,0.8405,0.5806,0.1065,0.1053,0.0942,0.1337
2408,0.00025,251.98,0.0,100.0,200.0,585.0,158.0,142.0,151.98,51.98,333.02,109.98,0.8422,0.5735,0.1046,0.1051,0.091,0.1272
2409,0.00025,251.98,0.0,100.0,200.0,586.0,159.0,143.0,151.98,51.98,334.02,108.98,0.844,0.5665,0.1104,0.1067,0.099,0.1213
2410,0.00025,251.98,0.0,100.0,200.0,587.0,161.0,144.0,151.98,51.98,335.02,107.98,0.8457,0.5596,0.1158,0.1082,0.1069,0.1229
2411,0.00025,251.98,0.0,100.0,200.0,588.0,161.0,145.0,151.98,51.98,336.02,106.98,0.8474,0.5526,0.1242,0.1105,0.1065,0.128
2412,0.00025,251.98,0.0,100.0,200.0,589.0,164.0,146.0,151.98,51.98,337.02,105.98,0.8491,0.5458,0.1274,0.1115,0.1167,0.1272
2413,0.00025,251.98,0.0,100.0,200.0,590.0,162.0,147.0,151.98,51.98,338.02,104.98,0.8508,0.5389,0.1147,0.1085,0.097,0.1297
2414,0.00025,251.98,0.0,100.0,200.0,591.0,161.0,148.0,151.98,51.98,339.02,103.98,0.8524,0.5322,0.1148,0.1087,0.0867,0.1158
2415,0.00025,251.98,0.0,100.0,200.0,592.0,157.0,149.0,151.98,51.98,340.02,102.98,0.8541,0.5254,0.1145,0.1089,0.0685,0.1104
2416,0.00025,251.98,0.0,100.0,200.0,593.0,152.0,150.0,151.98,51.98,341.02,101.98,0.8558,0.5187,0.1135,0.1088,0.0556,0.1073
2417,0.00025,251.98,0.0,100.0,200.0,594.0,145.0,145.0,151.98,51.98,342.02,106.98,0.8575,0.5526,0.1029,0.1079,0.0419,0.1067
2418,0.00025,251.98,0.0,100.0,200.0,595.0,138.0,138.0,151.98,51.98,343.02,113.98,0.8592,0.6021,0.0996,0.106,0.0323,0.1047
2419,0.00025,251.98,0.0,100.0,200.0,596.0,133.0,133.0,151.98,51.98,344.02,118.98,0.8609,0.639,0.1229,0.1064,0.0421,0.1059
2420,0.00025,251.98,0.0,100.0,200.0,597.0,126.0,126.0,151.98,51.98,345.02,125.98,0.8626,0.6931,0.0912,0.1051,0.0184,0.1049
2421,0.00025,251.98,0.0,100.0,200.0,598.0,120.0,120.0,151.98,51.98,346.02,131.98,0.8642,0.7419,0.0642,0.1,0.006,0.0877
2422,0.00025,251.98,0.0,100.0,200.0,599.0,117.0,117.0,151.98,51.98,347.02,134.98,0.8659,0.7672,0.0792,0.1043,0.0271,0.0919
2423,0.00025,251.98,0.0,100.0,200.0,600.0,114.0,114.0,151.98,51.98,348.02,137.98,0.8676,0.7932,0.0755,0.1049,0.0226,0.0934
2424,0.00025,251.98,0.0,100.0,200.0,601.0,111.0,111.0,151.98,51.98,349.02,140.98,0.8692,0.8198,0.0673,0.1051,0.0156,0.0883
2425,0.00025,251.98,0.0,100.0,200.0,602.0,111.0,111.0,151.98,51.98,350.02,140.98,0.8709,0.8198,0.0568,0.1051,0.0339,0.0767
2426,0.00025,251.98,0.0,100.0,200.0,603.0,111.0,111.0,151.98,51.98,351.02,140.98,0.8726,0.8198,0.0384,0.1048,0.0295,0.0714
2427,0.00025,251.98,0.0,100.0,200.0,604.0,112.0,112.0,151.98,51.98,352.02,139.98,0.8742,0.8109,0.0442,0.106,0.042,0.0726
2428,0.00025,251.98,0.0,100.0,200.0,605.0,111.0,111.0,151.98,51.98,353.02,140.98,0.8759,0.8198,0.0021,0.1009,0.007,0.0567
2429,0.00025,251.98,0.0,100.0,200.0,606.0,111.0,111.0,151.98,51.98,354.02,140.98,0.8775,0.8198,0.0027,0.1015,0.0071,0.0582
2430,0.00025,251.98,0.0,100.0,200.0,607.0,109.0,109.0,151.98,51.98,355.02,142.98,0.8792,0.838,0.001,0.1012,0.01,0.0577
2431,0.00025,251.98,0.0,100.0,200.0,608.0,106.0,106.0,151.98,51.98,356.02,145.98,0.8808,0.8659,0.0109,0.1016,0.0101,0.0666
2432,0.00025,251.98,0.0,100.0,200.0,609.0,102.0,102.0,151.98,51.98,357.02,149.98,0.8825,0.9044,0.0124,0.1008,0.0272,0.0653
2433,0.00025,251.98,0.0,100.0,200.0,610.0,98.0,98.0,151.98,51.98,358.02,153.98,0.8841,0.9444,0.0442,0.1,0.0422,0.064
2434,0.00025,251.98,0.0,100.0,200.0,611.0,95.0,95.0,151.98,51.98,359.02,156.98,0.8857,0.9755,0.0173,0.0996,0.0404,0.0697
2435,0.00025,251.98,0.0,100.0,200.0,612.0,91.0,91.0,151.98,51.98,360.02,160.98,0.8874,1.0185,0.0844,0.0974,0.0601,0.0684
2436,0.00025,251.98,0.0,100.0,200.0,613.0,88.0,88.0,151.98,51.98,361.02,163.98,0.889,1.052,0.0602,0.0977,0.0371,0.0649
2437,0.00025,251.98,0.0,100.0,200.0,614.0,86.0,86.0,151.98,51.98,362.02,165.98,0.8906,1.075,0.087,0.0962,0.0499,0.0618
2438,0.00025,251.98,0.0,100.0,200.0,615.0,84.0,84.0,151.98,51.98,363.02,167.98,0.8923,1.0985,0.0983,0.0986,0.0271,0.0652
2439,0.00025,251.98,0.0,100.0,200.0,616.0,83.0,83.0,151.98,51.98,364.02,168.98,0.8939,1.1105,0.1212,0.0971,0.0336,0.0604
2440,0.00025,251.98,0.0,100.0,200.0,617.0,81.0,81.0,151.98,51.98,365.02,170.98,0.8955,1.1349,0.1206,0.0963,0.0536,0.0653
2441,0.00025,251.98,0.0,100.0,200.0,618.0,78.0,78.0,151.98,51.98,366.02,173.98,0.8971,1.1727,0.1378,0.0954,0.0819,0.063
2442,0.00025,251.98,0.0,100.0,200.0,619.0,75.0,75.0,151.98,51.98,367.02,176.98,0.8987,1.2119,0.1202,0.0953,0.1001,0.0606
2443,0.00025,251.98,0.0,100.0,200.0,620.0,72.0,72.0,151.98,51.98,368.02,179.98,0.9004,1.2527,0.1134,0.0959,0.0989,0.0556
2444,0.00025,251.98,0.0,100.0,200.0,621.0,71.0,71.0,151.98,51.98,369.02,180.98,0.902,1.2667,0.0817,0.0998,0.0647,0.0693
2445,0.00025,251.98,0.0,100.0,200.0,622.0,69.0,69.0,151.98,51.98,370.02,182.98,0.9036,1.2953,0.045,0.1008,0.0655,0.0716
2446,0.00025,251.98,0.0,100.0,200.0,623.0,68.0,68.0,151.98,51.98,371.02,183.98,0.9052,1.3099,0.0475,0.1013,0.0615,0.0771
2447,0.00025,251.98,0.0,100.0,200.0,624.0,67.0,67.0,151.98,51.98,372.02,184.98,0.9068,1.3247,0.0671,0.1026,0.0522,0.0846
2448,0.00025,251.98,0.0,100.0,200.0,625.0,66.0,66.0,151.98,51.98,373.02,185.98,0.9084,1.3397,0.0802,0.102,0.0299,0.0864
2449,0.00025,251.98,0.0,100.0,200.0,626.0,65.0,65.0,151.98,51.98,374.02,186.98,0.91,1.355,0.0698,0.1027,0.0317,0.0941
2450,0.00025,251.98,0.0,100.0,200.0,627.0,64.0,64.0,151.98,51.98,375.02,187.98,0.9116,1.3705,0.0743,0.1019,0.0423,0.0907
2451,0.00025,251.98,0.0,100.0,200.0,628.0,63.0,63.0,151.98,51.98,376.02,188.98,0.9132,1.3862,0.0801,0.103,0.037,0.1005
2452,0.00025,251.98,0.0,100.0,200.0,629.0,63.0,63.0,151.98,51.98,377.02,188.98,0.9148,1.3862,0.0529,0.1023,0.0403,0.0899
2453,0.00025,251.98,0.0,100.0,200.0,630.0,62.0,62.0,151.98,51.98,378.02,189.98,0.9164,1.4022,0.067,0.1023,0.0643,0.0953
2454,0.00025,251.98,0.0,100.0,200.0,631.0,61.0,61.0,151.98,51.98,379.02,190.98,0.9179,1.4185,0.0389,0.1026,0.0629,0.0907
2455,0.00025,251.98,0.0,100.0,200.0,632.0,60.0,60.0,151.98,51.98,380.02,191.98,0.9195,1.435,0.0643,0.1045,0.0578,0.0875
2456,0.00025,251.98,0.0,100.0,200.0,633.0,59.0,59.0,151.98,51.98,381.02,192.98,0.9211,1.4518,0.0899,0.1025,0.0723,0.0799
2457,0.00025,251.98,0.0,100.0,200.0,634.0,58.0,58.0,151.98,51.98,382.02,193.98,0.9227,1.4689,0.0763,0.1032,0.0785,0.0803
2458,0.00025,251.98,0.0,100.0,200.0,635.0,57.0,57.0,151.98,51.98,383.02,194.98,0.9243,1.4863,0.0562,0.1052,0.0581,0.091
2459,0.00025,251.98,0.0,100.0,200.0,636.0,57.0,57.0,151.98,51.98,384.02,194.98,0.9258,1.4863,0.1053,0.1032,0.0609,0.0805
2460,0.00025,251.98,0.0,100.0,200.0,637.0,57.0,57.0,151.98,51.98,385.02,194.98,0.9274,1.4863,0.0786,0.1046,0.047,0.0787
2461,0.00025,251.98,0.0,100.0,200.0,638.0,57.0,57.0,151.98,51.98,386.02,194.98,0.929,1.4863,0.0674,0.1061,0.0294,0.0838
2462,0.00025,251.98,0.0,100.0,200.0,639.0,57.0,57.0,151.98,51.98,387.02,194.98,0.9305,1.4863,0.0674,0.1059,0.0399,0.0853
2463,0.00025,251.98,0.0,100.0,200.0,640.0,56.0,56.0,151.98,51.98,388.02,195.98,0.9321,1.504,0.0074,0.1082,0.0343,0.0883
2464,0.00025,251.98,0.0,100.0,200.0,641.0,56.0,56.0,151.98,51.98,389.02,195.98,0.9337,1.504,0.0079,0.1094,0.0338,0.0923
2465,0.00025,251.98,0.0,100.0,200.0,642.0,57.0,57.0,151.98,51.98,390.02,194.98,0.9352,1.4863,0.0396,0.1122,0.0088,0.0953
2466,0.00025,251.98,0.0,100.0,200.0,643.0,57.0,57.0,151.98,51.98,391.02,194.98,0.9368,1.4863,0.0572,0.1153,0.0196,0.1054
2467,0.00025,251.98,0.0,100.0,200.0,644.0,58.0,58.0,151.98,51.98,392.02,193.98,0.9383,1.4689,0.0566,0.1154,0.0288,0.1053
2468,0.00025,251.98,0.0,100.0,200.0,645.0,59.0,59.0,151.98,51.98,393.02,192.98,0.9399,1.4518,0.0595,0.1158,0.0325,0.0939
2469,0.00025,251.98,0.0,100.0,200.0,646.0,59.0,59.0,151.98,51.98,394.02,192.98,0.9414,1.4518,0.0239,0.1139,0.0228,0.09
2470,0.00025,251.98,0.0,100.0,200.0,647.0,60.0,60.0,151.98,51.98,395.02,191.98,0.943,1.435,0.0064,0.1112,0.013,0.08
2471,0.00025,251.98,0.0,100.0,200.0,648.0,61.0,61.0,151.98,51.98,396.02,190.98,0.9445,1.4185,0.0105,0.1108,0.0034,0.0738
2472,0.00025,251.98,0.0,100.0,200.0,649.0,61.0,61.0,151.98,51.98,397.02,190.98,0.9461,1.4185,0.0385,0.1103,0.0044,0.0811
2473,0.00025,251.98,0.0,100.0,200.0,650.0,62.0,62.0,151.98,51.98,398.02,189.98,0.9476,1.4022,0.0185,0.1122,0.0115,0.0894
2474,0.00025,251.98,0.0,100.0,200.0,651.0,63.0,63.0,151.98,51.98,399.02,188.98,0.9491,1.3862,0.0108,0.113,0.0317,0.0894
2475,0.00025,251.98,0.0,100.0,200.0,652.0,64.0,64.0,151.98,51.98,400.02,187.98,0.9507,1.3705,0.0119,0.1129,0.037,0.0859
2476,0.00025,251.98,0.0,100.0,200.0,653.0,65.0,65.0,151.98,51.98,401.02,186.98,0.9522,1.355,0.0266,0.1115,0.0268,0.0822
2477,0.00025,251.98,0.0,100.0,200.0,654.0,65.0,65.0,151.98,51.98,402.02,186.98,0.9537,1.355,0.0445,0.1106,0.0158,0.0835
2478,0.00025,251.98,0.0,100.0,200.0,655.0,66.0,66.0,151.98,51.98,403.02,185.98,0.9553,1.3397,0.041,0.1109,0.0189,0.085
2479,0.00025,251.98,0.0,100.0,200.0,656.0,66.0,66.0,151.98,51.98,404.02,185.98,0.9568,1.3397,0.0112,0.1113,0.0066,0.0887
2480,0.00025,251.98,0.0,100.0,200.0,657.0,66.0,66.0,151.98,51.98,405.02,185.98,0.9583,1.3397,0.0003,0.1126,0.0088,0.0881
2481,0.00025,251.98,0.0,100.0,200.0,658.0,67.0,67.0,151.98,51.98,406.02,184.98,0.9598,1.3247,0.021,0.1149,0.0277,0.094
2482,0.00025,251.98,0.0,100.0,200.0,659.0,67.0,67.0,151.98,51.98,407.02,184.98,0.9614,1.3247,0.0341,0.1163,0.0283,0.1037
2483,0.00025,251.98,0.0,100.0,200.0,660.0,68.0,68.0,151.98,51.98,408.02,183.98,0.9629,1.3099,0.0348,0.1165,0.0323,0.1047
2484,0.00025,251.98,0.0,100.0,200.0,661.0,68.0,68.0,151.98,51.98,409.02,183.98,0.9644,1.3099,0.0326,0.1162,0.0307,0.1066
2485,0.00025,251.98,0.0,100.0,200.0,662.0,68.0,68.0,151.98,51.98,410.02,183.98,0.9659,1.3099,0.0443,0.1166,0.0226,0.1062
2486,0.00025,251.98,0.0,100.0,200.0,663.0,68.0,68.0,151.98,51.98,411.02,183.98,0.9674,1.3099,0.0575,0.1163,0.0334,0.1113
2487,0.00025,251.98,0.0,100.0,200.0,664.0,68.0,68.0,151.98,51.98,412.02,183.98,0.9689,1.3099,0.0279,0.1136,0.0171,0.099
2488,0.00025,251.98,0.0,100.0,200.0,665.0,68.0,68.0,151.98,51.98,413.02,183.98,0.9704,1.3099,0.0365,0.1134,0.0045,0.0939
2489,0.00025,251.98,0.0,100.0,200.0,666.0,69.0,69.0,151.98,51.98,414.02,182.98,0.9719,1.2953,0.0407,0.1139,0.0293,0.0889
2490,0.00025,251.98,0.0,100.0,200.0,667.0,70.0,70.0,151.98,51.98,415.02,181.98,0.9734,1.2809,0.042,0.1142,0.0299,0.0909
2491,0.00025,251.98,0.0,100.0,200.0,668.0,71.0,71.0,151.98,51.98,416.02,180.98,0.9749,1.2667,0.07,0.1172,0.0434,0.1003
2492,0.00025,251.98,0.0,100.0,200.0,669.0,71.0,71.0,151.98,51.98,417.02,180.98,0.9764,1.2667,0.1059,0.1165,0.0453,0.1017
2493,0.00025,251.98,0.0,100.0,200.0,670.0,72.0,72.0,151.98,51.98,418.02,179.98,0.9779,1.2527,0.1015,0.1162,0.0519,0.0982
2494,0.00025,251.98,0.0,100.0,200.0,671.0,74.0,73.0,151.98,51.98,419.02,178.98,0.9794,1.2389,0.097,0.1159,0.0526,0.0891
2495,0.00025,251.98,0.0,100.0,200.0,672.0,74.0,74.0,151.98,51.98,420.02,177.98,0.9809,1.2253,0.1079,0.1173,0.0324,0.0938
2496,0.00025,251.98,0.0,100.0,200.0,673.0,75.0,75.0,151.98,51.98,421.02,176.98,0.9824,1.2119,0.1175,0.1186,0.0399,0.0933
2497,0.00025,251.98,0.0,100.0,200.0,674.0,76.0,76.0,151.98,51.98,422.02,175.98,0.9839,1.1986,0.1348,0.1208,0.0533,0.0971
2498,0.00025,251.98,0.0,100.0,200.0,675.0,77.0,77.0,151.98,51.98,423.02,174.98,0.9853,1.1856,0.1327,0.1208,0.0518,0.1022
2499,0.00025,251.98,0.0,100.0,200.0,676.0,78.0,78.0,151.98,51.98,424.02,173.98,0.9868,1.1727,0.0948,0.1167,0.0296,0.0902
2500,0.00025,251.98,0.0,100.0,200.0,677.0,78.0,78.0,151.98,51.98,425.02,173.98,0.9883,1.1727,0.0569,0.1161,0.0277,0.0857
2501,0.00025,251.98,0.0,100.0,200.0,678.0,78.0,78.0,151.98,51.98,426.02,173.98,0.9898,1.1727,0.0268,0.1131,0.0048,0.0753
2502,0.00025,251.98,0.0,100.0,200.0,679.0,78.0,78.0,151.98,51.98,427.02,173.98,0.9913,1.1727,0.0362,0.1144,0.0017,0.0733
2503,0.00025,251.98,0.0,100.0,200.0,680.0,78.0,78.0,151.98,51.98,428.02,173.98,0.9927,1.1727,0.0347,0.1143,0.0035,0.0657
2504,0.00025,251.98,0.0,100.0,200.0,681.0,78.0,78.0,151.98,51.98,429.02,173.98,0.9942,1.1727,0.0241,0.1128,0.0092,0.0634
2505,0.00025,251.98,0.0,100.0,200.0,682.0,78.0,78.0,151.98,51.98,430.02,173.98,0.9957,1.1727,0.0002,0.1112,0.0197,0.0631
2506,0.00025,251.98,0.0,100.0,200.0,683.0,78.0,78.0,151.98,51.98,431.02,173.98,0.9971,1.1727,0.0631,0.1138,0.0095,0.0739
2507,0.00025,251.98,0.0,100.0,200.0,684.0,79.0,79.0,151.98,51.98,432.02,172.98,0.9986,1.1599,0.0687,0.1146,0.0229,0.071
2508,0.00025,251.98,0.0,100.0,200.0,685.0,80.0,80.0,151.98,51.98,433.02,171.98,1.0001,1.1473,0.0558,0.1133,0.015,0.0655
2509,0.00025,251.98,0.0,100.0,200.0,686.0,80.0,80.0,151.98,51.98,434.02,171.98,1.0015,1.1473,0.0315,0.111,0.0104,0.0568
2510,0.00025,251.98,0.0,100.0,200.0,687.0,80.0,80.0,151.98,51.98,435.02,171.98,1.003,1.1473,0.0429,0.112,0.012,0.0599
2511,0.00025,251.98,0.0,100.0,200.0,688.0,80.0,80.0,151.98,51.98,436.02,171.98,1.0044,1.1473,0.0502,0.1133,0.017,0.0573
2512,0.00025,251.98,0.0,100.0,200.0,689.0,79.0,79.0,151.98,51.98,437.02,172.98,1.0059,1.1599,0.0822,0.1155,0.0082,0.0668
2513,0.00025,251.98,0.0,100.0,200.0,690.0,80.0,80.0,151.98,51.98,438.02,171.98,1.0073,1.1473,0.0834,0.1158,0.0112,0.0666
2514,0.00025,251.98,0.0,100.0,200.0,691.0,81.0,81.0,151.98,51.98,439.02,170.98,1.0088,1.1349,0.0919,0.117,0.0177,0.0647
2515,0.00025,251.98,0.0,100.0,200.0,692.0,82.0,82.0,151.98,51.98,440.02,169.98,1.0102,1.1226,0.0703,0.1146,0.0004,0.0469
2516,0.00025,251.98,0.0,100.0,200.0,693.0,83.0,83.0,151.98,51.98,441.02,168.98,1.0117,1.1105,0.0527,0.1126,0.013,0.0338
2517,0.00025,251.98,0.0,100.0,200.0,694.0,84.0,84.0,151.98,51.98,442.02,167.98,1.0131,1.0985,0.05,0.1124,0.0091,0.0289
2518,0.00025,251.98,0.0,100.0,200.0,695.0,85.0,85.0,151.98,51.98,443.02,166.98,1.0145,1.0867,0.0339,0.1106,0.0107,0.0233
2519,0.00025,251.98,0.0,100.0,200.0,696.0,86.0,86.0,151.98,51.98,444.02,165.98,1.016,1.075,0.025,0.1096,0.0202,0.0234
2520,0.00025,251.98,0.0,100.0,200.0,697.0,88.0,87.0,151.98,51.98,445.02,164.98,1.0174,1.0635,0.0244,0.1096,0.0127,0.0154
2521,0.00025,251.98,0.0,100.0,200.0,698.0,90.0,88.0,151.98,51.98,446.02,163.98,1.0189,1.052,0.0161,0.1087,0.011,0.015
2522,0.00025,251.98,0.0,100.0,200.0,699.0,92.0,89.0,151.98,51.98,447.02,162.98,1.0203,1.0407,0.0079,0.1077,0.0215,0.0153
2523,0.00025,251.98,0.0,100.0,200.0,700.0,93.0,90.0,151.98,51.98,448.02,161.98,1.0217,1.0296,0.0077,0.1078,0.0248,0.0114
2524,0.00025,251.98,0.0,100.0,200.0,701.0,94.0,91.0,151.98,51.98,449.02,160.98,1.0231,1.0185,0.0148,0.1088,0.0192,0.0107
2525,0.00025,251.98,0.0,100.0,200.0,702.0,95.0,92.0,151.98,51.98,450.02,159.98,1.0246,1.0076,0.0173,0.1092,0.0167,0.0211
2526,0.00025,251.98,0.0,100.0,200.0,703.0,96.0,93.0,151.98,51.98,451.02,158.98,1.026,0.9968,0.0151,0.109,0.0168,0.0188
2527,0.00025,251.98,0.0,100.0,200.0,704.0,96.0,94.0,151.98,51.98,452.02,157.98,1.0274,0.9861,0.0009,0.1072,0.0369,0.0151
2528,0.00025,251.98,0.0,100.0,200.0,705.0,99.0,95.0,151.98,51.98,453.02,156.98,1.0288,0.9755,0.0077,0.1081,0.0009,0.0164
2529,0.00025,251.98,0.0,100.0,200.0,706.0,101.0,96.0,151.98,51.98,454.02,155.98,1.0302,0.965,0.0095,0.1085,0.0006,0.0158
2530,0.00025,251.98,0.0,100.0,200.0,707.0,103.0,97.0,151.98,51.98,455.02,154.98,1.0317,0.9547,0.0027,0.1069,0.0103,0.0024
2531,0.00025,251.98,0.0,100.0,200.0,708.0,106.0,98.0,151.98,51.98,456.02,153.98,1.0331,0.9444,0.0027,0.1077,0.0075,0.0037
2532,0.00025,251.98,0.0,100.0,200.0,709.0,110.0,99.0,151.98,51.98,457.02,152.98,1.0345,0.9342,0.0066,0.1064,0.0116,0.0069
2533,0.00025,251.98,0.0,100.0,200.0,710.0,112.0,100.0,151.98,51.98,458.02,151.98,1.0359,0.9242,0.004,0.108,0.004,0.0066
2534,0.00025,251.98,0.0,100.0,200.0,711.0,115.0,101.0,151.98,51.98,459.02,150.98,1.0373,0.9142,0.0076,0.1086,0.0106,0.0024
2535,0.00025,251.98,0.0,100.0,200.0,712.0,116.0,102.0,151.98,51.98,460.02,149.98,1.0387,0.9044,0.0102,0.109,0.0271,0.004
2536,0.00025,251.98,0.0,100.0,200.0,713.0,119.0,103.0,151.98,51.98,461.02,148.98,1.0401,0.8946,0.0037,0.1071,0.0113,0.0004
2537,0.00025,251.98,0.0,100.0,200.0,714.0,120.0,104.0,151.98,51.98,462.02,147.98,1.0415,0.885,0.0042,0.1071,0.0205,0.0022
2538,0.00025,251.98,0.0,100.0,200.0,715.0,123.0,105.0,151.98,51.98,463.02,146.98,1.0429,0.8754,0.008,0.1089,0.0183,0.0081
2539,0.00025,251.98,0.0,100.0,200.0,716.0,125.0,106.0,151.98,51.98,464.02,145.98,1.0443,0.8659,0.02,0.1108,0.041,0.0162
2540,0.00025,251.98,0.0,100.0,200.0,717.0,126.0,107.0,151.98,51.98,465.02,144.98,1.0457,0.8565,0.0016,0.1081,0.0268,0.0009
2541,0.00025,251.98,0.0,100.0,200.0,718.0,125.0,108.0,151.98,51.98,466.02,143.98,1.0471,0.8472,0.0031,0.1075,0.0271,0.0149
2542,0.00025,251.98,0.0,100.0,200.0,719.0,123.0,109.0,151.98,51.98,467.02,142.98,1.0485,0.838,0.0013,0.1082,0.0331,0.021
2543,0.00025,251.98,0.0,100.0,200.0,720.0,122.0,110.0,151.98,51.98,468.02,141.98,1.0499,0.8289,0.0061,0.1071,0.0214,0.0262
2544,0.00025,251.98,0.0,100.0,200.0,721.0,123.0,111.0,151.98,51.98,469.02,140.98,1.0513,0.8198,0.0003,0.1082,0.0047,0.0175
2545,0.00025,251.98,0.0,100.0,200.0,722.0,125.0,112.0,151.98,51.98,470.02,139.98,1.0527,0.8109,0.0029,0.1077,0.0047,0.0226
2546,0.00025,251.98,0.0,100.0,200.0,723.0,127.0,113.0,151.98,51.98,471.02,138.98,1.054,0.802,0.003,0.1087,0.0009,0.0187
2547,0.00025,251.98,0.0,100.0,200.0,724.0,131.0,114.0,151.98,51.98,472.02,137.98,1.0554,0.7932,0.0021,0.1086,0.0099,0.0185
2548,0.00025,251.98,0.0,100.0,200.0,725.0,135.0,115.0,151.98,51.98,473.02,136.98,1.0568,0.7844,0.0127,0.1104,0.0061,0.0006
2549,0.00025,251.98,0.0,100.0,200.0,726.0,139.0,116.0,151.98,51.98,474.02,135.98,1.0582,0.7758,0.0095,0.1099,0.0014,0.0041
2550,0.00025,251.98,0.0,100.0,200.0,727.0,143.0,117.0,151.98,51.98,475.02,134.98,1.0596,0.7672,0.0006,0.1086,0.0066,0.0119
2551,0.00025,251.98,0.0,100.0,200.0,728.0,148.0,118.0,151.98,51.98,476.02,133.98,1.0609,0.7587,0.0024,0.1089,0.0107,0.0113
2552,0.00025,251.98,0.0,100.0,200.0,729.0,153.0,119.0,151.98,51.98,477.02,132.98,1.0623,0.7502,0.0023,0.1082,0.012,0.0137
2553,0.00025,251.98,0.0,100.0,200.0,730.0,154.0,120.0,151.98,51.98,478.02,131.98,1.0637,0.7419,0.0043,0.1094,0.0035,0.0214
2554,0.00025,251.98,0.0,100.0,200.0,731.0,156.0,121.0,151.98,51.98,479.02,130.98,1.065,0.7336,0.0066,0.1098,0.0026,0.0202
2555,0.00025,251.98,0.0,100.0,200.0,732.0,159.0,122.0,151.98,51.98,480.02,129.98,1.0664,0.7253,0.0052,0.1096,0.0157,0.0243
2556,0.00025,251.98,0.0,100.0,200.0,733.0,161.0,123.0,151.98,51.98,481.02,128.98,1.0678,0.7172,0.0014,0.1086,0.0111,0.0292
2557,0.00025,251.98,0.0,100.0,200.0,734.0,162.0,124.0,151.98,51.98,482.02,127.98,1.0691,0.7091,0.0017,0.1086,0.0155,0.0345
2558,0.00025,251.98,0.0,100.0,200.0,735.0,166.0,125.0,151.98,51.98,483.02,126.98,1.0705,0.7011,0.0026,0.1094,0.0228,0.028
2559,0.00025,251.98,0.0,100.0,200.0,736.0,167.0,126.0,151.98,51.98,484.02,125.98,1.0719,0.6931,0.0119,0.1111,0.002,0.017
2560,0.00025,251.98,0.0,100.0,200.0,737.0,171.0,127.0,151.98,51.98,485.02,124.98,1.0732,0.6852,0.0131,0.1113,0.0051,0.0135
2561,0.00025,251.98,0.0,100.0,200.0,738.0,177.0,128.0,151.98,51.98,486.02,123.98,1.0746,0.6773,0.0223,0.113,0.0024,0.0034
2562,0.00025,251.98,0.0,100.0,200.0,739.0,182.0,129.0,151.98,51.98,487.02,122.98,1.0759,0.6696,0.0162,0.112,0.0088,0.0118
2563,0.00025,251.98,0.0,100.0,200.0,740.0,188.0,130.0,151.98,51.98,488.02,121.98,1.0773,0.6618,0.03,0.1145,0.0053,0.0073
2564,0.00025,251.98,0.0,100.0,200.0,741.0,193.0,131.0,151.98,51.98,489.02,120.98,1.0786,0.6542,0.0283,0.1143,0.0142,0.0115
2565,0.00025,251.98,0.0,100.0,200.0,742.0,192.0,132.0,151.98,51.98,490.02,119.98,1.08,0.6466,0.0302,0.1147,0.0297,0.0068
2566,0.00025,251.98,0.0,100.0,200.0,743.0,183.0,133.0,151.98,51.98,491.02,118.98,1.0813,0.639,0.0324,0.1152,0.0458,0.0006
2567,0.00025,251.98,0.0,100.0,200.0,744.0,175.0,134.0,151.98,51.98,492.02,117.98,1.0827,0.6315,0.0326,0.1154,0.0457,0.0041
2568,0.00025,251.98,0.0,100.0,200.0,745.0,166.0,135.0,151.98,51.98,493.02,116.98,1.084,0.6241,0.0279,0.1146,0.0541,0.0017
2569,0.00025,251.98,0.0,100.0,200.0,746.0,161.0,136.0,151.98,51.98,494.02,115.98,1.0854,0.6167,0.0257,0.1143,0.0447,0.0016
2570,0.00025,251.98,0.0,100.0,200.0,747.0,161.0,137.0,151.98,51.98,495.02,114.98,1.0867,0.6094,0.0356,0.1162,0.0132,0.0124
2571,0.00025,251.98,0.0,100.0,200.0,748.0,160.0,138.0,151.98,51.98,496.02,113.98,1.088,0.6021,0.0279,0.1149,0.021,0.0037
2572,0.00025,251.98,0.0,100.0,200.0,749.0,163.0,139.0,151.98,51.98,497.02,112.98,1.0894,0.5949,0.0354,0.1163,0.0066,0.007
2573,0.00025,251.98,0.0,100.0,200.0,750.0,162.0,140.0,151.98,51.98,498.02,111.98,1.0907,0.5877,0.037,0.1167,0.0161,0.0102
2574,0.00025,251.98,0.0,100.0,200.0,751.0,159.0,141.0,151.98,51.98,499.02,110.98,1.092,0.5806,0.0329,0.1161,0.0265,0.0151
2575,0.00025,251.98,0.0,100.0,200.0,752.0,155.0,142.0,151.98,51.98,500.02,109.98,1.0934,0.5735,0.0338,0.1163,0.0243,0.0189
2576,0.00025,251.98,0.0,100.0,200.0,753.0,154.0,143.0,151.98,51.98,501.02,108.98,1.0947,0.5665,0.0402,0.1176,0.0053,0.0233
2577,0.00025,251.98,0.0,100.0,200.0,754.0,156.0,144.0,151.98,51.98,502.02,107.98,1.096,0.5596,0.0453,0.1187,0.0082,0.0245
2578,0.00025,251.98,0.0,100.0,200.0,755.0,158.0,145.0,151.98,51.98,503.02,106.98,1.0974,0.5526,0.0486,0.1194,0.0114,0.0276
2579,0.00025,251.98,0.0,100.0,200.0,756.0,161.0,146.0,151.98,51.98,504.02,105.98,1.0987,0.5458,0.0385,0.1176,0.0051,0.0067
2580,0.00025,251.98,0.0,100.0,200.0,757.0,163.0,147.0,151.98,51.98,505.02,104.98,1.1,0.5389,0.0476,0.1195,0.0001,0.0169
2581,0.00025,251.98,0.0,100.0,200.0,758.0,159.0,148.0,151.98,51.98,506.02,103.98,1.1013,0.5322,0.0404,0.1182,0.0245,0.0141
2582,0.00025,251.98,0.0,100.0,200.0,759.0,157.0,149.0,151.98,51.98,507.02,102.98,1.1026,0.5254,0.0494,0.12,0.0202,0.0165
2583,0.00025,251.98,0.0,100.0,200.0,760.0,155.0,150.0,151.98,51.98,508.02,101.98,1.104,0.5187,0.0528,0.1208,0.0156,0.0208
2584,0.00025,251.98,0.0,100.0,200.0,761.0,152.0,151.0,151.98,51.98,509.02,100.98,1.1053,0.5121,0.0495,0.1203,0.0183,0.0187
2585,0.00025,251.98,0.0,100.0,200.0,762.0,152.0,152.0,151.98,51.98,510.02,99.98,1.1066,0.5055,0.0546,0.1214,0.0126,0.0175
2586,0.00025,251.98,0.0,100.0,200.0,763.0,150.0,150.0,151.98,51.98,511.02,101.98,1.1079,0.5187,0.066,0.1216,0.0088,0.0248
2587,0.00025,251.98,0.0,100.0,200.0,764.0,153.0,151.0,151.98,51.98,512.02,100.98,1.1092,0.5121,0.0678,0.1221,0.0123,0.0272
2588,0.00025,251.98,0.0,100.0,200.0,765.0,157.0,152.0,151.98,51.98,513.02,99.98,1.1105,0.5055,0.0739,0.1234,0.024,0.0268
2589,0.00025,251.98,0.0,100.0,200.0,766.0,158.0,153.0,151.98,51.98,514.02,98.98,1.1118,0.4989,0.0629,0.1214,0.0045,0.0294
2590,0.00025,251.98,0.0,100.0,200.0,767.0,158.0,154.0,151.98,51.98,515.02,97.98,1.1131,0.4924,0.0639,0.1217,0.0052,0.03
2591,0.00025,251.98,0.0,100.0,200.0,768.0,153.0,153.0,151.98,51.98,516.02,98.98,1.1144,0.4989,0.051,0.1198,0.0304,0.019
2592,0.00025,251.98,0.0,100.0,200.0,769.0,151.0,151.0,151.98,51.98,517.02,100.98,1.1157,0.5121,0.0794,0.1226,0.0036,0.0333
2593,0.00025,251.98,0.0,100.0,200.0,770.0,148.0,148.0,151.98,51.98,518.02,103.98,1.117,0.5322,0.052,0.1213,0.0121,0.0324
2594,0.00025,251.98,0.0,100.0,200.0,771.0,145.0,145.0,151.98,51.98,519.02,106.98,1.1183,0.5526,0.0457,0.1214,0.0095,0.0341
2595,0.00025,251.98,0.0,100.0,200.0,772.0,143.0,143.0,151.98,51.98,520.02,108.98,1.1196,0.5665,0.0496,0.1217,0.017,0.0202
2596,0.00025,251.98,0.0,100.0,200.0,773.0,140.0,140.0,151.98,51.98,521.02,111.98,1.1209,0.5877,0.0427,0.1203,0.0363,0.0143
2597,0.00025,251.98,0.0,100.0,200.0,774.0,134.0,134.0,151.98,51.98,522.02,117.98,1.1222,0.6315,0.0119,0.1193,0.0595,0.0094
2598,0.00025,251.98,0.0,100.0,200.0,775.0,129.0,129.0,151.98,51.98,523.02,122.98,1.1235,0.6696,0.0244,0.1177,0.0715,0.0026
2599,0.00025,251.98,0.0,100.0,200.0,776.0,126.0,126.0,151.98,51.98,524.02,125.98,1.1248,0.6931,0.022,0.1168,0.0514,0.0016
2600,0.00025,251.98,0.0,100.0,200.0,777.0,125.0,125.0,151.98,51.98,525.02,126.98,1.1261,0.7011,0.0233,0.1172,0.0444,0.0041
2601,0.00025,251.98,0.0,100.0,200.0,778.0,126.0,126.0,151.98,51.98,526.02,125.98,1.1274,0.6931,0.0193,0.1179,0.0195,0.0052
2602,0.00025,251.98,0.0,100.0,200.0,779.0,127.0,127.0,151.98,51.98,527.02,124.98,1.1286,0.6852,0.0148,0.1186,0.0224,0.0004
2603,0.00025,251.98,0.0,100.0,200.0,780.0,129.0,128.0,151.98,51.98,528.02,123.98,1.1299,0.6773,0.0053,0.1202,0.0092,0.0096
2604,0.00025,251.98,0.0,100.0,200.0,781.0,132.0,129.0,151.98,51.98,529.02,122.98,1.1312,0.6696,0.0129,0.119,0.0091,0.0033
2605,0.00025,251.98,0.0,100.0,200.0,782.0,136.0,130.0,151.98,51.98,530.02,121.98,1.1325,0.6618,0.0187,0.1181,0.005,0.0001
2606,0.00025,251.98,0.0,100.0,200.0,783.0,136.0,131.0,151.98,51.98,531.02,120.98,1.1338,0.6542,0.0208,0.1178,0.0259,0.0043
2607,0.00025,251.98,0.0,100.0,200.0,784.0,135.0,132.0,151.98,51.98,532.02,119.98,1.135,0.6466,0.0173,0.1184,0.0267,0.0106
2608,0.00025,251.98,0.0,100.0,200.0,785.0,136.0,133.0,151.98,51.98,533.02,118.98,1.1363,0.639,0.011,0.1195,0.009,0.0155
2609,0.00025,251.98,0.0,100.0,200.0,786.0,141.0,134.0,151.98,51.98,534.02,117.98,1.1376,0.6315,0.0076,0.1201,0.0116,0.0131
2610,0.00025,251.98,0.0,100.0,200.0,787.0,145.0,135.0,151.98,51.98,535.02,116.98,1.1389,0.6241,0.0056,0.1205,0.0069,0.0099
2611,0.00025,251.98,0.0,100.0,200.0,788.0,149.0,136.0,151.98,51.98,536.02,115.98,1.1401,0.6167,0.0091,0.12,0.0063,0.0009
2612,0.00025,251.98,0.0,100.0,200.0,789.0,150.0,137.0,151.98,51.98,537.02,114.98,1.1414,0.6094,0.0135,0.1192,0.0271,0.0051
2613,0.00025,251.98,0.0,100.0,200.0,790.0,150.0,138.0,151.98,51.98,538.02,113.98,1.1427,0.6021,0.0018,0.1213,0.013,0.0116
2614,0.00025,251.98,0.0,100.0,200.0,791.0,150.0,139.0,151.98,51.98,539.02,112.98,1.1439,0.5949,0.0021,0.1213,0.0213,0.0107
2615,0.00025,251.98,0.0,100.0,200.0,792.0,152.0,140.0,151.98,51.98,540.02,111.98,1.1452,0.5877,0.003,0.1212,0.0058,0.0098
2616,0.00025,251.98,0.0,100.0,200.0,793.0,156.0,141.0,151.98,51.98,541.02,110.98,1.1465,0.5806,0.0049,0.1209,0.0052,0.0086
2617,0.00025,251.98,0.0,100.0,200.0,794.0,162.0,142.0,151.98,51.98,542.02,109.98,1.1477,0.5735,0.0028,0.1224,0.0177,0.0168
2618,0.00025,251.98,0.0,100.0,200.0,795.0,165.0,143.0,151.98,51.98,543.02,108.98,1.149,0.5665,0.0014,0.1221,0.0287,0.0215
2619,0.00025,251.98,0.0,100.0,200.0,796.0,167.0,144.0,151.98,51.98,544.02,107.98,1.1502,0.5596,0.0039,0.1227,0.0394,0.0221
2620,0.00025,251.98,0.0,100.0,200.0,797.0,170.0,145.0,151.98,51.98,545.02,106.98,1.1515,0.5526,0.0006,0.1221,0.0349,0.0236
2621,0.00025,251.98,0.0,100.0,200.0,798.0,175.0,146.0,151.98,51.98,546.02,105.98,1.1527,0.5458,0.0016,0.1218,0.0386,0.0373
2622,0.00025,251.98,0.0,100.0,200.0,799.0,176.0,147.0,151.98,51.98,547.02,104.98,1.154,0.5389,0.0061,0.121,0.039,0.0213
2623,0.00025,251.98,0.0,100.0,200.0,800.0,179.0,148.0,151.98,51.98,548.02,103.98,1.1552,0.5322,0.0158,0.1192,0.0244,0.0123
2624,0.00025,251.98,0.0,100.0,200.0,801.0,184.0,149.0,151.98,51.98,549.02,102.98,1.1565,0.5254,0.0187,0.1187,0.0134,0.0096
2625,0.00025,251.98,0.0,100.0,200.0,802.0,190.0,150.0,151.98,51.98,550.02,101.98,1.1577,0.5187,0.0221,0.1181,0.0054,0.0069
2626,0.00025,251.98,0.0,100.0,200.0,803.0,195.0,151.0,151.98,51.98,551.02,100.98,1.159,0.5121,0.0279,0.1171,0.0019,0.0031
2627,0.00025,251.98,0.0,100.0,200.0,804.0,196.0,152.0,151.98,51.98,552.02,99.98,1.1602,0.5055,0.0221,0.1182,0.0199,0.004
2628,0.00025,251.98,0.0,100.0,200.0,805.0,201.0,153.0,151.98,51.98,553.02,98.98,1.1615,0.4989,0.0184,0.1189,0.0186,0.0222
2629,0.00025,251.98,0.0,100.0,200.0,806.0,207.0,154.0,151.98,51.98,554.02,97.98,1.1627,0.4924,0.0178,0.1191,0.0173,0.0209
2630,0.00025,251.98,0.0,100.0,200.0,807.0,210.0,155.0,151.98,51.98,555.02,96.98,1.164,0.4859,0.0154,0.1196,0.0325,0.0236
2631,0.00025,251.98,0.0,100.0,200.0,808.0,216.0,156.0,151.98,51.98,556.02,95.98,1.1652,0.4795,0.0254,0.1177,0.0114,0.0145
2632,0.00025,251.98,0.0,100.0,200.0,809.0,222.0,157.0,151.98,51.98,557.02,94.98,1.1664,0.4731,0.0253,0.1177,0.0204,0.0169
2633,0.00025,251.98,0.0,100.0,200.0,810.0,228.0,158.0,151.98,51.98,558.02,93.98,1.1677,0.4668,0.0171,0.1193,0.0223,0.0256
2634,0.00025,251.98,0.0,100.0,200.0,811.0,236.0,159.0,151.98,51.98,559.02,92.98,1.1689,0.4605,0.0064,0.1215,0.0354,0.0355
2635,0.00025,251.98,0.0,100.0,200.0,812.0,230.0,160.0,151.98,51.98,560.02,91.98,1.1701,0.4542,0.0227,0.1183,0.0064,0.0292
2636,0.00025,251.98,0.0,100.0,200.0,813.0,234.0,161.0,151.98,51.98,561.02,90.98,1.1714,0.448,0.0222,0.1184,0.0209,0.0286
2637,0.00025,251.98,0.0,100.0,200.0,814.0,232.0,162.0,151.98,51.98,562.02,89.98,1.1726,0.4418,0.028,0.1173,0.0118,0.0286
2638,0.00025,251.98,0.0,100.0,200.0,815.0,226.0,163.0,151.98,51.98,563.02,88.98,1.1738,0.4356,0.0317,0.1166,0.0074,0.0179
2639,0.00025,251.98,0.0,100.0,200.0,816.0,209.0,164.0,151.98,51.98,564.02,87.98,1.175,0.4295,0.0421,0.1145,0.0377,0.0142
2640,0.00025,251.98,0.0,100.0,200.0,817.0,202.0,165.0,151.98,51.98,565.02,86.98,1.1763,0.4234,0.0412,0.1147,0.0175,0.0172
2641,0.00025,251.98,0.0,100.0,200.0,818.0,201.0,166.0,151.98,51.98,566.02,85.98,1.1775,0.4174,0.0264,0.1177,0.0117,0.0319
2642,0.00025,251.98,0.0,100.0,200.0,819.0,200.0,167.0,151.98,51.98,567.02,84.98,1.1787,0.4114,0.0185,0.1193,0.0197,0.0389
2643,0.00025,251.98,0.0,100.0,200.0,820.0,204.0,168.0,151.98,51.98,568.02,83.98,1.1799,0.4054,0.0169,0.1197,0.0302,0.0383
2644,0.00025,251.98,0.0,100.0,200.0,821.0,211.0,169.0,151.98,51.98,569.02,82.98,1.1812,0.3995,0.0131,0.1205,0.0293,0.0295
2645,0.00025,251.98,0.0,100.0,200.0,822.0,216.0,170.0,151.98,51.98,570.02,81.98,1.1824,0.3936,0.0164,0.1199,0.0269,0.0236
2646,0.00025,251.98,0.0,100.0,200.0,823.0,224.0,171.0,151.98,51.98,571.02,80.98,1.1836,0.3877,0.0133,0.1205,0.0254,0.0247
2647,0.00025,251.98,0.0,100.0,200.0,824.0,229.0,172.0,151.98,51.98,572.02,79.98,1.1848,0.3819,0.0239,0.1184,0.0078,0.0114
2648,0.00025,251.98,0.0,100.0,200.0,825.0,229.0,173.0,151.98,51.98,573.02,78.98,1.186,0.3761,0.0199,0.1192,0.0022,0.0167
2649,0.00025,251.98,0.0,100.0,200.0,826.0,231.0,174.0,151.98,51.98,574.02,77.98,1.1872,0.3703,0.0219,0.1188,0.002,0.0128
2650,0.00025,251.98,0.0,100.0,200.0,827.0,237.0,175.0,151.98,51.98,575.02,76.98,1.1884,0.3646,0.0129,0.1208,0.0276,0.023
2651,0.00025,251.98,0.0,100.0,200.0,828.0,245.0,176.0,151.98,51.98,576.02,75.98,1.1896,0.3589,0.0183,0.1197,0.0157,0.015
2652,0.00025,251.98,0.0,100.0,200.0,829.0,245.0,177.0,151.98,51.98,577.02,74.98,1.1909,0.3532,0.009,0.1217,0.0375,0.0253
2653,0.00025,251.98,0.0,100.0,200.0,830.0,251.0,178.0,151.98,51.98,578.02,73.98,1.1921,0.3476,0.0093,0.1216,0.0288,0.0251
2654,0.00025,251.98,0.0,100.0,200.0,831.0,258.0,179.0,151.98,51.98,579.02,72.98,1.1933,0.342,0.008,0.1219,0.0279,0.0252
2655,0.00025,251.98,0.0,100.0,200.0,832.0,255.0,180.0,151.98,51.98,580.02,71.98,1.1945,0.3364,0.0006,0.1236,0.0427,0.026
2656,0.00025,251.98,0.0,100.0,200.0,833.0,247.0,181.0,151.98,51.98,581.02,70.98,1.1957,0.3309,0.0045,0.1248,0.0599,0.0369
2657,0.00025,251.98,0.0,100.0,200.0,834.0,241.0,182.0,151.98,51.98,582.02,69.98,1.1969,0.3254,0.0024,0.1244,0.0564,0.0329
2658,0.00025,251.98,0.0,100.0,200.0,835.0,232.0,183.0,151.98,51.98,583.02,68.98,1.1981,0.3199,0.0063,0.1253,0.0581,0.0301
2659,0.00025,251.98,0.0,100.0,200.0,836.0,236.0,184.0,151.98,51.98,584.02,67.98,1.1993,0.3144,0.0035,0.1247,0.041,0.034
2660,0.00025,251.98,0.0,100.0,200.0,837.0,237.0,185.0,151.98,51.98,585.02,66.98,1.2005,0.309,0.0063,0.1253,0.0444,0.0322
2661,0.00025,251.98,0.0,100.0,200.0,838.0,243.0,186.0,151.98,51.98,586.02,65.98,1.2017,0.3036,0.005,0.1251,0.03,0.0263
2662,0.00025,251.98,0.0,100.0,200.0,839.0,243.0,187.0,151.98,51.98,587.02,64.98,1.2028,0.2983,0.0085,0.126,0.0442,0.0302
2663,0.00025,251.98,0.0,100.0,200.0,840.0,251.0,188.0,151.98,51.98,588.02,63.98,1.204,0.2929,0.0045,0.1251,0.0184,0.0191
2664,0.00025,251.98,0.0,100.0,200.0,841.0,254.0,189.0,151.98,51.98,589.02,62.98,1.2052,0.2876,0.007,0.1257,0.0251,0.0179
2665,0.00025,251.98,0.0,100.0,200.0,842.0,249.0,190.0,151.98,51.98,590.02,61.98,1.2064,0.2823,0.0137,0.1273,0.0348,0.015
2666,0.00025,251.98,0.0,100.0,200.0,843.0,242.0,191.0,151.98,51.98,591.02,60.98,1.2076,0.2771,0.0123,0.127,0.029,0.0041
2667,0.00025,251.98,0.0,100.0,200.0,844.0,238.0,192.0,151.98,51.98,592.02,59.98,1.2088,0.2719,0.0073,0.1259,0.0187,0.001
2668,0.00025,251.98,0.0,100.0,200.0,845.0,228.0,193.0,151.98,51.98,593.02,58.98,1.21,0.2667,0.011,0.1268,0.0318,0.0013
2669,0.00025,251.98,0.0,100.0,200.0,846.0,222.0,194.0,151.98,51.98,594.02,57.98,1.2112,0.2615,0.0118,0.1271,0.036,0.0081
2670,0.00025,251.98,0.0,100.0,200.0,847.0,226.0,195.0,151.98,51.98,595.02,56.98,1.2123,0.2564,0.0138,0.1276,0.0261,0.019
2671,0.00025,251.98,0.0,100.0,200.0,848.0,227.0,196.0,151.98,51.98,596.02,55.98,1.2135,0.2513,0.009,0.1266,0.027,0.0155
2672,0.00025,251.98,0.0,100.0,200.0,849.0,234.0,197.0,151.98,51.98,597.02,54.98,1.2147,0.2462,0.0126,0.1274,0.0234,0.0209
2673,0.00025,251.98,0.0,100.0,200.0,850.0,236.0,198.0,151.98,51.98,598.02,53.98,1.2159,0.2411,0.017,0.1285,0.0293,0.0191
2674,0.00025,251.98,0.0,100.0,200.0,851.0,231.0,199.0,151.98,51.98,599.02,52.98,1.217,0.2361,0.0207,0.1294,0.0421,0.0203
2675,0.00025,251.98,0.0,100.0,200.0,852.0,230.0,200.0,151.98,51.98,600.02,51.98,1.2182,0.231,0.0168,0.1286,0.0329,0.0168
2676,0.00025,251.98,0.0,100.0,200.0,853.0,237.0,201.0,151.98,51.98,601.02,50.98,1.2194,0.2261,0.0179,0.1289,0.0256,0.0226
2677,0.00025,251.98,0.0,100.0,200.0,854.0,238.0,202.0,151.98,51.98,602.02,49.98,1.2206,0.2211,0.0137,0.128,0.0094,0.0213
2678,0.00025,251.98,0.0,100.0,200.0,855.0,237.0,203.0,151.98,51.98,603.02,48.98,1.2217,0.2162,0.015,0.1283,0.0067,0.0216
2679,0.00025,251.98,0.0,100.0,200.0,856.0,245.0,204.0,151.98,51.98,604.02,47.98,1.2229,0.2112,0.0151,0.1284,0.0212,0.0206
2680,0.00025,251.98,0.0,100.0,200.0,857.0,251.0,205.0,151.98,51.98,605.02,46.98,1.2241,0.2064,0.0197,0.1296,0.0169,0.021
2681,0.00025,251.98,0.0,100.0,200.0,858.0,250.0,206.0,151.98,51.98,606.02,45.98,1.2252,0.2015,0.0204,0.1298,0.0286,0.0145
2682,0.00025,251.98,0.0,100.0,200.0,859.0,249.0,207.0,151.98,51.98,607.02,44.98,1.2264,0.1966,0.028,0.1317,0.0307,0.0177
2683,0.00025,251.98,0.0,100.0,200.0,860.0,253.0,208.0,151.98,51.98,608.02,43.98,1.2276,0.1918,0.0276,0.1317,0.0242,0.0168
2684,0.00025,251.98,0.0,100.0,200.0,861.0,250.0,209.0,151.98,51.98,609.02,42.98,1.2287,0.187,0.0325,0.1329,0.0392,0.023
2685,0.00025,251.98,0.0,100.0,200.0,862.0,252.0,210.0,151.98,51.98,610.02,41.98,1.2299,0.1823,0.0325,0.133,0.031,0.0217
2686,0.00025,251.98,0.0,100.0,200.0,863.0,257.0,211.0,151.98,51.98,611.02,40.98,1.231,0.1775,0.0319,0.1329,0.0287,0.0225
2687,0.00025,251.98,0.0,100.0,200.0,864.0,259.0,212.0,151.98,51.98,612.02,39.98,1.2322,0.1728,0.0294,0.1324,0.0201,0.0287
2688,0.00025,251.98,0.0,100.0,200.0,865.0,254.0,213.0,151.98,51.98,613.02,38.98,1.2334,0.1681,0.0299,0.1326,0.0115,0.0303
2689,0.00025,251.98,0.0,100.0,200.0,866.0,262.0,214.0,151.98,51.98,614.02,37.98,1.2345,0.1634,0.0322,0.1332,0.0325,0.031
2690,0.00025,251.98,0.0,100.0,200.0,867.0,263.0,215.0,151.98,51.98,615.02,36.98,1.2357,0.1587,0.022,0.1308,0.0086,0.0194
2691,0.00025,251.98,0.0,100.0,200.0,868.0,266.0,216.0,151.98,51.98,616.02,35.98,1.2368,0.1541,0.016,0.1293,0.0108,0.0027
2692,0.00025,251.98,0.0,100.0,200.0,869.0,261.0,217.0,151.98,51.98,617.02,34.98,1.238,0.1495,0.0144,0.129,0.0143,0.0036
2693,0.00025,251.98,0.0,100.0,200.0,870.0,268.0,218.0,151.98,51.98,618.02,33.98,1.2391,0.1449,0.0193,0.1303,0.0068,0.0098
2694,0.00025,251.98,0.0,100.0,200.0,871.0,271.0,219.0,151.98,51.98,619.02,32.98,1.2403,0.1403,0.0172,0.1298,0.0017,0.0086
2695,0.00025,251.98,0.0,100.0,200.0,872.0,280.0,220.0,151.98,51.98,620.02,31.98,1.2414,0.1357,0.0215,0.1309,0.0094,0.0087
2696,0.00025,251.98,0.0,100.0,200.0,873.0,279.0,221.0,151.98,51.98,621.02,30.98,1.2426,0.1312,0.0174,0.13,0.0113,0.0
2697,0.00025,251.98,0.0,100.0,200.0,874.0,265.0,222.0,151.98,51.98,622.02,29.98,1.2437,0.1267,0.0189,0.1304,0.0233,0.0056
2698,0.00025,251.98,0.0,100.0,200.0,875.0,244.0,223.0,151.98,51.98,623.02,28.98,1.2449,0.1222,0.0197,0.1307,0.037,0.0048
2699,0.00025,251.98,0.0,100.0,200.0,876.0,235.0,224.0,151.98,51.98,624.02,27.98,1.246,0.1177,0.0121,0.1288,0.028,0.0008
2700,0.00025,251.98,0.0,100.0,200.0,877.0,234.0,225.0,151.98,51.98,625.02,26.98,1.2471,0.1133,0.0066,0.1274,0.0126,0.0034
2701,0.00025,251.98,0.0,100.0,200.0,878.0,242.0,226.0,151.98,51.98,626.02,25.98,1.2483,0.1088,0.0047,0.127,0.0033,0.0044
2702,0.00025,251.98,0.0,100.0,200.0,879.0,249.0,227.0,151.98,51.98,627.02,24.98,1.2494,0.1044,0.0059,0.1274,0.0005,0.0016
2703,0.00025,251.98,0.0,100.0,200.0,880.0,253.0,228.0,151.98,51.98,628.02,23.98,1.2506,0.1,0.0114,0.1288,0.0008,0.0083
2704,0.00025,251.98,0.0,100.0,200.0,881.0,256.0,229.0,151.98,51.98,629.02,22.98,1.2517,0.0956,0.0074,0.1278,0.0013,0.0086
2705,0.00025,251.98,0.0,100.0,200.0,882.0,261.0,230.0,151.98,51.98,630.02,21.98,1.2528,0.0913,0.0078,0.128,0.0098,0.0149
2706,0.00025,251.98,0.0,100.0,200.0,883.0,265.0,231.0,151.98,51.98,631.02,20.98,1.254,0.0869,0.0082,0.1281,0.0135,0.0063
2707,0.00025,251.98,0.0,100.0,200.0,884.0,262.0,232.0,151.98,51.98,632.02,19.98,1.2551,0.0826,0.0172,0.1306,0.0298,0.0141
2708,0.00025,251.98,0.0,100.0,200.0,885.0,264.0,233.0,151.98,51.98,633.02,18.98,1.2562,0.0783,0.0221,0.1319,0.0329,0.0244
2709,0.00025,251.98,0.0,100.0,200.0,886.0,269.0,234.0,151.98,51.98,634.02,17.98,1.2574,0.074,0.0308,0.1343,0.0487,0.0427
2710,0.00025,251.98,0.0,100.0,200.0,887.0,272.0,235.0,151.98,51.98,635.02,16.98,1.2585,0.0698,0.0306,0.1343,0.0458,0.0389
2711,0.00025,251.98,0.0,100.0,200.0,888.0,268.0,236.0,151.98,51.98,636.02,15.98,1.2596,0.0655,0.0312,0.1345,0.0522,0.0354
2712,0.00025,251.98,0.0,100.0,200.0,889.0,248.0,237.0,151.98,51.98,637.02,14.98,1.2607,0.0613,0.0391,0.1367,0.0769,0.0374
2713,0.00025,251.98,0.0,100.0,200.0,890.0,240.0,238.0,151.98,51.98,638.02,13.98,1.2619,0.0571,0.0394,0.1368,0.0618,0.0369
2714,0.00025,251.98,0.0,100.0,200.0,891.0,229.0,229.0,151.98,51.98,639.02,22.98,1.263,0.0956,0.034,0.1379,0.0716,0.0376
2715,0.00025,251.98,0.0,100.0,200.0,892.0,216.0,216.0,151.98,51.98,640.02,35.98,1.2641,0.1541,0.0472,0.1408,0.0975,0.0584
2716,0.00025,251.98,0.0,100.0,200.0,893.0,209.0,209.0,151.98,51.98,641.02,42.98,1.2652,0.187,0.0532,0.1403,0.0954,0.0628
2717,0.00025,251.98,0.0,100.0,200.0,894.0,211.0,210.0,151.98,51.98,642.02,41.98,1.2663,0.1823,0.0441,0.1382,0.0658,0.0542
2718,0.00025,251.98,0.0,100.0,200.0,895.0,213.0,211.0,151.98,51.98,643.02,40.98,1.2675,0.1775,0.0472,0.1391,0.0747,0.0642
2719,0.00025,251.98,0.0,100.0,200.0,896.0,221.0,212.0,151.98,51.98,644.02,39.98,1.2686,0.1728,0.0443,0.1384,0.0652,0.0648
2720,0.00025,251.98,0.0,100.0,200.0,897.0,226.0,213.0,151.98,51.98,645.02,38.98,1.2697,0.1681,0.0445,0.1386,0.0706,0.0652
2721,0.00025,251.98,0.0,100.0,200.0,898.0,229.0,214.0,151.98,51.98,646.02,37.98,1.2708,0.1634,0.0465,0.1391,0.0783,0.0709
2722,0.00025,251.98,0.0,100.0,200.0,899.0,237.0,215.0,151.98,51.98,647.02,36.98,1.2719,0.1587,0.0366,0.1369,0.0639,0.064
2723,0.00025,251.98,0.0,100.0,200.0,900.0,233.0,216.0,151.98,51.98,648.02,35.98,1.273,0.1541,0.0421,0.1383,0.0905,0.07
2724,0.00025,251.98,0.0,100.0,200.0,901.0,227.0,217.0,151.98,51.98,649.02,34.98,1.2741,0.1495,0.0391,0.1376,0.0887,0.0635
2725,0.00025,251.98,0.0,100.0,200.0,902.0,216.0,216.0,151.98,51.98,650.02,35.98,1.2752,0.1541,0.0572,0.1392,0.1074,0.0689
2726,0.00025,251.98,0.0,100.0,200.0,903.0,200.0,200.0,151.98,51.98,651.02,51.98,1.2764,0.231,0.0755,0.1405,0.1278,0.0755
2727,0.00025,251.98,0.0,100.0,200.0,904.0,194.0,194.0,151.98,51.98,652.02,57.98,1.2775,0.2615,0.0787,0.1398,0.1124,0.0786
2728,0.00025,251.98,0.0,100.0,200.0,905.0,188.0,188.0,151.98,51.98,653.02,63.98,1.2786,0.2929,0.0871,0.141,0.1173,0.0805
2729,0.00025,251.98,0.0,100.0,200.0,906.0,182.0,182.0,151.98,51.98,654.02,69.98,1.2797,0.3254,0.0892,0.1411,0.1172,0.0798
2730,0.00025,251.98,0.0,100.0,200.0,907.0,179.0,179.0,151.98,51.98,655.02,72.98,1.2808,0.342,0.0934,0.1418,0.1194,0.0885
2731,0.00025,251.98,0.0,100.0,200.0,908.0,172.0,172.0,151.98,51.98,656.02,79.98,1.2819,0.3819,0.0885,0.1416,0.1333,0.0849
2732,0.00025,251.98,0.0,100.0,200.0,909.0,165.0,165.0,151.98,51.98,657.02,86.98,1.283,0.4234,0.079,0.1425,0.1411,0.0932
2733,0.00025,251.98,0.0,100.0,200.0,910.0,162.0,162.0,151.98,51.98,658.02,89.98,1.2841,0.4418,0.0808,0.1421,0.124,0.0857
2734,0.00025,251.98,0.0,100.0,200.0,911.0,161.0,161.0,151.98,51.98,659.02,90.98,1.2852,0.448,0.079,0.1432,0.1168,0.0886
2735,0.00025,251.98,0.0,100.0,200.0,912.0,154.0,154.0,151.98,51.98,660.02,97.98,1.2863,0.4924,0.0777,0.1433,0.1437,0.0875
2736,0.00025,251.98,0.0,100.0,200.0,913.0,150.0,150.0,151.98,51.98,661.02,101.98,1.2874,0.5187,0.0661,0.1438,0.1472,0.0965
2737,0.00025,251.98,0.0,100.0,200.0,914.0,143.0,143.0,151.98,51.98,662.02,108.98,1.2885,0.5665,0.0803,0.1451,0.1685,0.1026
2738,0.00025,251.98,0.0,100.0,200.0,915.0,134.0,134.0,151.98,51.98,663.02,117.98,1.2896,0.6315,0.113,0.1467,0.1889,0.1032
2739,0.00025,251.98,0.0,100.0,200.0,916.0,124.0,124.0,151.98,51.98,664.02,127.98,1.2906,0.7091,0.1175,0.1475,0.2129,0.1001
2740,0.00025,251.98,0.0,100.0,200.0,917.0,116.0,116.0,151.98,51.98,665.02,135.98,1.2917,0.7758,0.1672,0.1502,0.2361,0.1218
2741,0.00025,251.98,0.0,100.0,200.0,918.0,112.0,112.0,151.98,51.98,666.02,139.98,1.2928,0.8109,0.1529,0.1478,0.1892,0.113
2742,0.00025,251.98,0.0,100.0,200.0,919.0,111.0,111.0,151.98,51.98,667.02,140.98,1.2939,0.8198,0.1574,0.1469,0.1675,0.1061
2743,0.00025,251.98,0.0,100.0,200.0,920.0,110.0,110.0,151.98,51.98,668.02,141.98,1.295,0.8289,0.144,0.1465,0.1612,0.1082
2744,0.00025,251.98,0.0,100.0,200.0,921.0,110.0,110.0,151.98,51.98,669.02,141.98,1.2961,0.8289,0.1134,0.1447,0.1382,0.0963
2745,0.00025,251.98,0.0,100.0,200.0,922.0,109.0,109.0,151.98,51.98,670.02,142.98,1.2972,0.838,0.1588,0.1472,0.1666,0.1092
2746,0.00025,251.98,0.0,100.0,200.0,923.0,108.0,108.0,151.98,51.98,671.02,143.98,1.2983,0.8472,0.169,0.1465,0.1548,0.1026
2747,0.00025,251.98,0.0,100.0,200.0,924.0,105.0,105.0,151.98,51.98,672.02,146.98,1.2993,0.8754,0.1699,0.1483,0.1894,0.1111
2748,0.00025,251.98,0.0,100.0,200.0,925.0,103.0,103.0,151.98,51.98,673.02,148.98,1.3004,0.8946,0.1678,0.1481,0.1798,0.1035
2749,0.00025,251.98,0.0,100.0,200.0,926.0,101.0,101.0,151.98,51.98,674.02,150.98,1.3015,0.9142,0.1789,0.1482,0.1846,0.1058
2750,0.00025,251.98,0.0,100.0,200.0,927.0,100.0,100.0,151.98,51.98,675.02,151.98,1.3026,0.9242,0.1858,0.1501,0.1858,0.1192
2751,0.00025,251.98,0.0,100.0,200.0,928.0,98.0,98.0,151.98,51.98,676.02,153.98,1.3037,0.9444,0.1774,0.1494,0.1891,0.1149
2752,0.00025,251.98,0.0,100.0,200.0,929.0,98.0,98.0,151.98,51.98,677.02,153.98,1.3047,0.9444,0.1642,0.1483,0.162,0.1122
2753,0.00025,251.98,0.0,100.0,200.0,930.0,98.0,98.0,151.98,51.98,678.02,153.98,1.3058,0.9444,0.1483,0.1481,0.1603,0.1071
2754,0.00025,251.98,0.0,100.0,200.0,931.0,98.0,98.0,151.98,51.98,679.02,153.98,1.3069,0.9444,0.1375,0.148,0.1569,0.1049
2755,0.00025,251.98,0.0,100.0,200.0,932.0,99.0,99.0,151.98,51.98,680.02,152.98,1.308,0.9342,0.1347,0.1479,0.1424,0.1051
2756,0.00025,251.98,0.0,100.0,200.0,933.0,100.0,100.0,151.98,51.98,681.02,151.98,1.309,0.9242,0.147,0.1495,0.147,0.1159
2757,0.00025,251.98,0.0,100.0,200.0,934.0,101.0,101.0,151.98,51.98,682.02,150.98,1.3101,0.9142,0.1463,0.1496,0.1517,0.1165
2758,0.00025,251.98,0.0,100.0,200.0,935.0,103.0,102.0,151.98,51.98,683.02,149.98,1.3112,0.9044,0.1382,0.1489,0.1379,0.1105
2759,0.00025,251.98,0.0,100.0,200.0,936.0,103.0,103.0,151.98,51.98,684.02,148.98,1.3122,0.8946,0.1342,0.1487,0.1406,0.1033
2760,0.00025,251.98,0.0,100.0,200.0,937.0,105.0,104.0,151.98,51.98,685.02,147.98,1.3133,0.885,0.1181,0.1471,0.1202,0.0948
2761,0.00025,251.98,0.0,100.0,200.0,938.0,106.0,105.0,151.98,51.98,686.02,146.98,1.3144,0.8754,0.1154,0.147,0.121,0.088
2762,0.00025,251.98,0.0,100.0,200.0,939.0,107.0,106.0,151.98,51.98,687.02,145.98,1.3154,0.8659,0.1231,0.1481,0.1239,0.0966
2763,0.00025,251.98,0.0,100.0,200.0,940.0,108.0,107.0,151.98,51.98,688.02,144.98,1.3165,0.8565,0.1183,0.1477,0.1277,0.0856
2764,0.00025,251.98,0.0,100.0,200.0,941.0,109.0,108.0,151.98,51.98,689.02,143.98,1.3176,0.8472,0.1115,0.1471,0.1169,0.0835
2765,0.00025,251.98,0.0,100.0,200.0,942.0,110.0,109.0,151.98,51.98,690.02,142.98,1.3186,0.838,0.115,0.1477,0.1094,0.0846
2766,0.00025,251.98,0.0,100.0,200.0,943.0,112.0,110.0,151.98,51.98,691.02,141.98,1.3197,0.8289,0.1087,0.1472,0.1062,0.0801
2767,0.00025,251.98,0.0,100.0,200.0,944.0,113.0,111.0,151.98,51.98,692.02,140.98,1.3208,0.8198,0.1006,0.1464,0.1081,0.0759
2768,0.00025,251.98,0.0,100.0,200.0,945.0,114.0,112.0,151.98,51.98,693.02,139.98,1.3218,0.8109,0.1052,0.1471,0.1072,0.082
2769,0.00025,251.98,0.0,100.0,200.0,946.0,116.0,113.0,151.98,51.98,694.02,138.98,1.3229,0.802,0.0974,0.1464,0.098,0.0795
2770,0.00025,251.98,0.0,100.0,200.0,947.0,118.0,114.0,151.98,51.98,695.02,137.98,1.3239,0.7932,0.0879,0.1454,0.0843,0.0677
2771,0.00025,251.98,0.0,100.0,200.0,948.0,120.0,115.0,151.98,51.98,696.02,136.98,1.325,0.7844,0.0977,0.1467,0.1058,0.0789
2772,0.00025,251.98,0.0,100.0,200.0,949.0,121.0,116.0,151.98,51.98,697.02,135.98,1.326,0.7758,0.0973,0.1469,0.0994,0.0739
2773,0.00025,251.98,0.0,100.0,200.0,950.0,124.0,117.0,151.98,51.98,698.02,134.98,1.3271,0.7672,0.0901,0.1461,0.0834,0.0689
2774,0.00025,251.98,0.0,100.0,200.0,951.0,127.0,118.0,151.98,51.98,699.02,133.98,1.3281,0.7587,0.0888,0.1461,0.0753,0.0712
2775,0.00025,251.98,0.0,100.0,200.0,952.0,131.0,119.0,151.98,51.98,700.02,132.98,1.3292,0.7502,0.0817,0.1454,0.0756,0.0667
2776,0.00025,251.98,0.0,100.0,200.0,953.0,133.0,120.0,151.98,51.98,701.02,131.98,1.3302,0.7419,0.085,0.146,0.0782,0.0644
2777,0.00025,251.98,0.0,100.0,200.0,954.0,133.0,121.0,151.98,51.98,702.02,130.98,1.3313,0.7336,0.0948,0.1474,0.0994,0.0669
2778,0.00025,251.98,0.0,100.0,200.0,955.0,133.0,122.0,151.98,51.98,703.02,129.98,1.3323,0.7253,0.0933,0.1473,0.096,0.0639
2779,0.00025,251.98,0.0,100.0,200.0,956.0,133.0,123.0,151.98,51.98,704.02,128.98,1.3334,0.7172,0.1088,0.1495,0.1158,0.081
2780,0.00025,251.98,0.0,100.0,200.0,957.0,133.0,124.0,151.98,51.98,705.02,127.98,1.3344,0.7091,0.1059,0.1493,0.104,0.073
2781,0.00025,251.98,0.0,100.0,200.0,958.0,135.0,125.0,151.98,51.98,706.02,126.98,1.3355,0.7011,0.0934,0.1478,0.0879,0.0707
2782,0.00025,251.98,0.0,100.0,200.0,959.0,139.0,126.0,151.98,51.98,707.02,125.98,1.3365,0.6931,0.0898,0.1475,0.0685,0.0621
2783,0.00025,251.98,0.0,100.0,200.0,960.0,142.0,127.0,151.98,51.98,708.02,124.98,1.3376,0.6852,0.0926,0.148,0.0739,0.0616
2784,0.00025,251.98,0.0,100.0,200.0,961.0,146.0,128.0,151.98,51.98,709.02,123.98,1.3386,0.6773,0.0969,0.1488,0.0699,0.0671
2785,0.00025,251.98,0.0,100.0,200.0,962.0,150.0,129.0,151.98,51.98,710.02,122.98,1.3396,0.6696,0.0967,0.1489,0.0706,0.0633
2786,0.00025,251.98,0.0,100.0,200.0,963.0,155.0,130.0,151.98,51.98,711.02,121.98,1.3407,0.6618,0.0803,0.1469,0.0513,0.0525
2787,0.00025,251.98,0.0,100.0,200.0,964.0,160.0,131.0,151.98,51.98,712.02,120.98,1.3417,0.6542,0.0739,0.1461,0.049,0.0471
2788,0.00025,251.98,0.0,100.0,200.0,965.0,164.0,132.0,151.98,51.98,713.02,119.98,1.3428,0.6466,0.0745,0.1464,0.0492,0.0428
2789,0.00025,251.98,0.0,100.0,200.0,966.0,169.0,133.0,151.98,51.98,714.02,118.98,1.3438,0.639,0.0768,0.1468,0.0482,0.0528
2790,0.00025,251.98,0.0,100.0,200.0,967.0,170.0,134.0,151.98,51.98,715.02,117.98,1.3448,0.6315,0.075,0.1467,0.0683,0.051
2791,0.00025,251.98,0.0,100.0,200.0,968.0,172.0,135.0,151.98,51.98,716.02,116.98,1.3459,0.6241,0.061,0.1449,0.063,0.0494
2792,0.00025,251.98,0.0,100.0,200.0,969.0,169.0,136.0,151.98,51.98,717.02,115.98,1.3469,0.6167,0.0682,0.146,0.0769,0.0438
2793,0.00025,251.98,0.0,100.0,200.0,970.0,170.0,137.0,151.98,51.98,718.02,114.98,1.3479,0.6094,0.073,0.1469,0.0736,0.0527
2794,0.00025,251.98,0.0,100.0,200.0,971.0,168.0,138.0,151.98,51.98,719.02,113.98,1.349,0.6021,0.0766,0.1475,0.0838,0.0553
2795,0.00025,251.98,0.0,100.0,200.0,972.0,169.0,139.0,151.98,51.98,720.02,112.98,1.35,0.5949,0.0767,0.1477,0.0754,0.0549
2796,0.00025,251.98,0.0,100.0,200.0,973.0,169.0,140.0,151.98,51.98,721.02,111.98,1.351,0.5877,0.0741,0.1474,0.0814,0.0588
2797,0.00025,251.98,0.0,100.0,200.0,974.0,173.0,141.0,151.98,51.98,722.02,110.98,1.352,0.5806,0.06,0.1455,0.059,0.0537
2798,0.00025,251.98,0.0,100.0,200.0,975.0,178.0,142.0,151.98,51.98,723.02,109.98,1.3531,0.5735,0.0549,0.1449,0.0508,0.0564
2799,0.00025,251.98,0.0,100.0,200.0,976.0,179.0,143.0,151.98,51.98,724.02,108.98,1.3541,0.5665,0.0663,0.1467,0.0845,0.0688
2800,0.00025,251.98,0.0,100.0,200.0,977.0,175.0,144.0,151.98,51.98,725.02,107.98,1.3551,0.5596,0.0757,0.1482,0.1113,0.0744
2801,0.00025,251.98,0.0,100.0,200.0,978.0,169.0,145.0,151.98,51.98,726.02,106.98,1.3561,0.5526,0.0771,0.1486,0.1185,0.0734
2802,0.00025,251.98,0.0,100.0,200.0,979.0,163.0,146.0,151.98,51.98,727.02,105.98,1.3572,0.5458,0.0764,0.1486,0.1156,0.0706
2803,0.00025,251.98,0.0,100.0,200.0,980.0,160.0,147.0,151.98,51.98,728.02,104.98,1.3582,0.5389,0.0736,0.1483,0.0998,0.0628
2804,0.00025,251.98,0.0,100.0,200.0,981.0,156.0,148.0,151.98,51.98,729.02,103.98,1.3592,0.5322,0.0778,0.1491,0.1161,0.0712
2805,0.00025,251.98,0.0,100.0,200.0,982.0,153.0,149.0,151.98,51.98,730.02,102.98,1.3602,0.5254,0.0792,0.1494,0.1182,0.0765
2806,0.00025,251.98,0.0,100.0,200.0,983.0,149.0,149.0,151.98,51.98,731.02,102.98,1.3612,0.5254,0.0898,0.1507,0.1293,0.0839
2807,0.00025,251.98,0.0,100.0,200.0,984.0,148.0,148.0,151.98,51.98,732.02,103.98,1.3623,0.5322,0.0963,0.1519,0.1191,0.0869
2808,0.00025,251.98,0.0,100.0,200.0,985.0,149.0,149.0,151.98,51.98,733.02,102.98,1.3633,0.5254,0.0964,0.152,0.1088,0.0833
2809,0.00025,251.98,0.0,100.0,200.0,986.0,153.0,150.0,151.98,51.98,734.02,101.98,1.3643,0.5187,0.0895,0.1511,0.079,0.0764
2810,0.00025,251.98,0.0,100.0,200.0,987.0,156.0,151.0,151.98,51.98,735.02,100.98,1.3653,0.5121,0.0977,0.1525,0.0926,0.0817
2811,0.00025,251.98,0.0,100.0,200.0,988.0,162.0,152.0,151.98,51.98,736.02,99.98,1.3663,0.5055,0.0902,0.1515,0.0807,0.0789
2812,0.00025,251.98,0.0,100.0,200.0,989.0,163.0,153.0,151.98,51.98,737.02,98.98,1.3673,0.4989,0.0916,0.1519,0.0649,0.0834
2813,0.00025,251.98,0.0,100.0,200.0,990.0,167.0,154.0,151.98,51.98,738.02,97.98,1.3683,0.4924,0.0969,0.1529,0.0731,0.0799
2814,0.00025,251.98,0.0,100.0,200.0,991.0,168.0,155.0,151.98,51.98,739.02,96.98,1.3693,0.4859,0.0918,0.1522,0.0569,0.0767
2815,0.00025,251.98,0.0,100.0,200.0,992.0,163.0,156.0,151.98,51.98,740.02,95.98,1.3704,0.4795,0.0934,0.1526,0.0354,0.079
2816,0.00025,251.98,0.0,100.0,200.0,993.0,159.0,157.0,151.98,51.98,741.02,94.98,1.3714,0.4731,0.0918,0.1525,0.0388,0.0796
2817,0.00025,251.98,0.0,100.0,200.0,994.0,161.0,158.0,151.98,51.98,742.02,93.98,1.3724,0.4668,0.0927,0.1528,0.0598,0.0753
2818,0.00025,251.98,0.0,100.0,200.0,995.0,162.0,159.0,151.98,51.98,743.02,92.98,1.3734,0.4605,0.0935,0.1531,0.055,0.0773
2819,0.00025,251.98,0.0,100.0,200.0,996.0,164.0,160.0,151.98,51.98,744.02,91.98,1.3744,0.4542,0.0943,0.1534,0.0631,0.0767
2820,0.00025,251.98,0.0,100.0,200.0,997.0,165.0,161.0,151.98,51.98,745.02,90.98,1.3754,0.448,0.0907,0.1529,0.0575,0.0766
2821,0.00025,251.98,0.0,100.0,200.0,998.0,166.0,162.0,151.98,51.98,746.02,89.98,1.3764,0.4418,0.0955,0.1539,0.0617,0.0825
2822,0.00025,251.98,0.0,100.0,200.0,999.0,169.0,163.0,151.98,51.98,747.02,88.98,1.3774,0.4356,0.0874,0.1527,0.0703,0.0796
2823,0.00025,251.98,0.0,100.0,200.0,1000.0,167.0,164.0,151.98,51.98,748.02,87.98,1.3784,0.4295,0.0816,0.1519,0.0495,0.0825
2824,0.00025,251.98,0.0,100.0,200.0,1001.0,164.0,164.0,151.98,51.98,749.02,87.98,1.3794,0.4295,0.0743,0.1513,0.049,0.0813
2825,0.00025,251.98,0.0,100.0,200.0,1002.0,158.0,158.0,151.98,51.98,750.02,93.98,1.3804,0.4668,0.0737,0.151,0.032,0.0822
2826,0.00025,251.98,0.0,100.0,200.0,1003.0,150.0,150.0,151.98,51.98,751.02,101.98,1.3814,0.5187,0.0624,0.1508,0.0187,0.0858
2827,0.00025,251.98,0.0,100.0,200.0,1004.0,144.0,144.0,151.98,51.98,752.02,107.98,1.3824,0.5596,0.0424,0.1497,0.0134,0.0754
2828,0.00025,251.98,0.0,100.0,200.0,1005.0,137.0,137.0,151.98,51.98,753.02,114.98,1.3834,0.6094,0.0562,0.1489,0.0051,0.0686
2829,0.00025,251.98,0.0,100.0,200.0,1006.0,131.0,131.0,151.98,51.98,754.02,120.98,1.3844,0.6542,0.0511,0.1488,0.0079,0.0671
2830,0.00025,251.98,0.0,100.0,200.0,1007.0,125.0,125.0,151.98,51.98,755.02,126.98,1.3854,0.7011,0.0727,0.1485,0.0173,0.0635
2831,0.00025,251.98,0.0,100.0,200.0,1008.0,118.0,118.0,151.98,51.98,756.02,133.98,1.3864,0.7587,0.0015,0.147,0.031,0.0637
2832,0.00025,251.98,0.0,100.0,200.0,1009.0,112.0,112.0,151.98,51.98,757.02,139.98,1.3873,0.8109,0.0233,0.1455,0.0546,0.0557
2833,0.00025,251.98,0.0,100.0,200.0,1010.0,106.0,106.0,151.98,51.98,758.02,145.98,1.3883,0.8659,0.0444,0.1442,0.0644,0.0423
2834,0.00025,251.98,0.0,100.0,200.0,1011.0,102.0,102.0,151.98,51.98,759.02,149.98,1.3893,0.9044,0.0658,0.1444,0.0721,0.0349
2835,0.00025,251.98,0.0,100.0,200.0,1012.0,96.0,96.0,151.98,51.98,760.02,155.98,1.3903,0.965,0.1281,0.1431,0.0872,0.0408
2836,0.00025,251.98,0.0,100.0,200.0,1013.0,92.0,92.0,151.98,51.98,761.02,159.98,1.3913,1.0076,0.0997,0.1434,0.0884,0.0419
2837,0.00025,251.98,0.0,100.0,200.0,1014.0,87.0,87.0,151.98,51.98,762.02,164.98,1.3923,1.0635,0.1682,0.1426,0.1087,0.0424
2838,0.00025,251.98,0.0,100.0,200.0,1015.0,82.0,82.0,151.98,51.98,763.02,169.98,1.3933,1.1226,0.1742,0.1422,0.1285,0.0427
2839,0.00025,251.98,0.0,100.0,200.0,1016.0,78.0,78.0,151.98,51.98,764.02,173.98,1.3943,1.1727,0.1489,0.1423,0.1345,0.0517
2840,0.00025,251.98,0.0,100.0,200.0,1017.0,73.0,73.0,151.98,51.98,765.02,178.98,1.3952,1.2389,0.1546,0.1417,0.1651,0.048
2841,0.00025,251.98,0.0,100.0,200.0,1018.0,70.0,70.0,151.98,51.98,766.02,181.98,1.3962,1.2809,0.1728,0.1411,0.15,0.0321
2842,0.00025,251.98,0.0,100.0,200.0,1019.0,68.0,68.0,151.98,51.98,767.02,183.98,1.3972,1.3099,0.1624,0.1414,0.1385,0.027
2843,0.00025,251.98,0.0,100.0,200.0,1020.0,66.0,66.0,151.98,51.98,768.02,185.98,1.3982,1.3397,0.1839,0.1414,0.1357,0.0252
2844,0.00025,251.98,0.0,100.0,200.0,1021.0,65.0,65.0,151.98,51.98,769.02,186.98,1.3992,1.355,0.201,0.1424,0.1092,0.027
2845,0.00025,251.98,0.0,100.0,200.0,1022.0,63.0,63.0,151.98,51.98,770.02,188.98,1.4002,1.3862,0.2141,0.14,0.1569,0.0174
2846,0.00025,251.98,0.0,100.0,200.0,1023.0,62.0,62.0,151.98,51.98,771.02,189.98,1.4011,1.4022,0.222,0.1409,0.1422,0.0188
2847,0.00025,251.98,0.0,100.0,200.0,1024.0,60.0,60.0,151.98,51.98,772.02,191.98,1.4021,1.435,0.1908,0.1405,0.1627,0.0258
2848,0.00025,251.98,0.0,100.0,200.0,1025.0,59.0,59.0,151.98,51.98,773.02,192.98,1.4031,1.4518,0.2045,0.1405,0.1607,0.0221
2849,0.00025,251.98,0.0,100.0,200.0,1026.0,57.0,57.0,151.98,51.98,774.02,194.98,1.4041,1.4863,0.2121,0.1396,0.1718,0.0189
2850,0.00025,251.98,0.0,100.0,200.0,1027.0,56.0,56.0,151.98,51.98,775.02,195.98,1.405,1.504,0.2292,0.1402,0.1831,0.0138
2851,0.00025,251.98,0.0,100.0,200.0,1028.0,55.0,55.0,151.98,51.98,776.02,196.98,1.406,1.522,0.247,0.1393,0.1865,0.0138
2852,0.00025,251.98,0.0,100.0,200.0,1029.0,54.0,54.0,151.98,51.98,777.02,197.98,1.407,1.5404,0.2286,0.1381,0.1891,0.001
2853,0.00025,251.98,0.0,100.0,200.0,1030.0,53.0,53.0,151.98,51.98,778.02,198.98,1.4079,1.5591,0.2968,0.1379,0.1898,0.0022
2854,0.00025,251.98,0.0,100.0,200.0,1031.0,52.0,52.0,151.98,51.98,779.02,199.98,1.4089,1.5781,0.3002,0.1383,0.1848,0.0014
2855,0.00025,251.98,0.0,100.0,200.0,1032.0,51.0,51.0,151.98,51.98,780.02,200.98,1.4099,1.5975,0.3241,0.1378,0.1894,0.011
2856,0.00025,251.98,0.0,100.0,200.0,1033.0,51.0,51.0,151.98,51.98,781.02,200.98,1.4109,1.5975,0.3065,0.1391,0.1913,0.0096
2857,0.00025,251.98,0.0,100.0,200.0,1034.0,50.0,50.0,151.98,51.98,782.02,201.98,1.4118,1.6173,0.3598,0.139,0.1935,0.0084
2858,0.00025,251.98,0.0,100.0,200.0,1035.0,50.0,50.0,151.98,51.98,783.02,201.98,1.4128,1.6173,0.3876,0.1378,0.1996,0.0183
2859,0.00025,251.98,0.0,100.0,200.0,1036.0,49.0,49.0,151.98,51.98,784.02,202.98,1.4138,1.6375,0.4063,0.1378,0.1987,0.0166
2860,0.00025,251.98,0.0,100.0,200.0,1037.0,49.0,49.0,151.98,51.98,785.02,202.98,1.4147,1.6375,0.3387,0.14,0.1607,0.0078
2861,0.00025,251.98,0.0,100.0,200.0,1038.0,49.0,49.0,151.98,51.98,786.02,202.98,1.4157,1.6375,0.3293,0.1408,0.1516,0.0028
2862,0.00025,251.98,0.0,100.0,200.0,1039.0,49.0,49.0,151.98,51.98,787.02,202.98,1.4166,1.6375,0.3463,0.141,0.1602,0.0057
2863,0.00025,251.98,0.0,100.0,200.0,1040.0,49.0,49.0,151.98,51.98,788.02,202.98,1.4176,1.6375,0.3232,0.1415,0.152,0.0004
2864,0.00025,251.98,0.0,100.0,200.0,1041.0,49.0,49.0,151.98,51.98,789.02,202.98,1.4186,1.6375,0.2903,0.1434,0.1265,0.0077
2865,0.00025,251.98,0.0,100.0,200.0,1042.0,49.0,49.0,151.98,51.98,790.02,202.98,1.4195,1.6375,0.2614,0.1447,0.1188,0.0078
2866,0.00025,251.98,0.0,100.0,200.0,1043.0,49.0,49.0,151.98,51.98,791.02,202.98,1.4205,1.6375,0.2815,0.1441,0.1208,0.0052
2867,0.00025,251.98,0.0,100.0,200.0,1044.0,50.0,50.0,151.98,51.98,792.02,201.98,1.4214,1.6173,0.2766,0.1442,0.113,0.01
2868,0.00025,251.98,0.0,100.0,200.0,1045.0,50.0,50.0,151.98,51.98,793.02,201.98,1.4224,1.6173,0.2274,0.1468,0.0926,0.0198
2869,0.00025,251.98,0.0,100.0,200.0,1046.0,50.0,50.0,151.98,51.98,794.02,201.98,1.4234,1.6173,0.2509,0.146,0.0943,0.0143
2870,0.00025,251.98,0.0,100.0,200.0,1047.0,51.0,51.0,151.98,51.98,795.02,200.98,1.4243,1.5975,0.2412,0.1463,0.0819,0.0137
2871,0.00025,251.98,0.0,100.0,200.0,1048.0,51.0,51.0,151.98,51.98,796.02,200.98,1.4253,1.5975,0.2286,0.1465,0.0926,0.0191
2872,0.00025,251.98,0.0,100.0,200.0,1049.0,52.0,52.0,151.98,51.98,797.02,199.98,1.4262,1.5781,0.199,0.1479,0.0799,0.0222
2873,0.00025,251.98,0.0,100.0,200.0,1050.0,52.0,52.0,151.98,51.98,798.02,199.98,1.4272,1.5781,0.2239,0.1475,0.0768,0.0158
2874,0.00025,251.98,0.0,100.0,200.0,1051.0,53.0,53.0,151.98,51.98,799.02,198.98,1.4281,1.5591,0.2058,0.1483,0.0686,0.0159
2875,0.00025,251.98,0.0,100.0,200.0,1052.0,53.0,53.0,151.98,51.98,800.02,198.98,1.4291,1.5591,0.1755,0.1487,0.0575,0.0216
2876,0.00025,251.98,0.0,100.0,200.0,1053.0,54.0,54.0,151.98,51.98,801.02,197.98,1.43,1.5404,0.1506,0.1499,0.0504,0.0264
2877,0.00025,251.98,0.0,100.0,200.0,1054.0,55.0,55.0,151.98,51.98,802.02,196.98,1.431,1.522,0.108,0.1521,0.0411,0.0417
2878,0.00025,251.98,0.0,100.0,200.0,1055.0,55.0,55.0,151.98,51.98,803.02,196.98,1.4319,1.522,0.1156,0.151,0.0529,0.034
2879,0.00025,251.98,0.0,100.0,200.0,1056.0,56.0,56.0,151.98,51.98,804.02,195.98,1.4329,1.504,0.0937,0.1521,0.0617,0.0396
2880,0.00025,251.98,0.0,100.0,200.0,1057.0,56.0,56.0,151.98,51.98,805.02,195.98,1.4338,1.504,0.0668,0.153,0.0511,0.039
2881,0.00025,251.98,0.0,100.0,200.0,1058.0,57.0,57.0,151.98,51.98,806.02,194.98,1.4348,1.4863,0.0643,0.1531,0.0355,0.0387
2882,0.00025,251.98,0.0,100.0,200.0,1059.0,58.0,58.0,151.98,51.98,807.02,193.98,1.4357,1.4689,0.075,0.1526,0.0386,0.0274
2883,0.00025,251.98,0.0,100.0,200.0,1060.0,58.0,58.0,151.98,51.98,808.02,193.98,1.4367,1.4689,0.0581,0.1532,0.037,0.031
2884,0.00025,251.98,0.0,100.0,200.0,1061.0,59.0,59.0,151.98,51.98,809.02,192.98,1.4376,1.4518,0.0652,0.1529,0.048,0.0235
2885,0.00025,251.98,0.0,100.0,200.0,1062.0,60.0,60.0,151.98,51.98,810.02,191.98,1.4385,1.435,0.0943,0.1513,0.0666,0.0145
2886,0.00025,251.98,0.0,100.0,200.0,1063.0,60.0,60.0,151.98,51.98,811.02,191.98,1.4395,1.435,0.0973,0.151,0.0499,0.0132
2887,0.00025,251.98,0.0,100.0,200.0,1064.0,61.0,61.0,151.98,51.98,812.02,190.98,1.4404,1.4185,0.0847,0.1517,0.0355,0.0193
2888,0.00025,251.98,0.0,100.0,200.0,1065.0,62.0,62.0,151.98,51.98,813.02,189.98,1.4414,1.4022,0.1016,0.1507,0.0481,0.013
2889,0.00025,251.98,0.0,100.0,200.0,1066.0,63.0,63.0,151.98,51.98,814.02,188.98,1.4423,1.3862,0.0859,0.1517,0.043,0.0151
2890,0.00025,251.98,0.0,100.0,200.0,1067.0,64.0,64.0,151.98,51.98,815.02,187.98,1.4432,1.3705,0.0776,0.1522,0.0366,0.0283
2891,0.00025,251.98,0.0,100.0,200.0,1068.0,65.0,65.0,151.98,51.98,816.02,186.98,1.4442,1.355,0.0846,0.1518,0.0236,0.0322
2892,0.00025,251.98,0.0,100.0,200.0,1069.0,65.0,65.0,151.98,51.98,817.02,186.98,1.4451,1.355,0.072,0.1515,0.038,0.032
2893,0.00025,251.98,0.0,100.0,200.0,1070.0,66.0,66.0,151.98,51.98,818.02,185.98,1.446,1.3397,0.0471,0.1531,0.0293,0.0346
2894,0.00025,251.98,0.0,100.0,200.0,1071.0,66.0,66.0,151.98,51.98,819.02,185.98,1.447,1.3397,0.065,0.1512,0.0551,0.0269
2895,0.00025,251.98,0.0,100.0,200.0,1072.0,67.0,67.0,151.98,51.98,820.02,184.98,1.4479,1.3247,0.0729,0.1508,0.0619,0.0193
2896,0.00025,251.98,0.0,100.0,200.0,1073.0,67.0,67.0,151.98,51.98,821.02,184.98,1.4488,1.3247,0.0887,0.1497,0.0718,0.0173
2897,0.00025,251.98,0.0,100.0,200.0,1074.0,67.0,67.0,151.98,51.98,822.02,184.98,1.4498,1.3247,0.0829,0.1498,0.0524,0.0158
2898,0.00025,251.98,0.0,100.0,200.0,1075.0,68.0,68.0,151.98,51.98,823.02,183.98,1.4507,1.3099,0.1033,0.1485,0.0603,0.0077
2899,0.00025,251.98,0.0,100.0,200.0,1076.0,68.0,68.0,151.98,51.98,824.02,183.98,1.4516,1.3099,0.0715,0.1491,0.071,0.0193
2900,0.00025,251.98,0.0,100.0,200.0,1077.0,67.0,67.0,151.98,51.98,825.02,184.98,1.4526,1.3247,0.0258,0.1493,0.0843,0.026
2901,0.00025,251.98,0.0,100.0,200.0,1078.0,67.0,67.0,151.98,51.98,826.02,184.98,1.4535,1.3247,0.0276,0.1495,0.0863,0.0286
2902,0.00025,251.98,0.0,100.0,200.0,1079.0,66.0,66.0,151.98,51.98,827.02,185.98,1.4544,1.3397,0.021,0.1489,0.0934,0.0236
2903,0.00025,251.98,0.0,100.0,200.0,1080.0,66.0,66.0,151.98,51.98,828.02,185.98,1.4553,1.3397,0.0134,0.1502,0.0759,0.0245
2904,0.00025,251.98,0.0,100.0,200.0,1081.0,65.0,65.0,151.98,51.98,829.02,186.98,1.4563,1.355,0.0088,0.1495,0.0912,0.0249
2905,0.00025,251.98,0.0,100.0,200.0,1082.0,65.0,65.0,151.98,51.98,830.02,186.98,1.4572,1.355,0.0247,0.15,0.0903,0.0264
2906,0.00025,251.98,0.0,100.0,200.0,1083.0,64.0,64.0,151.98,51.98,831.02,187.98,1.4581,1.3705,0.0427,0.1506,0.0961,0.0291
2907,0.00025,251.98,0.0,100.0,200.0,1084.0,63.0,63.0,151.98,51.98,832.02,188.98,1.459,1.3862,0.026,0.1505,0.1092,0.0175
2908,0.00025,251.98,0.0,100.0,200.0,1085.0,63.0,63.0,151.98,51.98,833.02,188.98,1.46,1.3862,0.0976,0.1524,0.0903,0.0218
2909,0.00025,251.98,0.0,100.0,200.0,1086.0,63.0,63.0,151.98,51.98,834.02,188.98,1.4609,1.3862,0.076,0.1519,0.0864,0.0088
2910,0.00025,251.98,0.0,100.0,200.0,1087.0,63.0,63.0,151.98,51.98,835.02,188.98,1.4618,1.3862,0.0968,0.1528,0.0909,0.0133
2911,0.00025,251.98,0.0,100.0,200.0,1088.0,63.0,63.0,151.98,51.98,836.02,188.98,1.4627,1.3862,0.0924,0.1526,0.0843,0.0107
2912,0.00025,251.98,0.0,100.0,200.0,1089.0,63.0,63.0,151.98,51.98,837.02,188.98,1.4636,1.3862,0.1007,0.1522,0.092,0.0011
2913,0.00025,251.98,0.0,100.0,200.0,1090.0,63.0,63.0,151.98,51.98,838.02,188.98,1.4646,1.3862,0.043,0.1494,0.1321,0.017
2914,0.00025,251.98,0.0,100.0,200.0,1091.0,63.0,63.0,151.98,51.98,839.02,188.98,1.4655,1.3862,0.1013,0.152,0.0983,0.0082
2915,0.00025,251.98,0.0,100.0,200.0,1092.0,64.0,64.0,151.98,51.98,840.02,187.98,1.4664,1.3705,0.1141,0.1529,0.0921,0.0159
2916,0.00025,251.98,0.0,100.0,200.0,1093.0,64.0,64.0,151.98,51.98,841.02,187.98,1.4673,1.3705,0.1052,0.1512,0.1098,0.023
2917,0.00025,251.98,0.0,100.0,200.0,1094.0,64.0,64.0,151.98,51.98,842.02,187.98,1.4682,1.3705,0.1259,0.1522,0.102,0.0086
2918,0.00025,251.98,0.0,100.0,200.0,1095.0,64.0,64.0,151.98,51.98,843.02,187.98,1.4691,1.3705,0.1239,0.1525,0.1017,0.0109
2919,0.00025,251.98,0.0,100.0,200.0,1096.0,64.0,64.0,151.98,51.98,844.02,187.98,1.4701,1.3705,0.1378,0.1529,0.101,0.0064
2920,0.00025,251.98,0.0,100.0,200.0,1097.0,64.0,64.0,151.98,51.98,845.02,187.98,1.471,1.3705,0.1297,0.1536,0.0894,0.0034
2921,0.00025,251.98,0.0,100.0,200.0,1098.0,64.0,64.0,151.98,51.98,846.02,187.98,1.4719,1.3705,0.1016,0.1519,0.1173,0.0153
2922,0.00025,251.98,0.0,100.0,200.0,1099.0,64.0,64.0,151.98,51.98,847.02,187.98,1.4728,1.3705,0.1222,0.152,0.1046,0.0046
2923,0.00025,251.98,0.0,100.0,200.0,1100.0,64.0,64.0,151.98,51.98,848.02,187.98,1.4737,1.3705,0.1324,0.1525,0.0912,0.0083
2924,0.00025,251.98,0.0,100.0,200.0,1101.0,65.0,65.0,151.98,51.98,849.02,186.98,1.4746,1.355,0.1095,0.1514,0.0978,0.0119
2925,0.00025,251.98,0.0,100.0,200.0,1102.0,65.0,65.0,151.98,51.98,850.02,186.98,1.4755,1.355,0.0824,0.1519,0.089,0.016
2926,0.00025,251.98,0.0,100.0,200.0,1103.0,66.0,66.0,151.98,51.98,851.02,185.98,1.4764,1.3397,0.0833,0.1521,0.0856,0.0209
2927,0.00025,251.98,0.0,100.0,200.0,1104.0,67.0,67.0,151.98,51.98,852.02,184.98,1.4773,1.3247,0.0852,0.1524,0.0711,0.0164
2928,0.00025,251.98,0.0,100.0,200.0,1105.0,68.0,68.0,151.98,51.98,853.02,183.98,1.4782,1.3099,0.0572,0.1509,0.0809,0.0305
2929,0.00025,251.98,0.0,100.0,200.0,1106.0,69.0,69.0,151.98,51.98,854.02,182.98,1.4791,1.2953,0.063,0.1514,0.0738,0.0284
2930,0.00025,251.98,0.0,100.0,200.0,1107.0,70.0,70.0,151.98,51.98,855.02,181.98,1.48,1.2809,0.0813,0.1527,0.0566,0.0245
2931,0.00025,251.98,0.0,100.0,200.0,1108.0,72.0,71.0,151.98,51.98,856.02,180.98,1.4809,1.2667,0.0712,0.1522,0.0473,0.0266
2932,0.00025,251.98,0.0,100.0,200.0,1109.0,75.0,72.0,151.98,51.98,857.02,179.98,1.4818,1.2527,0.0845,0.1533,0.0208,0.0252
2933,0.00025,251.98,0.0,100.0,200.0,1110.0,76.0,73.0,151.98,51.98,858.02,178.98,1.4827,1.2389,0.093,0.154,0.0007,0.0194
2934,0.00025,251.98,0.0,100.0,200.0,1111.0,78.0,74.0,151.98,51.98,859.02,177.98,1.4836,1.2253,0.088,0.1538,0.0039,0.0255
2935,0.00025,251.98,0.0,100.0,200.0,1112.0,80.0,75.0,151.98,51.98,860.02,176.98,1.4845,1.2119,0.0917,0.1543,0.0143,0.0239
2936,0.00025,251.98,0.0,100.0,200.0,1113.0,81.0,76.0,151.98,51.98,861.02,175.98,1.4854,1.1986,0.1072,0.1555,0.0245,0.0195
2937,0.00025,251.98,0.0,100.0,200.0,1114.0,81.0,77.0,151.98,51.98,862.02,174.98,1.4863,1.1856,0.1064,0.1556,0.0337,0.025
2938,0.00025,251.98,0.0,100.0,200.0,1115.0,81.0,78.0,151.98,51.98,863.02,173.98,1.4872,1.1727,0.1198,0.1568,0.0512,0.0262
2939,0.00025,251.98,0.0,100.0,200.0,1116.0,80.0,79.0,151.98,51.98,864.02,172.98,1.4881,1.1599,0.1169,0.1567,0.0496,0.0299
2940,0.00025,251.98,0.0,100.0,200.0,1117.0,79.0,79.0,151.98,51.98,865.02,172.98,1.489,1.1599,0.1227,0.1579,0.0682,0.036
2941,0.00025,251.98,0.0,100.0,200.0,1118.0,78.0,78.0,151.98,51.98,866.02,173.98,1.4899,1.1727,0.123,0.1583,0.0799,0.0226
2942,0.00025,251.98,0.0,100.0,200.0,1119.0,77.0,77.0,151.98,51.98,867.02,174.98,1.4908,1.1856,0.0604,0.1569,0.0597,0.0269
2943,0.00025,251.98,0.0,100.0,200.0,1120.0,77.0,77.0,151.98,51.98,868.02,174.98,1.4917,1.1856,0.0819,0.1577,0.0698,0.0205
2944,0.00025,251.98,0.0,100.0,200.0,1121.0,77.0,77.0,151.98,51.98,869.02,174.98,1.4926,1.1856,0.0823,0.1578,0.0602,0.012
2945,0.00025,251.98,0.0,100.0,200.0,1122.0,76.0,76.0,151.98,51.98,870.02,175.98,1.4935,1.1986,0.0475,0.157,0.0751,0.0284
2946,0.00025,251.98,0.0,100.0,200.0,1123.0,75.0,75.0,151.98,51.98,871.02,176.98,1.4944,1.2119,0.0286,0.1561,0.0565,0.0304
2947,0.00025,251.98,0.0,100.0,200.0,1124.0,75.0,75.0,151.98,51.98,872.02,176.98,1.4953,1.2119,0.0026,0.1557,0.0547,0.0415
2948,0.00025,251.98,0.0,100.0,200.0,1125.0,74.0,74.0,151.98,51.98,873.02,177.98,1.4962,1.2253,0.0005,0.1558,0.0564,0.0397
2949,0.00025,251.98,0.0,100.0,200.0,1126.0,73.0,73.0,151.98,51.98,874.02,178.98,1.4971,1.2389,0.0371,0.1549,0.0551,0.0458
2950,0.00025,251.98,0.0,100.0,200.0,1127.0,72.0,72.0,151.98,51.98,875.02,179.98,1.4979,1.2527,0.0443,0.1554,0.0542,0.0519
2951,0.00025,251.98,0.0,100.0,200.0,1128.0,72.0,72.0,151.98,51.98,876.02,179.98,1.4988,1.2527,0.0881,0.1536,0.0437,0.0589
2952,0.00025,251.98,0.0,100.0,200.0,1129.0,71.0,71.0,151.98,51.98,877.02,180.98,1.4997,1.2667,0.1046,0.1536,0.0554,0.0543
2953,0.00025,251.98,0.0,100.0,200.0,1130.0,70.0,70.0,151.98,51.98,878.02,181.98,1.5006,1.2809,0.0823,0.1551,0.0745,0.0451
2954,0.00025,251.98,0.0,100.0,200.0,1131.0,69.0,69.0,151.98,51.98,879.02,182.98,1.5015,1.2953,0.0859,0.153,0.0467,0.0566
2955,0.00025,251.98,0.0,100.0,200.0,1132.0,69.0,69.0,151.98,51.98,880.02,182.98,1.5024,1.2953,0.0734,0.1535,0.0575,0.0535
2956,0.00025,251.98,0.0,100.0,200.0,1133.0,68.0,68.0,151.98,51.98,881.02,183.98,1.5033,1.3099,0.074,0.1532,0.0416,0.0623
2957,0.00025,251.98,0.0,100.0,200.0,1134.0,68.0,68.0,151.98,51.98,882.02,183.98,1.5041,1.3099,0.1004,0.1525,0.034,0.0672
2958,0.00025,251.98,0.0,100.0,200.0,1135.0,67.0,67.0,151.98,51.98,883.02,184.98,1.505,1.3247,0.1158,0.1517,0.0368,0.0689
2959,0.00025,251.98,0.0,100.0,200.0,1136.0,67.0,67.0,151.98,51.98,884.02,184.98,1.5059,1.3247,0.0984,0.1525,0.0463,0.0637
2960,0.00025,251.98,0.0,100.0,200.0,1137.0,67.0,67.0,151.98,51.98,885.02,184.98,1.5068,1.3247,0.1138,0.1531,0.0293,0.0532
2961,0.00025,251.98,0.0,100.0,200.0,1138.0,68.0,68.0,151.98,51.98,886.02,183.98,1.5077,1.3099,0.1131,0.1531,0.0212,0.0527
2962,0.00025,251.98,0.0,100.0,200.0,1139.0,68.0,68.0,151.98,51.98,887.02,183.98,1.5085,1.3099,0.1269,0.1506,0.009,0.0721
2963,0.00025,251.98,0.0,100.0,200.0,1140.0,69.0,69.0,151.98,51.98,888.02,182.98,1.5094,1.2953,0.1317,0.1503,0.0178,0.0724
2964,0.00025,251.98,0.0,100.0,200.0,1141.0,71.0,70.0,151.98,51.98,889.02,181.98,1.5103,1.2809,0.1289,0.1505,0.0364,0.069
2965,0.00025,251.98,0.0,100.0,200.0,1142.0,72.0,71.0,151.98,51.98,890.02,180.98,1.5112,1.2667,0.1303,0.1504,0.0512,0.0725
2966,0.00025,251.98,0.0,100.0,200.0,1143.0,74.0,72.0,151.98,51.98,891.02,179.98,1.512,1.2527,0.1416,0.1497,0.0529,0.0743
2967,0.00025,251.98,0.0,100.0,200.0,1144.0,76.0,73.0,151.98,51.98,892.02,178.98,1.5129,1.2389,0.1639,0.1482,0.0703,0.0792
2968,0.00025,251.98,0.0,100.0,200.0,1145.0,79.0,74.0,151.98,51.98,893.02,177.98,1.5138,1.2253,0.1598,0.1485,0.0954,0.0815
2969,0.00025,251.98,0.0,100.0,200.0,1146.0,81.0,75.0,151.98,51.98,894.02,176.98,1.5147,1.2119,0.1492,0.1491,0.0794,0.0744
2970,0.00025,251.98,0.0,100.0,200.0,1147.0,84.0,76.0,151.98,51.98,895.02,175.98,1.5155,1.1986,0.1392,0.1497,0.0758,0.0663
2971,0.00025,251.98,0.0,100.0,200.0,1148.0,86.0,77.0,151.98,51.98,896.02,174.98,1.5164,1.1856,0.1296,0.1504,0.0711,0.0694
2972,0.00025,251.98,0.0,100.0,200.0,1149.0,89.0,78.0,151.98,51.98,897.02,173.98,1.5173,1.1727,0.1391,0.1497,0.093,0.0739
2973,0.00025,251.98,0.0,100.0,200.0,1150.0,91.0,79.0,151.98,51.98,898.02,172.98,1.5182,1.1599,0.1434,0.1494,0.0933,0.0726
2974,0.00025,251.98,0.0,100.0,200.0,1151.0,92.0,80.0,151.98,51.98,899.02,171.98,1.519,1.1473,0.1502,0.1489,0.1077,0.0756
2975,0.00025,251.98,0.0,100.0,200.0,1152.0,92.0,81.0,151.98,51.98,900.02,170.98,1.5199,1.1349,0.1698,0.1475,0.1285,0.0805
2976,0.00025,251.98,0.0,100.0,200.0,1153.0,92.0,82.0,151.98,51.98,901.02,169.98,1.5208,1.1226,0.1647,0.1478,0.1378,0.0816
2977,0.00025,251.98,0.0,100.0,200.0,1154.0,91.0,83.0,151.98,51.98,902.02,168.98,1.5216,1.1105,0.1757,0.147,0.1706,0.0933
2978,0.00025,251.98,0.0,100.0,200.0,1155.0,91.0,84.0,151.98,51.98,903.02,167.98,1.5225,1.0985,0.1789,0.1467,0.1621,0.095
2979,0.00025,251.98,0.0,100.0,200.0,1156.0,90.0,85.0,151.98,51.98,904.02,166.98,1.5234,1.0867,0.1713,0.1472,0.1685,0.1026
2980,0.00025,251.98,0.0,100.0,200.0,1157.0,89.0,86.0,151.98,51.98,905.02,165.98,1.5242,1.075,0.1634,0.1478,0.1715,0.0988
2981,0.00025,251.98,0.0,100.0,200.0,1158.0,88.0,87.0,151.98,51.98,906.02,164.98,1.5251,1.0635,0.1576,0.1482,0.169,0.0898
2982,0.00025,251.98,0.0,100.0,200.0,1159.0,88.0,88.0,151.98,51.98,907.02,163.98,1.5259,1.052,0.1567,0.1482,0.163,0.0883
2983,0.00025,251.98,0.0,100.0,200.0,1160.0,87.0,87.0,151.98,51.98,908.02,164.98,1.5268,1.0635,0.1474,0.1475,0.1783,0.0951
2984,0.00025,251.98,0.0,100.0,200.0,1161.0,86.0,86.0,151.98,51.98,909.02,165.98,1.5277,1.075,0.1439,0.1467,0.1837,0.1033
2985,0.00025,251.98,0.0,100.0,200.0,1162.0,86.0,86.0,151.98,51.98,910.02,165.98,1.5285,1.075,0.1543,0.1466,0.1686,0.1051
2986,0.00025,251.98,0.0,100.0,200.0,1163.0,85.0,85.0,151.98,51.98,911.02,166.98,1.5294,1.0867,0.17,0.1458,0.1752,0.1001
2987,0.00025,251.98,0.0,100.0,200.0,1164.0,84.0,84.0,151.98,51.98,912.02,167.98,1.5303,1.0985,0.1827,0.1457,0.1844,0.0975
2988,0.00025,251.98,0.0,100.0,200.0,1165.0,83.0,83.0,151.98,51.98,913.02,168.98,1.5311,1.1105,0.1831,0.1455,0.1764,0.0998
2989,0.00025,251.98,0.0,100.0,200.0,1166.0,83.0,83.0,151.98,51.98,914.02,168.98,1.532,1.1105,0.1886,0.1458,0.1839,0.1009
2990,0.00025,251.98,0.0,100.0,200.0,1167.0,81.0,81.0,151.98,51.98,915.02,170.98,1.5328,1.1349,0.2317,0.1442,0.2083,0.1099
2991,0.00025,251.98,0.0,100.0,200.0,1168.0,80.0,80.0,151.98,51.98,916.02,171.98,1.5337,1.1473,0.2606,0.1429,0.2191,0.1088
2992,0.00025,251.98,0.0,100.0,200.0,1169.0,79.0,79.0,151.98,51.98,917.02,172.98,1.5345,1.1599,0.2117,0.1434,0.2099,0.1114
2993,0.00025,251.98,0.0,100.0,200.0,1170.0,77.0,77.0,151.98,51.98,918.02,174.98,1.5354,1.1856,0.25,0.1428,0.2342,0.1193
2994,0.00025,251.98,0.0,100.0,200.0,1171.0,76.0,76.0,151.98,51.98,919.02,175.98,1.5362,1.1986,0.2721,0.1427,0.2161,0.1231
2995,0.00025,251.98,0.0,100.0,200.0,1172.0,76.0,76.0,151.98,51.98,920.02,175.98,1.5371,1.1986,0.2726,0.1431,0.2077,0.1223
2996,0.00025,251.98,0.0,100.0,200.0,1173.0,76.0,76.0,151.98,51.98,921.02,175.98,1.538,1.1986,0.2907,0.1426,0.2019,0.1243
2997,0.00025,251.98,0.0,100.0,200.0,1174.0,75.0,75.0,151.98,51.98,922.02,176.98,1.5388,1.2119,0.271,0.1425,0.2037,0.1155
2998,0.00025,251.98,0.0,100.0,200.0,1175.0,75.0,75.0,151.98,51.98,923.02,176.98,1.5397,1.2119,0.279,0.1425,0.1904,0.1128
2999,0.00025,251.98,0.0,100.0,200.0,1176.0,75.0,75.0,151.98,51.98,924.02,176.98,1.5405,1.2119,0.2577,0.1428,0.1939,0.1199
